label,folder,L,T,epoch,variant,scale_pair_or_block,value
"T = 2.15  (low T, ordered)",data/32Ising_T2.15_hs_dataDriven,32,2.15,16500,gauge_v1_global,f_1->f_2,1.0773087739944458
"T = 2.15  (low T, ordered)",data/32Ising_T2.15_hs_dataDriven,32,2.15,16500,gauge_v1_perpos,f_1->f_2,0.9453571438789368
"T = 2.15  (low T, ordered)",data/32Ising_T2.15_hs_dataDriven,32,2.15,16500,gauge_v1_global,f_2->f_3,1.60205078125
"T = 2.15  (low T, ordered)",data/32Ising_T2.15_hs_dataDriven,32,2.15,16500,gauge_v1_perpos,f_2->f_3,1.7426607608795166
"T = 2.15  (low T, ordered)",data/32Ising_T2.15_hs_dataDriven,32,2.15,16500,gauge_v1_global,f_3->f_4,0.5171259045600891
"T = 2.15  (low T, ordered)",data/32Ising_T2.15_hs_dataDriven,32,2.15,16500,gauge_v1_perpos,f_3->f_4,0.5173568725585938
"T = 2.15  (low T, ordered)",data/32Ising_T2.15_hs_dataDriven,32,2.15,16500,gauge_v1_global,f_4->f_5,0.7836125493049622
"T = 2.15  (low T, ordered)",data/32Ising_T2.15_hs_dataDriven,32,2.15,16500,gauge_v1_perpos,f_4->f_5,0.7935735583305359
"T = 2.269 (T_c, hs_dataDriven)",data/32Ising_T2.269185314213022_hs_dataDriven,32,2.269185314213022,16000,gauge_v1_global,f_1->f_2,0.6104787588119507
"T = 2.269 (T_c, hs_dataDriven)",data/32Ising_T2.269185314213022_hs_dataDriven,32,2.269185314213022,16000,gauge_v1_perpos,f_1->f_2,0.8752205967903137
"T = 2.269 (T_c, hs_dataDriven)",data/32Ising_T2.269185314213022_hs_dataDriven,32,2.269185314213022,16000,gauge_v1_global,f_2->f_3,1.0610558986663818
"T = 2.269 (T_c, hs_dataDriven)",data/32Ising_T2.269185314213022_hs_dataDriven,32,2.269185314213022,16000,gauge_v1_perpos,f_2->f_3,0.35199448466300964
"T = 2.269 (T_c, hs_dataDriven)",data/32Ising_T2.269185314213022_hs_dataDriven,32,2.269185314213022,16000,gauge_v1_global,f_3->f_4,1.8593517541885376
"T = 2.269 (T_c, hs_dataDriven)",data/32Ising_T2.269185314213022_hs_dataDriven,32,2.269185314213022,16000,gauge_v1_perpos,f_3->f_4,1.9159607887268066
"T = 2.269 (T_c, hs_dataDriven)",data/32Ising_T2.269185314213022_hs_dataDriven,32,2.269185314213022,16000,gauge_v1_global,f_4->f_5,1.954939842224121
"T = 2.269 (T_c, hs_dataDriven)",data/32Ising_T2.269185314213022_hs_dataDriven,32,2.269185314213022,16000,gauge_v1_perpos,f_4->f_5,1.9192454814910889
"T = 2.269 (T_c, hs_bignet)",data/32Ising_T2.269_hs_bignet,32,2.269185314213022,9500,gauge_v1_global,f_1->f_2,2.659590721130371
"T = 2.269 (T_c, hs_bignet)",data/32Ising_T2.269_hs_bignet,32,2.269185314213022,9500,gauge_v1_perpos,f_1->f_2,2.734835147857666
"T = 2.269 (T_c, hs_bignet)",data/32Ising_T2.269_hs_bignet,32,2.269185314213022,9500,gauge_v1_global,f_2->f_3,1.7830349206924438
"T = 2.269 (T_c, hs_bignet)",data/32Ising_T2.269_hs_bignet,32,2.269185314213022,9500,gauge_v1_perpos,f_2->f_3,1.8073748350143433
"T = 2.269 (T_c, hs_bignet)",data/32Ising_T2.269_hs_bignet,32,2.269185314213022,9500,gauge_v1_global,f_3->f_4,0.5884701609611511
"T = 2.269 (T_c, hs_bignet)",data/32Ising_T2.269_hs_bignet,32,2.269185314213022,9500,gauge_v1_perpos,f_3->f_4,0.5552616119384766
"T = 2.269 (T_c, hs_bignet)",data/32Ising_T2.269_hs_bignet,32,2.269185314213022,9500,gauge_v1_global,f_4->f_5,1.9642553329467773
"T = 2.269 (T_c, hs_bignet)",data/32Ising_T2.269_hs_bignet,32,2.269185314213022,9500,gauge_v1_perpos,f_4->f_5,1.9695173501968384
T_c sym_bignet (rev-KL),data/32Ising_T2.269_sym_bignet,32,2.269,5950,gauge_v1_global,f_1->f_2,1.5265165567398071
T_c sym_bignet (rev-KL),data/32Ising_T2.269_sym_bignet,32,2.269,5950,gauge_v1_perpos,f_1->f_2,1.5404670238494873
T_c sym_bignet (rev-KL),data/32Ising_T2.269_sym_bignet,32,2.269,5950,gauge_v1_global,f_2->f_3,0.35197684168815613
T_c sym_bignet (rev-KL),data/32Ising_T2.269_sym_bignet,32,2.269,5950,gauge_v1_perpos,f_2->f_3,0.399036169052124
T_c sym_bignet (rev-KL),data/32Ising_T2.269_sym_bignet,32,2.269,5950,gauge_v1_global,f_3->f_4,0.02911262772977352
T_c sym_bignet (rev-KL),data/32Ising_T2.269_sym_bignet,32,2.269,5950,gauge_v1_perpos,f_3->f_4,0.019153928384184837
T_c sym_bignet (rev-KL),data/32Ising_T2.269_sym_bignet,32,2.269,5950,gauge_v1_global,f_4->f_5,0.017371194437146187
T_c sym_bignet (rev-KL),data/32Ising_T2.269_sym_bignet,32,2.269,5950,gauge_v1_perpos,f_4->f_5,3.614642992033623e-05
T_c pathgrad_bignet_long_ext (STL),data/32Ising_T2.269_pathgrad_bignet_long_ext,32,2.269,4950,gauge_v1_global,f_1->f_2,1.5904295444488525
T_c pathgrad_bignet_long_ext (STL),data/32Ising_T2.269_pathgrad_bignet_long_ext,32,2.269,4950,gauge_v1_perpos,f_1->f_2,1.6405609846115112
T_c pathgrad_bignet_long_ext (STL),data/32Ising_T2.269_pathgrad_bignet_long_ext,32,2.269,4950,gauge_v1_global,f_2->f_3,0.43848809599876404
T_c pathgrad_bignet_long_ext (STL),data/32Ising_T2.269_pathgrad_bignet_long_ext,32,2.269,4950,gauge_v1_perpos,f_2->f_3,0.49170252680778503
T_c pathgrad_bignet_long_ext (STL),data/32Ising_T2.269_pathgrad_bignet_long_ext,32,2.269,4950,gauge_v1_global,f_3->f_4,0.032856352627277374
T_c pathgrad_bignet_long_ext (STL),data/32Ising_T2.269_pathgrad_bignet_long_ext,32,2.269,4950,gauge_v1_perpos,f_3->f_4,0.017796726897358894
T_c pathgrad_bignet_long_ext (STL),data/32Ising_T2.269_pathgrad_bignet_long_ext,32,2.269,4950,gauge_v1_global,f_4->f_5,0.01877436228096485
T_c pathgrad_bignet_long_ext (STL),data/32Ising_T2.269_pathgrad_bignet_long_ext,32,2.269,4950,gauge_v1_perpos,f_4->f_5,6.128863606136292e-05
"T = 2.40  (high T, disorder)",data/32Ising_T2.4_hs_dataDriven,32,2.4,17000,gauge_v1_global,f_1->f_2,2.5236692428588867
"T = 2.40  (high T, disorder)",data/32Ising_T2.4_hs_dataDriven,32,2.4,17000,gauge_v1_perpos,f_1->f_2,2.489079713821411
"T = 2.40  (high T, disorder)",data/32Ising_T2.4_hs_dataDriven,32,2.4,17000,gauge_v1_global,f_2->f_3,1.9704532623291016
"T = 2.40  (high T, disorder)",data/32Ising_T2.4_hs_dataDriven,32,2.4,17000,gauge_v1_perpos,f_2->f_3,1.9652199745178223
"T = 2.40  (high T, disorder)",data/32Ising_T2.4_hs_dataDriven,32,2.4,17000,gauge_v1_global,f_3->f_4,0.36597612500190735
"T = 2.40  (high T, disorder)",data/32Ising_T2.4_hs_dataDriven,32,2.4,17000,gauge_v1_perpos,f_3->f_4,0.33544307947158813
"T = 2.40  (high T, disorder)",data/32Ising_T2.4_hs_dataDriven,32,2.4,17000,gauge_v1_global,f_4->f_5,0.17756611108779907
"T = 2.40  (high T, disorder)",data/32Ising_T2.4_hs_dataDriven,32,2.4,17000,gauge_v1_perpos,f_4->f_5,0.15397676825523376
L=32 baseline_b64,data/32Ising_T2.269_hsBignet_baseline_b64,32,2.269185314213022,19800,gauge_v1_global,f_1->f_2,2.214707136154175
L=32 baseline_b64,data/32Ising_T2.269_hsBignet_baseline_b64,32,2.269185314213022,19800,gauge_v1_perpos,f_1->f_2,2.3358702659606934
L=32 baseline_b64,data/32Ising_T2.269_hsBignet_baseline_b64,32,2.269185314213022,19800,gauge_v1_global,f_2->f_3,1.7266837358474731
L=32 baseline_b64,data/32Ising_T2.269_hsBignet_baseline_b64,32,2.269185314213022,19800,gauge_v1_perpos,f_2->f_3,1.7939337491989136
L=32 baseline_b64,data/32Ising_T2.269_hsBignet_baseline_b64,32,2.269185314213022,19800,gauge_v1_global,f_3->f_4,1.3416690826416016
L=32 baseline_b64,data/32Ising_T2.269_hsBignet_baseline_b64,32,2.269185314213022,19800,gauge_v1_perpos,f_3->f_4,1.3442325592041016
L=32 baseline_b64,data/32Ising_T2.269_hsBignet_baseline_b64,32,2.269185314213022,19800,gauge_v1_global,f_4->f_5,1.2595396041870117
L=32 baseline_b64,data/32Ising_T2.269_hsBignet_baseline_b64,32,2.269185314213022,19800,gauge_v1_perpos,f_4->f_5,1.2400621175765991
L=32 iii1_lam1.0_b64 (+III.1),data/32Ising_T2.269_hsBignet_iii1_lam1.0_b64,32,2.269185314213022,19800,gauge_v1_global,f_1->f_2,2.570228099822998
L=32 iii1_lam1.0_b64 (+III.1),data/32Ising_T2.269_hsBignet_iii1_lam1.0_b64,32,2.269185314213022,19800,gauge_v1_perpos,f_1->f_2,2.6264567375183105
L=32 iii1_lam1.0_b64 (+III.1),data/32Ising_T2.269_hsBignet_iii1_lam1.0_b64,32,2.269185314213022,19800,gauge_v1_global,f_2->f_3,0.18528766930103302
L=32 iii1_lam1.0_b64 (+III.1),data/32Ising_T2.269_hsBignet_iii1_lam1.0_b64,32,2.269185314213022,19800,gauge_v1_perpos,f_2->f_3,0.18356572091579437
L=32 iii1_lam1.0_b64 (+III.1),data/32Ising_T2.269_hsBignet_iii1_lam1.0_b64,32,2.269185314213022,19800,gauge_v1_global,f_3->f_4,0.3726181387901306
L=32 iii1_lam1.0_b64 (+III.1),data/32Ising_T2.269_hsBignet_iii1_lam1.0_b64,32,2.269185314213022,19800,gauge_v1_perpos,f_3->f_4,0.33879518508911133
L=32 iii1_lam1.0_b64 (+III.1),data/32Ising_T2.269_hsBignet_iii1_lam1.0_b64,32,2.269185314213022,19800,gauge_v1_global,f_4->f_5,0.10699520260095596
L=32 iii1_lam1.0_b64 (+III.1),data/32Ising_T2.269_hsBignet_iii1_lam1.0_b64,32,2.269185314213022,19800,gauge_v1_perpos,f_4->f_5,0.06013723090291023
L=32 i2_stride8h32_b64 (+I.2 cond),data/32Ising_T2.269_hsBignet_i2_stride8h32_b64,32,2.269185314213022,19800,gauge_v1_global,f_1->f_2,0.5803669691085815
L=32 i2_stride8h32_b64 (+I.2 cond),data/32Ising_T2.269_hsBignet_i2_stride8h32_b64,32,2.269185314213022,19800,gauge_v1_perpos,f_1->f_2,0.5233351588249207
L=32 i2_stride8h32_b64 (+I.2 cond),data/32Ising_T2.269_hsBignet_i2_stride8h32_b64,32,2.269185314213022,19800,gauge_v1_global,f_2->f_3,0.6445489525794983
L=32 i2_stride8h32_b64 (+I.2 cond),data/32Ising_T2.269_hsBignet_i2_stride8h32_b64,32,2.269185314213022,19800,gauge_v1_perpos,f_2->f_3,0.6608623266220093
L=32 i2_stride8h32_b64 (+I.2 cond),data/32Ising_T2.269_hsBignet_i2_stride8h32_b64,32,2.269185314213022,19800,gauge_v1_global,f_3->f_4,1.5886679887771606
L=32 i2_stride8h32_b64 (+I.2 cond),data/32Ising_T2.269_hsBignet_i2_stride8h32_b64,32,2.269185314213022,19800,gauge_v1_perpos,f_3->f_4,1.5754964351654053
L=32 i2_stride8h32_b64 (+I.2 cond),data/32Ising_T2.269_hsBignet_i2_stride8h32_b64,32,2.269185314213022,19800,gauge_v1_global,f_4->f_5,1.9462352991104126
L=32 i2_stride8h32_b64 (+I.2 cond),data/32Ising_T2.269_hsBignet_i2_stride8h32_b64,32,2.269185314213022,19800,gauge_v1_perpos,f_4->f_5,1.9262044429779053
L=32 combined_lam1.0_b64 (I.2+III.1),data/32Ising_T2.269_hsBignet_combined_lam1.0_stride8h32_b64,32,2.269185314213022,19800,gauge_v1_global,f_1->f_2,0.3466514050960541
L=32 combined_lam1.0_b64 (I.2+III.1),data/32Ising_T2.269_hsBignet_combined_lam1.0_stride8h32_b64,32,2.269185314213022,19800,gauge_v1_perpos,f_1->f_2,0.3354281187057495
L=32 combined_lam1.0_b64 (I.2+III.1),data/32Ising_T2.269_hsBignet_combined_lam1.0_stride8h32_b64,32,2.269185314213022,19800,gauge_v1_global,f_2->f_3,0.2666236460208893
L=32 combined_lam1.0_b64 (I.2+III.1),data/32Ising_T2.269_hsBignet_combined_lam1.0_stride8h32_b64,32,2.269185314213022,19800,gauge_v1_perpos,f_2->f_3,0.1846359819173813
L=32 combined_lam1.0_b64 (I.2+III.1),data/32Ising_T2.269_hsBignet_combined_lam1.0_stride8h32_b64,32,2.269185314213022,19800,gauge_v1_global,f_3->f_4,0.38822102546691895
L=32 combined_lam1.0_b64 (I.2+III.1),data/32Ising_T2.269_hsBignet_combined_lam1.0_stride8h32_b64,32,2.269185314213022,19800,gauge_v1_perpos,f_3->f_4,0.3645341992378235
L=32 combined_lam1.0_b64 (I.2+III.1),data/32Ising_T2.269_hsBignet_combined_lam1.0_stride8h32_b64,32,2.269185314213022,19800,gauge_v1_global,f_4->f_5,0.08863929659128189
L=32 combined_lam1.0_b64 (I.2+III.1),data/32Ising_T2.269_hsBignet_combined_lam1.0_stride8h32_b64,32,2.269185314213022,19800,gauge_v1_perpos,f_4->f_5,0.05358798801898956
L=32 iii1_lam0.1_b64,data/32Ising_T2.269_hsBignet_iii1_lam0.1_b64,32,2.269185314213022,19800,gauge_v1_global,f_1->f_2,2.2376654148101807
L=32 iii1_lam0.1_b64,data/32Ising_T2.269_hsBignet_iii1_lam0.1_b64,32,2.269185314213022,19800,gauge_v1_perpos,f_1->f_2,2.3494904041290283
L=32 iii1_lam0.1_b64,data/32Ising_T2.269_hsBignet_iii1_lam0.1_b64,32,2.269185314213022,19800,gauge_v1_global,f_2->f_3,0.5705745220184326
L=32 iii1_lam0.1_b64,data/32Ising_T2.269_hsBignet_iii1_lam0.1_b64,32,2.269185314213022,19800,gauge_v1_perpos,f_2->f_3,0.5121614933013916
L=32 iii1_lam0.1_b64,data/32Ising_T2.269_hsBignet_iii1_lam0.1_b64,32,2.269185314213022,19800,gauge_v1_global,f_3->f_4,1.4874156713485718
L=32 iii1_lam0.1_b64,data/32Ising_T2.269_hsBignet_iii1_lam0.1_b64,32,2.269185314213022,19800,gauge_v1_perpos,f_3->f_4,1.5452066659927368
L=32 iii1_lam0.1_b64,data/32Ising_T2.269_hsBignet_iii1_lam0.1_b64,32,2.269185314213022,19800,gauge_v1_global,f_4->f_5,1.4126932621002197
L=32 iii1_lam0.1_b64,data/32Ising_T2.269_hsBignet_iii1_lam0.1_b64,32,2.269185314213022,19800,gauge_v1_perpos,f_4->f_5,1.3998435735702515
L=32 iii1_lam10.0_b64,data/32Ising_T2.269_hsBignet_iii1_lam10.0_b64,32,2.269185314213022,19800,gauge_v1_global,f_1->f_2,2.3956305980682373
L=32 iii1_lam10.0_b64,data/32Ising_T2.269_hsBignet_iii1_lam10.0_b64,32,2.269185314213022,19800,gauge_v1_perpos,f_1->f_2,2.24332594871521
L=32 iii1_lam10.0_b64,data/32Ising_T2.269_hsBignet_iii1_lam10.0_b64,32,2.269185314213022,19800,gauge_v1_global,f_2->f_3,0.04077669605612755
L=32 iii1_lam10.0_b64,data/32Ising_T2.269_hsBignet_iii1_lam10.0_b64,32,2.269185314213022,19800,gauge_v1_perpos,f_2->f_3,0.029131365939974785
L=32 iii1_lam10.0_b64,data/32Ising_T2.269_hsBignet_iii1_lam10.0_b64,32,2.269185314213022,19800,gauge_v1_global,f_3->f_4,0.012386349961161613
L=32 iii1_lam10.0_b64,data/32Ising_T2.269_hsBignet_iii1_lam10.0_b64,32,2.269185314213022,19800,gauge_v1_perpos,f_3->f_4,0.0065907868556678295
L=32 iii1_lam10.0_b64,data/32Ising_T2.269_hsBignet_iii1_lam10.0_b64,32,2.269185314213022,19800,gauge_v1_global,f_4->f_5,0.007205442991107702
L=32 iii1_lam10.0_b64,data/32Ising_T2.269_hsBignet_iii1_lam10.0_b64,32,2.269185314213022,19800,gauge_v1_perpos,f_4->f_5,8.651755223354485e-08
L=32 i2_stride4h32 (b128),data/32Ising_T2.269_hsBignet_i2_stride4h32,32,2.269185314213022,19800,gauge_v1_global,f_1->f_2,0.633399486541748
L=32 i2_stride4h32 (b128),data/32Ising_T2.269_hsBignet_i2_stride4h32,32,2.269185314213022,19800,gauge_v1_perpos,f_1->f_2,0.615646243095398
L=32 i2_stride4h32 (b128),data/32Ising_T2.269_hsBignet_i2_stride4h32,32,2.269185314213022,19800,gauge_v1_global,f_2->f_3,0.6789578199386597
L=32 i2_stride4h32 (b128),data/32Ising_T2.269_hsBignet_i2_stride4h32,32,2.269185314213022,19800,gauge_v1_perpos,f_2->f_3,0.704576313495636
L=32 i2_stride4h32 (b128),data/32Ising_T2.269_hsBignet_i2_stride4h32,32,2.269185314213022,19800,gauge_v1_global,f_3->f_4,0.17123466730117798
L=32 i2_stride4h32 (b128),data/32Ising_T2.269_hsBignet_i2_stride4h32,32,2.269185314213022,19800,gauge_v1_perpos,f_3->f_4,0.0874948725104332
L=32 i2_stride4h32 (b128),data/32Ising_T2.269_hsBignet_i2_stride4h32,32,2.269185314213022,19800,gauge_v1_global,f_4->f_5,0.08108064532279968
L=32 i2_stride4h32 (b128),data/32Ising_T2.269_hsBignet_i2_stride4h32,32,2.269185314213022,19800,gauge_v1_perpos,f_4->f_5,0.03405547887086868
L=32 i2_stride16h32 (b128),data/32Ising_T2.269_hsBignet_i2_stride16h32,32,2.269185314213022,19800,gauge_v1_global,f_1->f_2,0.5079965591430664
L=32 i2_stride16h32 (b128),data/32Ising_T2.269_hsBignet_i2_stride16h32,32,2.269185314213022,19800,gauge_v1_perpos,f_1->f_2,0.41050565242767334
L=32 i2_stride16h32 (b128),data/32Ising_T2.269_hsBignet_i2_stride16h32,32,2.269185314213022,19800,gauge_v1_global,f_2->f_3,0.586825966835022
L=32 i2_stride16h32 (b128),data/32Ising_T2.269_hsBignet_i2_stride16h32,32,2.269185314213022,19800,gauge_v1_perpos,f_2->f_3,0.5514323711395264
L=32 i2_stride16h32 (b128),data/32Ising_T2.269_hsBignet_i2_stride16h32,32,2.269185314213022,19800,gauge_v1_global,f_3->f_4,0.6964033246040344
L=32 i2_stride16h32 (b128),data/32Ising_T2.269_hsBignet_i2_stride16h32,32,2.269185314213022,19800,gauge_v1_perpos,f_3->f_4,0.6347215175628662
L=32 i2_stride16h32 (b128),data/32Ising_T2.269_hsBignet_i2_stride16h32,32,2.269185314213022,19800,gauge_v1_global,f_4->f_5,0.09382708370685577
L=32 i2_stride16h32 (b128),data/32Ising_T2.269_hsBignet_i2_stride16h32,32,2.269185314213022,19800,gauge_v1_perpos,f_4->f_5,0.04404081404209137
L=32 i1_df4.0 (Student-t b128),data/32Ising_T2.269_hsBignet_i1_df4.0,32,2.269185314213022,19800,gauge_v1_global,f_1->f_2,0.5781630873680115
L=32 i1_df4.0 (Student-t b128),data/32Ising_T2.269_hsBignet_i1_df4.0,32,2.269185314213022,19800,gauge_v1_perpos,f_1->f_2,0.48075976967811584
L=32 i1_df4.0 (Student-t b128),data/32Ising_T2.269_hsBignet_i1_df4.0,32,2.269185314213022,19800,gauge_v1_global,f_2->f_3,0.2597576975822449
L=32 i1_df4.0 (Student-t b128),data/32Ising_T2.269_hsBignet_i1_df4.0,32,2.269185314213022,19800,gauge_v1_perpos,f_2->f_3,0.22276714444160461
L=32 i1_df4.0 (Student-t b128),data/32Ising_T2.269_hsBignet_i1_df4.0,32,2.269185314213022,19800,gauge_v1_global,f_3->f_4,1.12260103225708
L=32 i1_df4.0 (Student-t b128),data/32Ising_T2.269_hsBignet_i1_df4.0,32,2.269185314213022,19800,gauge_v1_perpos,f_3->f_4,1.10273015499115
L=32 i1_df4.0 (Student-t b128),data/32Ising_T2.269_hsBignet_i1_df4.0,32,2.269185314213022,19800,gauge_v1_global,f_4->f_5,1.1619653701782227
L=32 i1_df4.0 (Student-t b128),data/32Ising_T2.269_hsBignet_i1_df4.0,32,2.269185314213022,19800,gauge_v1_perpos,f_4->f_5,1.0854909420013428
L=64 baseline_b16,data/64Ising_T2.269_hsBignet_baseline_b16,64,2.269185314213022,19800,gauge_v1_global,f_1->f_2,0.46979013085365295
L=64 baseline_b16,data/64Ising_T2.269_hsBignet_baseline_b16,64,2.269185314213022,19800,gauge_v1_perpos,f_1->f_2,0.4429722726345062
L=64 baseline_b16,data/64Ising_T2.269_hsBignet_baseline_b16,64,2.269185314213022,19800,gauge_v1_global,f_2->f_3,0.15710176527500153
L=64 baseline_b16,data/64Ising_T2.269_hsBignet_baseline_b16,64,2.269185314213022,19800,gauge_v1_perpos,f_2->f_3,0.12931108474731445
L=64 baseline_b16,data/64Ising_T2.269_hsBignet_baseline_b16,64,2.269185314213022,19800,gauge_v1_global,f_3->f_4,0.10222901403903961
L=64 baseline_b16,data/64Ising_T2.269_hsBignet_baseline_b16,64,2.269185314213022,19800,gauge_v1_perpos,f_3->f_4,0.06191514804959297
L=64 baseline_b16,data/64Ising_T2.269_hsBignet_baseline_b16,64,2.269185314213022,19800,gauge_v1_global,f_4->f_5,0.1366945505142212
L=64 baseline_b16,data/64Ising_T2.269_hsBignet_baseline_b16,64,2.269185314213022,19800,gauge_v1_perpos,f_4->f_5,0.13369373977184296
L=64 baseline_b16,data/64Ising_T2.269_hsBignet_baseline_b16,64,2.269185314213022,19800,gauge_v1_global,f_5->f_6,0.19566071033477783
L=64 baseline_b16,data/64Ising_T2.269_hsBignet_baseline_b16,64,2.269185314213022,19800,gauge_v1_perpos,f_5->f_6,0.1621377021074295
L=64 iii1_lam1.0_b16 (+III.1),data/64Ising_T2.269_hsBignet_iii1_lam1.0_b16,64,2.269185314213022,19800,gauge_v1_global,f_1->f_2,0.3236112892627716
L=64 iii1_lam1.0_b16 (+III.1),data/64Ising_T2.269_hsBignet_iii1_lam1.0_b16,64,2.269185314213022,19800,gauge_v1_perpos,f_1->f_2,0.32654279470443726
L=64 iii1_lam1.0_b16 (+III.1),data/64Ising_T2.269_hsBignet_iii1_lam1.0_b16,64,2.269185314213022,19800,gauge_v1_global,f_2->f_3,0.1335073858499527
L=64 iii1_lam1.0_b16 (+III.1),data/64Ising_T2.269_hsBignet_iii1_lam1.0_b16,64,2.269185314213022,19800,gauge_v1_perpos,f_2->f_3,0.12275709211826324
L=64 iii1_lam1.0_b16 (+III.1),data/64Ising_T2.269_hsBignet_iii1_lam1.0_b16,64,2.269185314213022,19800,gauge_v1_global,f_3->f_4,0.139175146818161
L=64 iii1_lam1.0_b16 (+III.1),data/64Ising_T2.269_hsBignet_iii1_lam1.0_b16,64,2.269185314213022,19800,gauge_v1_perpos,f_3->f_4,0.13479864597320557
L=64 iii1_lam1.0_b16 (+III.1),data/64Ising_T2.269_hsBignet_iii1_lam1.0_b16,64,2.269185314213022,19800,gauge_v1_global,f_4->f_5,0.3864936828613281
L=64 iii1_lam1.0_b16 (+III.1),data/64Ising_T2.269_hsBignet_iii1_lam1.0_b16,64,2.269185314213022,19800,gauge_v1_perpos,f_4->f_5,0.3747289180755615
L=64 iii1_lam1.0_b16 (+III.1),data/64Ising_T2.269_hsBignet_iii1_lam1.0_b16,64,2.269185314213022,19800,gauge_v1_global,f_5->f_6,0.03527454659342766
L=64 iii1_lam1.0_b16 (+III.1),data/64Ising_T2.269_hsBignet_iii1_lam1.0_b16,64,2.269185314213022,19800,gauge_v1_perpos,f_5->f_6,0.03498983383178711
L=64 i2_stride16h32_b16 (+I.2),data/64Ising_T2.269_hsBignet_i2_stride16h32_b16,64,2.269185314213022,19800,gauge_v1_global,f_1->f_2,2.539635419845581
L=64 i2_stride16h32_b16 (+I.2),data/64Ising_T2.269_hsBignet_i2_stride16h32_b16,64,2.269185314213022,19800,gauge_v1_perpos,f_1->f_2,2.4978065490722656
L=64 i2_stride16h32_b16 (+I.2),data/64Ising_T2.269_hsBignet_i2_stride16h32_b16,64,2.269185314213022,19800,gauge_v1_global,f_2->f_3,1.5353105068206787
L=64 i2_stride16h32_b16 (+I.2),data/64Ising_T2.269_hsBignet_i2_stride16h32_b16,64,2.269185314213022,19800,gauge_v1_perpos,f_2->f_3,1.4957116842269897
L=64 i2_stride16h32_b16 (+I.2),data/64Ising_T2.269_hsBignet_i2_stride16h32_b16,64,2.269185314213022,19800,gauge_v1_global,f_3->f_4,1.6481670141220093
L=64 i2_stride16h32_b16 (+I.2),data/64Ising_T2.269_hsBignet_i2_stride16h32_b16,64,2.269185314213022,19800,gauge_v1_perpos,f_3->f_4,1.574763298034668
L=64 i2_stride16h32_b16 (+I.2),data/64Ising_T2.269_hsBignet_i2_stride16h32_b16,64,2.269185314213022,19800,gauge_v1_global,f_4->f_5,0.34886470437049866
L=64 i2_stride16h32_b16 (+I.2),data/64Ising_T2.269_hsBignet_i2_stride16h32_b16,64,2.269185314213022,19800,gauge_v1_perpos,f_4->f_5,0.3351779878139496
L=64 i2_stride16h32_b16 (+I.2),data/64Ising_T2.269_hsBignet_i2_stride16h32_b16,64,2.269185314213022,19800,gauge_v1_global,f_5->f_6,0.06993643194437027
L=64 i2_stride16h32_b16 (+I.2),data/64Ising_T2.269_hsBignet_i2_stride16h32_b16,64,2.269185314213022,19800,gauge_v1_perpos,f_5->f_6,0.04530831798911095
L=64 i1_df4.0_b16 (Student-t),data/64Ising_T2.269_hsBignet_i1_df4.0_b16,64,2.269185314213022,19800,gauge_v1_global,f_1->f_2,0.9624385833740234
L=64 i1_df4.0_b16 (Student-t),data/64Ising_T2.269_hsBignet_i1_df4.0_b16,64,2.269185314213022,19800,gauge_v1_perpos,f_1->f_2,0.9194748997688293
L=64 i1_df4.0_b16 (Student-t),data/64Ising_T2.269_hsBignet_i1_df4.0_b16,64,2.269185314213022,19800,gauge_v1_global,f_2->f_3,0.8980011940002441
L=64 i1_df4.0_b16 (Student-t),data/64Ising_T2.269_hsBignet_i1_df4.0_b16,64,2.269185314213022,19800,gauge_v1_perpos,f_2->f_3,0.8786411285400391
L=64 i1_df4.0_b16 (Student-t),data/64Ising_T2.269_hsBignet_i1_df4.0_b16,64,2.269185314213022,19800,gauge_v1_global,f_3->f_4,0.21948334574699402
L=64 i1_df4.0_b16 (Student-t),data/64Ising_T2.269_hsBignet_i1_df4.0_b16,64,2.269185314213022,19800,gauge_v1_perpos,f_3->f_4,0.2128184288740158
L=64 i1_df4.0_b16 (Student-t),data/64Ising_T2.269_hsBignet_i1_df4.0_b16,64,2.269185314213022,19800,gauge_v1_global,f_4->f_5,0.44406571984291077
L=64 i1_df4.0_b16 (Student-t),data/64Ising_T2.269_hsBignet_i1_df4.0_b16,64,2.269185314213022,19800,gauge_v1_perpos,f_4->f_5,0.49993348121643066
L=64 i1_df4.0_b16 (Student-t),data/64Ising_T2.269_hsBignet_i1_df4.0_b16,64,2.269185314213022,19800,gauge_v1_global,f_5->f_6,0.06830715388059616
L=64 i1_df4.0_b16 (Student-t),data/64Ising_T2.269_hsBignet_i1_df4.0_b16,64,2.269185314213022,19800,gauge_v1_perpos,f_5->f_6,0.03279458358883858
L=32 i2_stride4h32_b64 (Phase-2),data/32Ising_T2.269_hsBignet_i2_stride4h32_b64,32,2.269185314213022,19800,gauge_v1_global,f_1->f_2,0.7159906029701233
L=32 i2_stride4h32_b64 (Phase-2),data/32Ising_T2.269_hsBignet_i2_stride4h32_b64,32,2.269185314213022,19800,gauge_v1_perpos,f_1->f_2,0.6308137774467468
L=32 i2_stride4h32_b64 (Phase-2),data/32Ising_T2.269_hsBignet_i2_stride4h32_b64,32,2.269185314213022,19800,gauge_v1_global,f_2->f_3,0.5159496665000916
L=32 i2_stride4h32_b64 (Phase-2),data/32Ising_T2.269_hsBignet_i2_stride4h32_b64,32,2.269185314213022,19800,gauge_v1_perpos,f_2->f_3,0.5873920321464539
L=32 i2_stride4h32_b64 (Phase-2),data/32Ising_T2.269_hsBignet_i2_stride4h32_b64,32,2.269185314213022,19800,gauge_v1_global,f_3->f_4,0.08461905270814896
L=32 i2_stride4h32_b64 (Phase-2),data/32Ising_T2.269_hsBignet_i2_stride4h32_b64,32,2.269185314213022,19800,gauge_v1_perpos,f_3->f_4,0.06558243930339813
L=32 i2_stride4h32_b64 (Phase-2),data/32Ising_T2.269_hsBignet_i2_stride4h32_b64,32,2.269185314213022,19800,gauge_v1_global,f_4->f_5,0.06703663617372513
L=32 i2_stride4h32_b64 (Phase-2),data/32Ising_T2.269_hsBignet_i2_stride4h32_b64,32,2.269185314213022,19800,gauge_v1_perpos,f_4->f_5,0.02889278344810009
L=32 i2_stride8h64_b64 (Phase-2),data/32Ising_T2.269_hsBignet_i2_stride8h64_b64,32,2.269185314213022,19800,gauge_v1_global,f_1->f_2,2.4646613597869873
L=32 i2_stride8h64_b64 (Phase-2),data/32Ising_T2.269_hsBignet_i2_stride8h64_b64,32,2.269185314213022,19800,gauge_v1_perpos,f_1->f_2,2.4745383262634277
L=32 i2_stride8h64_b64 (Phase-2),data/32Ising_T2.269_hsBignet_i2_stride8h64_b64,32,2.269185314213022,19800,gauge_v1_global,f_2->f_3,0.1651902049779892
L=32 i2_stride8h64_b64 (Phase-2),data/32Ising_T2.269_hsBignet_i2_stride8h64_b64,32,2.269185314213022,19800,gauge_v1_perpos,f_2->f_3,0.12630203366279602
L=32 i2_stride8h64_b64 (Phase-2),data/32Ising_T2.269_hsBignet_i2_stride8h64_b64,32,2.269185314213022,19800,gauge_v1_global,f_3->f_4,0.6228196024894714
L=32 i2_stride8h64_b64 (Phase-2),data/32Ising_T2.269_hsBignet_i2_stride8h64_b64,32,2.269185314213022,19800,gauge_v1_perpos,f_3->f_4,0.6094207763671875
L=32 i2_stride8h64_b64 (Phase-2),data/32Ising_T2.269_hsBignet_i2_stride8h64_b64,32,2.269185314213022,19800,gauge_v1_global,f_4->f_5,0.11855851858854294
L=32 i2_stride8h64_b64 (Phase-2),data/32Ising_T2.269_hsBignet_i2_stride8h64_b64,32,2.269185314213022,19800,gauge_v1_perpos,f_4->f_5,0.05383959785103798
L=64 i2_stride8h32_b16 (Phase-2),data/64Ising_T2.269_hsBignet_i2_stride8h32_b16,64,2.269185314213022,19800,gauge_v1_global,f_1->f_2,1.1248877048492432
L=64 i2_stride8h32_b16 (Phase-2),data/64Ising_T2.269_hsBignet_i2_stride8h32_b16,64,2.269185314213022,19800,gauge_v1_perpos,f_1->f_2,1.1186333894729614
L=64 i2_stride8h32_b16 (Phase-2),data/64Ising_T2.269_hsBignet_i2_stride8h32_b16,64,2.269185314213022,19800,gauge_v1_global,f_2->f_3,0.7781224846839905
L=64 i2_stride8h32_b16 (Phase-2),data/64Ising_T2.269_hsBignet_i2_stride8h32_b16,64,2.269185314213022,19800,gauge_v1_perpos,f_2->f_3,0.8129801750183105
L=64 i2_stride8h32_b16 (Phase-2),data/64Ising_T2.269_hsBignet_i2_stride8h32_b16,64,2.269185314213022,19800,gauge_v1_global,f_3->f_4,0.41012200713157654
L=64 i2_stride8h32_b16 (Phase-2),data/64Ising_T2.269_hsBignet_i2_stride8h32_b16,64,2.269185314213022,19800,gauge_v1_perpos,f_3->f_4,0.3339381217956543
L=64 i2_stride8h32_b16 (Phase-2),data/64Ising_T2.269_hsBignet_i2_stride8h32_b16,64,2.269185314213022,19800,gauge_v1_global,f_4->f_5,0.3854736387729645
L=64 i2_stride8h32_b16 (Phase-2),data/64Ising_T2.269_hsBignet_i2_stride8h32_b16,64,2.269185314213022,19800,gauge_v1_perpos,f_4->f_5,0.4269435405731201
L=64 i2_stride8h32_b16 (Phase-2),data/64Ising_T2.269_hsBignet_i2_stride8h32_b16,64,2.269185314213022,19800,gauge_v1_global,f_5->f_6,0.05709001421928406
L=64 i2_stride8h32_b16 (Phase-2),data/64Ising_T2.269_hsBignet_i2_stride8h32_b16,64,2.269185314213022,19800,gauge_v1_perpos,f_5->f_6,0.034478191286325455
L=64 i2_stride4h32_b16 (Phase-2),data/64Ising_T2.269_hsBignet_i2_stride4h32_b16,64,2.269185314213022,19800,gauge_v1_global,f_1->f_2,2.0881547927856445
L=64 i2_stride4h32_b16 (Phase-2),data/64Ising_T2.269_hsBignet_i2_stride4h32_b16,64,2.269185314213022,19800,gauge_v1_perpos,f_1->f_2,2.0895962715148926
L=64 i2_stride4h32_b16 (Phase-2),data/64Ising_T2.269_hsBignet_i2_stride4h32_b16,64,2.269185314213022,19800,gauge_v1_global,f_2->f_3,2.054564952850342
L=64 i2_stride4h32_b16 (Phase-2),data/64Ising_T2.269_hsBignet_i2_stride4h32_b16,64,2.269185314213022,19800,gauge_v1_perpos,f_2->f_3,2.0335843563079834
L=64 i2_stride4h32_b16 (Phase-2),data/64Ising_T2.269_hsBignet_i2_stride4h32_b16,64,2.269185314213022,19800,gauge_v1_global,f_3->f_4,1.8235927820205688
L=64 i2_stride4h32_b16 (Phase-2),data/64Ising_T2.269_hsBignet_i2_stride4h32_b16,64,2.269185314213022,19800,gauge_v1_perpos,f_3->f_4,1.6886481046676636
L=64 i2_stride4h32_b16 (Phase-2),data/64Ising_T2.269_hsBignet_i2_stride4h32_b16,64,2.269185314213022,19800,gauge_v1_global,f_4->f_5,0.32774630188941956
L=64 i2_stride4h32_b16 (Phase-2),data/64Ising_T2.269_hsBignet_i2_stride4h32_b16,64,2.269185314213022,19800,gauge_v1_perpos,f_4->f_5,0.35906898975372314
L=64 i2_stride4h32_b16 (Phase-2),data/64Ising_T2.269_hsBignet_i2_stride4h32_b16,64,2.269185314213022,19800,gauge_v1_global,f_5->f_6,0.07742699980735779
L=64 i2_stride4h32_b16 (Phase-2),data/64Ising_T2.269_hsBignet_i2_stride4h32_b16,64,2.269185314213022,19800,gauge_v1_perpos,f_5->f_6,0.059056513011455536
L=64 i2_stride8h64_b16 (Phase-2),data/64Ising_T2.269_hsBignet_i2_stride8h64_b16,64,2.269185314213022,19800,gauge_v1_global,f_1->f_2,2.361377477645874
L=64 i2_stride8h64_b16 (Phase-2),data/64Ising_T2.269_hsBignet_i2_stride8h64_b16,64,2.269185314213022,19800,gauge_v1_perpos,f_1->f_2,2.520075559616089
L=64 i2_stride8h64_b16 (Phase-2),data/64Ising_T2.269_hsBignet_i2_stride8h64_b16,64,2.269185314213022,19800,gauge_v1_global,f_2->f_3,1.9083319902420044
L=64 i2_stride8h64_b16 (Phase-2),data/64Ising_T2.269_hsBignet_i2_stride8h64_b16,64,2.269185314213022,19800,gauge_v1_perpos,f_2->f_3,1.8916244506835938
L=64 i2_stride8h64_b16 (Phase-2),data/64Ising_T2.269_hsBignet_i2_stride8h64_b16,64,2.269185314213022,19800,gauge_v1_global,f_3->f_4,1.759873628616333
L=64 i2_stride8h64_b16 (Phase-2),data/64Ising_T2.269_hsBignet_i2_stride8h64_b16,64,2.269185314213022,19800,gauge_v1_perpos,f_3->f_4,1.8329554796218872
L=64 i2_stride8h64_b16 (Phase-2),data/64Ising_T2.269_hsBignet_i2_stride8h64_b16,64,2.269185314213022,19800,gauge_v1_global,f_4->f_5,0.23936843872070312
L=64 i2_stride8h64_b16 (Phase-2),data/64Ising_T2.269_hsBignet_i2_stride8h64_b16,64,2.269185314213022,19800,gauge_v1_perpos,f_4->f_5,0.2386295199394226
L=64 i2_stride8h64_b16 (Phase-2),data/64Ising_T2.269_hsBignet_i2_stride8h64_b16,64,2.269185314213022,19800,gauge_v1_global,f_5->f_6,0.05803583189845085
L=64 i2_stride8h64_b16 (Phase-2),data/64Ising_T2.269_hsBignet_i2_stride8h64_b16,64,2.269185314213022,19800,gauge_v1_perpos,f_5->f_6,0.035130493342876434
L=64 i2_stride4h64_b16 (Phase-2),data/64Ising_T2.269_hsBignet_i2_stride4h64_b16,64,2.269185314213022,19800,gauge_v1_global,f_1->f_2,1.2225558757781982
L=64 i2_stride4h64_b16 (Phase-2),data/64Ising_T2.269_hsBignet_i2_stride4h64_b16,64,2.269185314213022,19800,gauge_v1_perpos,f_1->f_2,1.2029162645339966
L=64 i2_stride4h64_b16 (Phase-2),data/64Ising_T2.269_hsBignet_i2_stride4h64_b16,64,2.269185314213022,19800,gauge_v1_global,f_2->f_3,0.39669981598854065
L=64 i2_stride4h64_b16 (Phase-2),data/64Ising_T2.269_hsBignet_i2_stride4h64_b16,64,2.269185314213022,19800,gauge_v1_perpos,f_2->f_3,0.35604262351989746
L=64 i2_stride4h64_b16 (Phase-2),data/64Ising_T2.269_hsBignet_i2_stride4h64_b16,64,2.269185314213022,19800,gauge_v1_global,f_3->f_4,0.06838924437761307
L=64 i2_stride4h64_b16 (Phase-2),data/64Ising_T2.269_hsBignet_i2_stride4h64_b16,64,2.269185314213022,19800,gauge_v1_perpos,f_3->f_4,0.06872601807117462
L=64 i2_stride4h64_b16 (Phase-2),data/64Ising_T2.269_hsBignet_i2_stride4h64_b16,64,2.269185314213022,19800,gauge_v1_global,f_4->f_5,0.131132572889328
L=64 i2_stride4h64_b16 (Phase-2),data/64Ising_T2.269_hsBignet_i2_stride4h64_b16,64,2.269185314213022,19800,gauge_v1_perpos,f_4->f_5,0.10170893371105194
L=64 i2_stride4h64_b16 (Phase-2),data/64Ising_T2.269_hsBignet_i2_stride4h64_b16,64,2.269185314213022,19800,gauge_v1_global,f_5->f_6,0.03902793675661087
L=64 i2_stride4h64_b16 (Phase-2),data/64Ising_T2.269_hsBignet_i2_stride4h64_b16,64,2.269185314213022,19800,gauge_v1_perpos,f_5->f_6,0.025028206408023834
"T = 2.15  (low T, ordered)",data/32Ising_T2.15_hs_dataDriven,32,2.15,16500,gauge_v2_chain,f_1->f_2,0.7387501001358032
"T = 2.15  (low T, ordered)",data/32Ising_T2.15_hs_dataDriven,32,2.15,16500,gauge_v2_chain,f_2->f_3,0.5177769660949707
"T = 2.15  (low T, ordered)",data/32Ising_T2.15_hs_dataDriven,32,2.15,16500,gauge_v2_chain,f_3->f_4,1.313628077507019
"T = 2.15  (low T, ordered)",data/32Ising_T2.15_hs_dataDriven,32,2.15,16500,gauge_v2_chain,f_4->f_5,0.751836895942688
"T = 2.269 (T_c, hs_dataDriven)",data/32Ising_T2.269185314213022_hs_dataDriven,32,2.269185314213022,16000,gauge_v2_chain,f_1->f_2,0.6593074798583984
"T = 2.269 (T_c, hs_dataDriven)",data/32Ising_T2.269185314213022_hs_dataDriven,32,2.269185314213022,16000,gauge_v2_chain,f_2->f_3,0.6588379144668579
"T = 2.269 (T_c, hs_dataDriven)",data/32Ising_T2.269185314213022_hs_dataDriven,32,2.269185314213022,16000,gauge_v2_chain,f_3->f_4,0.34139570593833923
"T = 2.269 (T_c, hs_dataDriven)",data/32Ising_T2.269185314213022_hs_dataDriven,32,2.269185314213022,16000,gauge_v2_chain,f_4->f_5,1.9371285438537598
"T = 2.269 (T_c, hs_bignet)",data/32Ising_T2.269_hs_bignet,32,2.269185314213022,9500,gauge_v2_chain,f_1->f_2,2.113607406616211
"T = 2.269 (T_c, hs_bignet)",data/32Ising_T2.269_hs_bignet,32,2.269185314213022,9500,gauge_v2_chain,f_2->f_3,0.8223324418067932
"T = 2.269 (T_c, hs_bignet)",data/32Ising_T2.269_hs_bignet,32,2.269185314213022,9500,gauge_v2_chain,f_3->f_4,1.574182152748108
"T = 2.269 (T_c, hs_bignet)",data/32Ising_T2.269_hs_bignet,32,2.269185314213022,9500,gauge_v2_chain,f_4->f_5,1.91670560836792
T_c sym_bignet (rev-KL),data/32Ising_T2.269_sym_bignet,32,2.269,5950,gauge_v2_chain,f_1->f_2,1.4130518436431885
T_c sym_bignet (rev-KL),data/32Ising_T2.269_sym_bignet,32,2.269,5950,gauge_v2_chain,f_2->f_3,0.3771335780620575
T_c sym_bignet (rev-KL),data/32Ising_T2.269_sym_bignet,32,2.269,5950,gauge_v2_chain,f_3->f_4,0.018632126972079277
T_c sym_bignet (rev-KL),data/32Ising_T2.269_sym_bignet,32,2.269,5950,gauge_v2_chain,f_4->f_5,3.5886965633835644e-05
T_c pathgrad_bignet_long_ext (STL),data/32Ising_T2.269_pathgrad_bignet_long_ext,32,2.269,4950,gauge_v2_chain,f_1->f_2,1.4705287218093872
T_c pathgrad_bignet_long_ext (STL),data/32Ising_T2.269_pathgrad_bignet_long_ext,32,2.269,4950,gauge_v2_chain,f_2->f_3,0.4401087760925293
T_c pathgrad_bignet_long_ext (STL),data/32Ising_T2.269_pathgrad_bignet_long_ext,32,2.269,4950,gauge_v2_chain,f_3->f_4,0.018137337639927864
T_c pathgrad_bignet_long_ext (STL),data/32Ising_T2.269_pathgrad_bignet_long_ext,32,2.269,4950,gauge_v2_chain,f_4->f_5,6.179651973070577e-05
"T = 2.40  (high T, disorder)",data/32Ising_T2.4_hs_dataDriven,32,2.4,17000,gauge_v2_chain,f_1->f_2,0.5667997598648071
"T = 2.40  (high T, disorder)",data/32Ising_T2.4_hs_dataDriven,32,2.4,17000,gauge_v2_chain,f_2->f_3,1.9834840297698975
"T = 2.40  (high T, disorder)",data/32Ising_T2.4_hs_dataDriven,32,2.4,17000,gauge_v2_chain,f_3->f_4,0.5881448984146118
"T = 2.40  (high T, disorder)",data/32Ising_T2.4_hs_dataDriven,32,2.4,17000,gauge_v2_chain,f_4->f_5,0.13955524563789368
L=32 baseline_b64,data/32Ising_T2.269_hsBignet_baseline_b64,32,2.269185314213022,19800,gauge_v2_chain,f_1->f_2,2.305302619934082
L=32 baseline_b64,data/32Ising_T2.269_hsBignet_baseline_b64,32,2.269185314213022,19800,gauge_v2_chain,f_2->f_3,0.7451246380805969
L=32 baseline_b64,data/32Ising_T2.269_hsBignet_baseline_b64,32,2.269185314213022,19800,gauge_v2_chain,f_3->f_4,1.2788312435150146
L=32 baseline_b64,data/32Ising_T2.269_hsBignet_baseline_b64,32,2.269185314213022,19800,gauge_v2_chain,f_4->f_5,1.049468994140625
L=32 iii1_lam1.0_b64 (+III.1),data/32Ising_T2.269_hsBignet_iii1_lam1.0_b64,32,2.269185314213022,19800,gauge_v2_chain,f_1->f_2,2.459336042404175
L=32 iii1_lam1.0_b64 (+III.1),data/32Ising_T2.269_hsBignet_iii1_lam1.0_b64,32,2.269185314213022,19800,gauge_v2_chain,f_2->f_3,0.4546721577644348
L=32 iii1_lam1.0_b64 (+III.1),data/32Ising_T2.269_hsBignet_iii1_lam1.0_b64,32,2.269185314213022,19800,gauge_v2_chain,f_3->f_4,0.19876688718795776
L=32 iii1_lam1.0_b64 (+III.1),data/32Ising_T2.269_hsBignet_iii1_lam1.0_b64,32,2.269185314213022,19800,gauge_v2_chain,f_4->f_5,0.0696224570274353
L=32 i2_stride8h32_b64 (+I.2 cond),data/32Ising_T2.269_hsBignet_i2_stride8h32_b64,32,2.269185314213022,19800,gauge_v2_chain,f_1->f_2,0.49027368426322937
L=32 i2_stride8h32_b64 (+I.2 cond),data/32Ising_T2.269_hsBignet_i2_stride8h32_b64,32,2.269185314213022,19800,gauge_v2_chain,f_2->f_3,0.5767099857330322
L=32 i2_stride8h32_b64 (+I.2 cond),data/32Ising_T2.269_hsBignet_i2_stride8h32_b64,32,2.269185314213022,19800,gauge_v2_chain,f_3->f_4,0.5886157155036926
L=32 i2_stride8h32_b64 (+I.2 cond),data/32Ising_T2.269_hsBignet_i2_stride8h32_b64,32,2.269185314213022,19800,gauge_v2_chain,f_4->f_5,1.6852439641952515
L=32 combined_lam1.0_b64 (I.2+III.1),data/32Ising_T2.269_hsBignet_combined_lam1.0_stride8h32_b64,32,2.269185314213022,19800,gauge_v2_chain,f_1->f_2,0.5635451674461365
L=32 combined_lam1.0_b64 (I.2+III.1),data/32Ising_T2.269_hsBignet_combined_lam1.0_stride8h32_b64,32,2.269185314213022,19800,gauge_v2_chain,f_2->f_3,0.2790566384792328
L=32 combined_lam1.0_b64 (I.2+III.1),data/32Ising_T2.269_hsBignet_combined_lam1.0_stride8h32_b64,32,2.269185314213022,19800,gauge_v2_chain,f_3->f_4,0.16914041340351105
L=32 combined_lam1.0_b64 (I.2+III.1),data/32Ising_T2.269_hsBignet_combined_lam1.0_stride8h32_b64,32,2.269185314213022,19800,gauge_v2_chain,f_4->f_5,0.05114348605275154
L=32 iii1_lam0.1_b64,data/32Ising_T2.269_hsBignet_iii1_lam0.1_b64,32,2.269185314213022,19800,gauge_v2_chain,f_1->f_2,1.9678514003753662
L=32 iii1_lam0.1_b64,data/32Ising_T2.269_hsBignet_iii1_lam0.1_b64,32,2.269185314213022,19800,gauge_v2_chain,f_2->f_3,0.9234015345573425
L=32 iii1_lam0.1_b64,data/32Ising_T2.269_hsBignet_iii1_lam0.1_b64,32,2.269185314213022,19800,gauge_v2_chain,f_3->f_4,0.5193275809288025
L=32 iii1_lam0.1_b64,data/32Ising_T2.269_hsBignet_iii1_lam0.1_b64,32,2.269185314213022,19800,gauge_v2_chain,f_4->f_5,1.3736220598220825
L=32 iii1_lam10.0_b64,data/32Ising_T2.269_hsBignet_iii1_lam10.0_b64,32,2.269185314213022,19800,gauge_v2_chain,f_1->f_2,2.1634273529052734
L=32 iii1_lam10.0_b64,data/32Ising_T2.269_hsBignet_iii1_lam10.0_b64,32,2.269185314213022,19800,gauge_v2_chain,f_2->f_3,0.04533702880144119
L=32 iii1_lam10.0_b64,data/32Ising_T2.269_hsBignet_iii1_lam10.0_b64,32,2.269185314213022,19800,gauge_v2_chain,f_3->f_4,0.00657935393974185
L=32 iii1_lam10.0_b64,data/32Ising_T2.269_hsBignet_iii1_lam10.0_b64,32,2.269185314213022,19800,gauge_v2_chain,f_4->f_5,8.752557789648563e-08
L=32 i2_stride4h32 (b128),data/32Ising_T2.269_hsBignet_i2_stride4h32,32,2.269185314213022,19800,gauge_v2_chain,f_1->f_2,0.6831654906272888
L=32 i2_stride4h32 (b128),data/32Ising_T2.269_hsBignet_i2_stride4h32,32,2.269185314213022,19800,gauge_v2_chain,f_2->f_3,0.5282271504402161
L=32 i2_stride4h32 (b128),data/32Ising_T2.269_hsBignet_i2_stride4h32,32,2.269185314213022,19800,gauge_v2_chain,f_3->f_4,0.06106934696435928
L=32 i2_stride4h32 (b128),data/32Ising_T2.269_hsBignet_i2_stride4h32,32,2.269185314213022,19800,gauge_v2_chain,f_4->f_5,0.01610708422958851
L=32 i2_stride16h32 (b128),data/32Ising_T2.269_hsBignet_i2_stride16h32,32,2.269185314213022,19800,gauge_v2_chain,f_1->f_2,0.5740804672241211
L=32 i2_stride16h32 (b128),data/32Ising_T2.269_hsBignet_i2_stride16h32,32,2.269185314213022,19800,gauge_v2_chain,f_2->f_3,0.7605773210525513
L=32 i2_stride16h32 (b128),data/32Ising_T2.269_hsBignet_i2_stride16h32,32,2.269185314213022,19800,gauge_v2_chain,f_3->f_4,0.32208314538002014
L=32 i2_stride16h32 (b128),data/32Ising_T2.269_hsBignet_i2_stride16h32,32,2.269185314213022,19800,gauge_v2_chain,f_4->f_5,0.027771607041358948
L=32 i1_df4.0 (Student-t b128),data/32Ising_T2.269_hsBignet_i1_df4.0,32,2.269185314213022,19800,gauge_v2_chain,f_1->f_2,1.0876543521881104
L=32 i1_df4.0 (Student-t b128),data/32Ising_T2.269_hsBignet_i1_df4.0,32,2.269185314213022,19800,gauge_v2_chain,f_2->f_3,0.5421260595321655
L=32 i1_df4.0 (Student-t b128),data/32Ising_T2.269_hsBignet_i1_df4.0,32,2.269185314213022,19800,gauge_v2_chain,f_3->f_4,0.31449463963508606
L=32 i1_df4.0 (Student-t b128),data/32Ising_T2.269_hsBignet_i1_df4.0,32,2.269185314213022,19800,gauge_v2_chain,f_4->f_5,1.6733404397964478
L=64 baseline_b16,data/64Ising_T2.269_hsBignet_baseline_b16,64,2.269185314213022,19800,gauge_v2_chain,f_1->f_2,0.47007855772972107
L=64 baseline_b16,data/64Ising_T2.269_hsBignet_baseline_b16,64,2.269185314213022,19800,gauge_v2_chain,f_2->f_3,0.6460084915161133
L=64 baseline_b16,data/64Ising_T2.269_hsBignet_baseline_b16,64,2.269185314213022,19800,gauge_v2_chain,f_3->f_4,0.2665490210056305
L=64 baseline_b16,data/64Ising_T2.269_hsBignet_baseline_b16,64,2.269185314213022,19800,gauge_v2_chain,f_4->f_5,0.3322468400001526
L=64 baseline_b16,data/64Ising_T2.269_hsBignet_baseline_b16,64,2.269185314213022,19800,gauge_v2_chain,f_5->f_6,0.11990275979042053
L=64 iii1_lam1.0_b16 (+III.1),data/64Ising_T2.269_hsBignet_iii1_lam1.0_b16,64,2.269185314213022,19800,gauge_v2_chain,f_1->f_2,0.7760805487632751
L=64 iii1_lam1.0_b16 (+III.1),data/64Ising_T2.269_hsBignet_iii1_lam1.0_b16,64,2.269185314213022,19800,gauge_v2_chain,f_2->f_3,0.6922328472137451
L=64 iii1_lam1.0_b16 (+III.1),data/64Ising_T2.269_hsBignet_iii1_lam1.0_b16,64,2.269185314213022,19800,gauge_v2_chain,f_3->f_4,0.3527003526687622
L=64 iii1_lam1.0_b16 (+III.1),data/64Ising_T2.269_hsBignet_iii1_lam1.0_b16,64,2.269185314213022,19800,gauge_v2_chain,f_4->f_5,0.21203234791755676
L=64 iii1_lam1.0_b16 (+III.1),data/64Ising_T2.269_hsBignet_iii1_lam1.0_b16,64,2.269185314213022,19800,gauge_v2_chain,f_5->f_6,0.0356995165348053
L=64 i2_stride16h32_b16 (+I.2),data/64Ising_T2.269_hsBignet_i2_stride16h32_b16,64,2.269185314213022,19800,gauge_v2_chain,f_1->f_2,1.9702280759811401
L=64 i2_stride16h32_b16 (+I.2),data/64Ising_T2.269_hsBignet_i2_stride16h32_b16,64,2.269185314213022,19800,gauge_v2_chain,f_2->f_3,0.47175419330596924
L=64 i2_stride16h32_b16 (+I.2),data/64Ising_T2.269_hsBignet_i2_stride16h32_b16,64,2.269185314213022,19800,gauge_v2_chain,f_3->f_4,1.9779373407363892
L=64 i2_stride16h32_b16 (+I.2),data/64Ising_T2.269_hsBignet_i2_stride16h32_b16,64,2.269185314213022,19800,gauge_v2_chain,f_4->f_5,0.3151076138019562
L=64 i2_stride16h32_b16 (+I.2),data/64Ising_T2.269_hsBignet_i2_stride16h32_b16,64,2.269185314213022,19800,gauge_v2_chain,f_5->f_6,0.03435492515563965
L=64 i1_df4.0_b16 (Student-t),data/64Ising_T2.269_hsBignet_i1_df4.0_b16,64,2.269185314213022,19800,gauge_v2_chain,f_1->f_2,0.9806047081947327
L=64 i1_df4.0_b16 (Student-t),data/64Ising_T2.269_hsBignet_i1_df4.0_b16,64,2.269185314213022,19800,gauge_v2_chain,f_2->f_3,0.48905667662620544
L=64 i1_df4.0_b16 (Student-t),data/64Ising_T2.269_hsBignet_i1_df4.0_b16,64,2.269185314213022,19800,gauge_v2_chain,f_3->f_4,0.582212507724762
L=64 i1_df4.0_b16 (Student-t),data/64Ising_T2.269_hsBignet_i1_df4.0_b16,64,2.269185314213022,19800,gauge_v2_chain,f_4->f_5,0.3896268904209137
L=64 i1_df4.0_b16 (Student-t),data/64Ising_T2.269_hsBignet_i1_df4.0_b16,64,2.269185314213022,19800,gauge_v2_chain,f_5->f_6,0.04652579501271248
L=32 i2_stride4h32_b64 (Phase-2),data/32Ising_T2.269_hsBignet_i2_stride4h32_b64,32,2.269185314213022,19800,gauge_v2_chain,f_1->f_2,0.7305744290351868
L=32 i2_stride4h32_b64 (Phase-2),data/32Ising_T2.269_hsBignet_i2_stride4h32_b64,32,2.269185314213022,19800,gauge_v2_chain,f_2->f_3,0.39424678683280945
L=32 i2_stride4h32_b64 (Phase-2),data/32Ising_T2.269_hsBignet_i2_stride4h32_b64,32,2.269185314213022,19800,gauge_v2_chain,f_3->f_4,0.02833707258105278
L=32 i2_stride4h32_b64 (Phase-2),data/32Ising_T2.269_hsBignet_i2_stride4h32_b64,32,2.269185314213022,19800,gauge_v2_chain,f_4->f_5,0.00917839165776968
L=32 i2_stride8h64_b64 (Phase-2),data/32Ising_T2.269_hsBignet_i2_stride8h64_b64,32,2.269185314213022,19800,gauge_v2_chain,f_1->f_2,2.181830406188965
L=32 i2_stride8h64_b64 (Phase-2),data/32Ising_T2.269_hsBignet_i2_stride8h64_b64,32,2.269185314213022,19800,gauge_v2_chain,f_2->f_3,0.5203078985214233
L=32 i2_stride8h64_b64 (Phase-2),data/32Ising_T2.269_hsBignet_i2_stride8h64_b64,32,2.269185314213022,19800,gauge_v2_chain,f_3->f_4,0.36139801144599915
L=32 i2_stride8h64_b64 (Phase-2),data/32Ising_T2.269_hsBignet_i2_stride8h64_b64,32,2.269185314213022,19800,gauge_v2_chain,f_4->f_5,0.04815341904759407
L=64 i2_stride8h32_b16 (Phase-2),data/64Ising_T2.269_hsBignet_i2_stride8h32_b16,64,2.269185314213022,19800,gauge_v2_chain,f_1->f_2,0.699154794216156
L=64 i2_stride8h32_b16 (Phase-2),data/64Ising_T2.269_hsBignet_i2_stride8h32_b16,64,2.269185314213022,19800,gauge_v2_chain,f_2->f_3,0.3391331732273102
L=64 i2_stride8h32_b16 (Phase-2),data/64Ising_T2.269_hsBignet_i2_stride8h32_b16,64,2.269185314213022,19800,gauge_v2_chain,f_3->f_4,0.6763782501220703
L=64 i2_stride8h32_b16 (Phase-2),data/64Ising_T2.269_hsBignet_i2_stride8h32_b16,64,2.269185314213022,19800,gauge_v2_chain,f_4->f_5,0.4788849949836731
L=64 i2_stride8h32_b16 (Phase-2),data/64Ising_T2.269_hsBignet_i2_stride8h32_b16,64,2.269185314213022,19800,gauge_v2_chain,f_5->f_6,0.05429608002305031
L=64 i2_stride4h32_b16 (Phase-2),data/64Ising_T2.269_hsBignet_i2_stride4h32_b16,64,2.269185314213022,19800,gauge_v2_chain,f_1->f_2,2.0287373065948486
L=64 i2_stride4h32_b16 (Phase-2),data/64Ising_T2.269_hsBignet_i2_stride4h32_b16,64,2.269185314213022,19800,gauge_v2_chain,f_2->f_3,0.6963016390800476
L=64 i2_stride4h32_b16 (Phase-2),data/64Ising_T2.269_hsBignet_i2_stride4h32_b16,64,2.269185314213022,19800,gauge_v2_chain,f_3->f_4,1.9312655925750732
L=64 i2_stride4h32_b16 (Phase-2),data/64Ising_T2.269_hsBignet_i2_stride4h32_b16,64,2.269185314213022,19800,gauge_v2_chain,f_4->f_5,0.39305350184440613
L=64 i2_stride4h32_b16 (Phase-2),data/64Ising_T2.269_hsBignet_i2_stride4h32_b16,64,2.269185314213022,19800,gauge_v2_chain,f_5->f_6,0.03957869112491608
L=64 i2_stride8h64_b16 (Phase-2),data/64Ising_T2.269_hsBignet_i2_stride8h64_b16,64,2.269185314213022,19800,gauge_v2_chain,f_1->f_2,1.3731497526168823
L=64 i2_stride8h64_b16 (Phase-2),data/64Ising_T2.269_hsBignet_i2_stride8h64_b16,64,2.269185314213022,19800,gauge_v2_chain,f_2->f_3,0.5432015061378479
L=64 i2_stride8h64_b16 (Phase-2),data/64Ising_T2.269_hsBignet_i2_stride8h64_b16,64,2.269185314213022,19800,gauge_v2_chain,f_3->f_4,1.2180896997451782
L=64 i2_stride8h64_b16 (Phase-2),data/64Ising_T2.269_hsBignet_i2_stride8h64_b16,64,2.269185314213022,19800,gauge_v2_chain,f_4->f_5,0.2789771258831024
L=64 i2_stride8h64_b16 (Phase-2),data/64Ising_T2.269_hsBignet_i2_stride8h64_b16,64,2.269185314213022,19800,gauge_v2_chain,f_5->f_6,0.023952128365635872
L=64 i2_stride4h64_b16 (Phase-2),data/64Ising_T2.269_hsBignet_i2_stride4h64_b16,64,2.269185314213022,19800,gauge_v2_chain,f_1->f_2,1.7145980596542358
L=64 i2_stride4h64_b16 (Phase-2),data/64Ising_T2.269_hsBignet_i2_stride4h64_b16,64,2.269185314213022,19800,gauge_v2_chain,f_2->f_3,0.6493397951126099
L=64 i2_stride4h64_b16 (Phase-2),data/64Ising_T2.269_hsBignet_i2_stride4h64_b16,64,2.269185314213022,19800,gauge_v2_chain,f_3->f_4,0.15748099982738495
L=64 i2_stride4h64_b16 (Phase-2),data/64Ising_T2.269_hsBignet_i2_stride4h64_b16,64,2.269185314213022,19800,gauge_v2_chain,f_4->f_5,0.06986618041992188
L=64 i2_stride4h64_b16 (Phase-2),data/64Ising_T2.269_hsBignet_i2_stride4h64_b16,64,2.269185314213022,19800,gauge_v2_chain,f_5->f_6,0.021890830248594284
"T = 2.15  (low T, ordered)",data/32Ising_T2.15_hs_dataDriven,32,2.15,16500,gauge_v2b_chain_oneslot,f_1->f_2,0.9590016603469849
"T = 2.15  (low T, ordered)",data/32Ising_T2.15_hs_dataDriven,32,2.15,16500,gauge_v2b_chain_oneslot,f_2->f_3,1.7181613445281982
"T = 2.15  (low T, ordered)",data/32Ising_T2.15_hs_dataDriven,32,2.15,16500,gauge_v2b_chain_oneslot,f_3->f_4,1.5102574825286865
"T = 2.15  (low T, ordered)",data/32Ising_T2.15_hs_dataDriven,32,2.15,16500,gauge_v2b_chain_oneslot,f_4->f_5,1.6491025686264038
"T = 2.269 (T_c, hs_dataDriven)",data/32Ising_T2.269185314213022_hs_dataDriven,32,2.269185314213022,16000,gauge_v2b_chain_oneslot,f_1->f_2,1.3494024276733398
"T = 2.269 (T_c, hs_dataDriven)",data/32Ising_T2.269185314213022_hs_dataDriven,32,2.269185314213022,16000,gauge_v2b_chain_oneslot,f_2->f_3,1.2994643449783325
"T = 2.269 (T_c, hs_dataDriven)",data/32Ising_T2.269185314213022_hs_dataDriven,32,2.269185314213022,16000,gauge_v2b_chain_oneslot,f_3->f_4,1.929991364479065
"T = 2.269 (T_c, hs_dataDriven)",data/32Ising_T2.269185314213022_hs_dataDriven,32,2.269185314213022,16000,gauge_v2b_chain_oneslot,f_4->f_5,2.6082332134246826
"T = 2.269 (T_c, hs_bignet)",data/32Ising_T2.269_hs_bignet,32,2.269185314213022,9500,gauge_v2b_chain_oneslot,f_1->f_2,2.1307971477508545
"T = 2.269 (T_c, hs_bignet)",data/32Ising_T2.269_hs_bignet,32,2.269185314213022,9500,gauge_v2b_chain_oneslot,f_2->f_3,1.5290285348892212
"T = 2.269 (T_c, hs_bignet)",data/32Ising_T2.269_hs_bignet,32,2.269185314213022,9500,gauge_v2b_chain_oneslot,f_3->f_4,1.523154854774475
"T = 2.269 (T_c, hs_bignet)",data/32Ising_T2.269_hs_bignet,32,2.269185314213022,9500,gauge_v2b_chain_oneslot,f_4->f_5,1.776291012763977
T_c sym_bignet (rev-KL),data/32Ising_T2.269_sym_bignet,32,2.269,5950,gauge_v2b_chain_oneslot,f_1->f_2,1.9661738872528076
T_c sym_bignet (rev-KL),data/32Ising_T2.269_sym_bignet,32,2.269,5950,gauge_v2b_chain_oneslot,f_2->f_3,1.534684181213379
T_c sym_bignet (rev-KL),data/32Ising_T2.269_sym_bignet,32,2.269,5950,gauge_v2b_chain_oneslot,f_3->f_4,1.5076767206192017
T_c sym_bignet (rev-KL),data/32Ising_T2.269_sym_bignet,32,2.269,5950,gauge_v2b_chain_oneslot,f_4->f_5,1.4889837503433228
T_c pathgrad_bignet_long_ext (STL),data/32Ising_T2.269_pathgrad_bignet_long_ext,32,2.269,4950,gauge_v2b_chain_oneslot,f_1->f_2,1.8943761587142944
T_c pathgrad_bignet_long_ext (STL),data/32Ising_T2.269_pathgrad_bignet_long_ext,32,2.269,4950,gauge_v2b_chain_oneslot,f_2->f_3,1.566594123840332
T_c pathgrad_bignet_long_ext (STL),data/32Ising_T2.269_pathgrad_bignet_long_ext,32,2.269,4950,gauge_v2b_chain_oneslot,f_3->f_4,1.5097949504852295
T_c pathgrad_bignet_long_ext (STL),data/32Ising_T2.269_pathgrad_bignet_long_ext,32,2.269,4950,gauge_v2b_chain_oneslot,f_4->f_5,1.488885760307312
"T = 2.40  (high T, disorder)",data/32Ising_T2.4_hs_dataDriven,32,2.4,17000,gauge_v2b_chain_oneslot,f_1->f_2,2.1981759071350098
"T = 2.40  (high T, disorder)",data/32Ising_T2.4_hs_dataDriven,32,2.4,17000,gauge_v2b_chain_oneslot,f_2->f_3,1.47553551197052
"T = 2.40  (high T, disorder)",data/32Ising_T2.4_hs_dataDriven,32,2.4,17000,gauge_v2b_chain_oneslot,f_3->f_4,1.4301947355270386
"T = 2.40  (high T, disorder)",data/32Ising_T2.4_hs_dataDriven,32,2.4,17000,gauge_v2b_chain_oneslot,f_4->f_5,1.5106420516967773
L=32 baseline_b64,data/32Ising_T2.269_hsBignet_baseline_b64,32,2.269185314213022,19800,gauge_v2b_chain_oneslot,f_1->f_2,2.0821659564971924
L=32 baseline_b64,data/32Ising_T2.269_hsBignet_baseline_b64,32,2.269185314213022,19800,gauge_v2b_chain_oneslot,f_2->f_3,1.632131576538086
L=32 baseline_b64,data/32Ising_T2.269_hsBignet_baseline_b64,32,2.269185314213022,19800,gauge_v2b_chain_oneslot,f_3->f_4,1.5193418264389038
L=32 baseline_b64,data/32Ising_T2.269_hsBignet_baseline_b64,32,2.269185314213022,19800,gauge_v2b_chain_oneslot,f_4->f_5,1.5440125465393066
L=32 iii1_lam1.0_b64 (+III.1),data/32Ising_T2.269_hsBignet_iii1_lam1.0_b64,32,2.269185314213022,19800,gauge_v2b_chain_oneslot,f_1->f_2,2.4349489212036133
L=32 iii1_lam1.0_b64 (+III.1),data/32Ising_T2.269_hsBignet_iii1_lam1.0_b64,32,2.269185314213022,19800,gauge_v2b_chain_oneslot,f_2->f_3,1.5923300981521606
L=32 iii1_lam1.0_b64 (+III.1),data/32Ising_T2.269_hsBignet_iii1_lam1.0_b64,32,2.269185314213022,19800,gauge_v2b_chain_oneslot,f_3->f_4,1.587001919746399
L=32 iii1_lam1.0_b64 (+III.1),data/32Ising_T2.269_hsBignet_iii1_lam1.0_b64,32,2.269185314213022,19800,gauge_v2b_chain_oneslot,f_4->f_5,1.504120945930481
L=32 i2_stride8h32_b64 (+I.2 cond),data/32Ising_T2.269_hsBignet_i2_stride8h32_b64,32,2.269185314213022,19800,gauge_v2b_chain_oneslot,f_1->f_2,1.7656691074371338
L=32 i2_stride8h32_b64 (+I.2 cond),data/32Ising_T2.269_hsBignet_i2_stride8h32_b64,32,2.269185314213022,19800,gauge_v2b_chain_oneslot,f_2->f_3,1.6949212551116943
L=32 i2_stride8h32_b64 (+I.2 cond),data/32Ising_T2.269_hsBignet_i2_stride8h32_b64,32,2.269185314213022,19800,gauge_v2b_chain_oneslot,f_3->f_4,1.5884424448013306
L=32 i2_stride8h32_b64 (+I.2 cond),data/32Ising_T2.269_hsBignet_i2_stride8h32_b64,32,2.269185314213022,19800,gauge_v2b_chain_oneslot,f_4->f_5,1.8191496133804321
L=32 combined_lam1.0_b64 (I.2+III.1),data/32Ising_T2.269_hsBignet_combined_lam1.0_stride8h32_b64,32,2.269185314213022,19800,gauge_v2b_chain_oneslot,f_1->f_2,1.5399754047393799
L=32 combined_lam1.0_b64 (I.2+III.1),data/32Ising_T2.269_hsBignet_combined_lam1.0_stride8h32_b64,32,2.269185314213022,19800,gauge_v2b_chain_oneslot,f_2->f_3,1.687743902206421
L=32 combined_lam1.0_b64 (I.2+III.1),data/32Ising_T2.269_hsBignet_combined_lam1.0_stride8h32_b64,32,2.269185314213022,19800,gauge_v2b_chain_oneslot,f_3->f_4,1.5742899179458618
L=32 combined_lam1.0_b64 (I.2+III.1),data/32Ising_T2.269_hsBignet_combined_lam1.0_stride8h32_b64,32,2.269185314213022,19800,gauge_v2b_chain_oneslot,f_4->f_5,1.5092695951461792
L=32 iii1_lam0.1_b64,data/32Ising_T2.269_hsBignet_iii1_lam0.1_b64,32,2.269185314213022,19800,gauge_v2b_chain_oneslot,f_1->f_2,1.9379199743270874
L=32 iii1_lam0.1_b64,data/32Ising_T2.269_hsBignet_iii1_lam0.1_b64,32,2.269185314213022,19800,gauge_v2b_chain_oneslot,f_2->f_3,1.5313550233840942
L=32 iii1_lam0.1_b64,data/32Ising_T2.269_hsBignet_iii1_lam0.1_b64,32,2.269185314213022,19800,gauge_v2b_chain_oneslot,f_3->f_4,1.544769287109375
L=32 iii1_lam0.1_b64,data/32Ising_T2.269_hsBignet_iii1_lam0.1_b64,32,2.269185314213022,19800,gauge_v2b_chain_oneslot,f_4->f_5,1.7173837423324585
L=32 iii1_lam10.0_b64,data/32Ising_T2.269_hsBignet_iii1_lam10.0_b64,32,2.269185314213022,19800,gauge_v2b_chain_oneslot,f_1->f_2,2.3119008541107178
L=32 iii1_lam10.0_b64,data/32Ising_T2.269_hsBignet_iii1_lam10.0_b64,32,2.269185314213022,19800,gauge_v2b_chain_oneslot,f_2->f_3,1.5256105661392212
L=32 iii1_lam10.0_b64,data/32Ising_T2.269_hsBignet_iii1_lam10.0_b64,32,2.269185314213022,19800,gauge_v2b_chain_oneslot,f_3->f_4,1.5096644163131714
L=32 iii1_lam10.0_b64,data/32Ising_T2.269_hsBignet_iii1_lam10.0_b64,32,2.269185314213022,19800,gauge_v2b_chain_oneslot,f_4->f_5,1.4891748428344727
L=32 i2_stride4h32 (b128),data/32Ising_T2.269_hsBignet_i2_stride4h32,32,2.269185314213022,19800,gauge_v2b_chain_oneslot,f_1->f_2,1.7152152061462402
L=32 i2_stride4h32 (b128),data/32Ising_T2.269_hsBignet_i2_stride4h32,32,2.269185314213022,19800,gauge_v2b_chain_oneslot,f_2->f_3,1.4864364862442017
L=32 i2_stride4h32 (b128),data/32Ising_T2.269_hsBignet_i2_stride4h32,32,2.269185314213022,19800,gauge_v2b_chain_oneslot,f_3->f_4,1.4734724760055542
L=32 i2_stride4h32 (b128),data/32Ising_T2.269_hsBignet_i2_stride4h32,32,2.269185314213022,19800,gauge_v2b_chain_oneslot,f_4->f_5,1.495473027229309
L=32 i2_stride16h32 (b128),data/32Ising_T2.269_hsBignet_i2_stride16h32,32,2.269185314213022,19800,gauge_v2b_chain_oneslot,f_1->f_2,2.268310785293579
L=32 i2_stride16h32 (b128),data/32Ising_T2.269_hsBignet_i2_stride16h32,32,2.269185314213022,19800,gauge_v2b_chain_oneslot,f_2->f_3,1.7811505794525146
L=32 i2_stride16h32 (b128),data/32Ising_T2.269_hsBignet_i2_stride16h32,32,2.269185314213022,19800,gauge_v2b_chain_oneslot,f_3->f_4,1.5576250553131104
L=32 i2_stride16h32 (b128),data/32Ising_T2.269_hsBignet_i2_stride16h32,32,2.269185314213022,19800,gauge_v2b_chain_oneslot,f_4->f_5,1.495471715927124
L=32 i1_df4.0 (Student-t b128),data/32Ising_T2.269_hsBignet_i1_df4.0,32,2.269185314213022,19800,gauge_v2b_chain_oneslot,f_1->f_2,1.4530221223831177
L=32 i1_df4.0 (Student-t b128),data/32Ising_T2.269_hsBignet_i1_df4.0,32,2.269185314213022,19800,gauge_v2b_chain_oneslot,f_2->f_3,1.3191728591918945
L=32 i1_df4.0 (Student-t b128),data/32Ising_T2.269_hsBignet_i1_df4.0,32,2.269185314213022,19800,gauge_v2b_chain_oneslot,f_3->f_4,1.6336650848388672
L=32 i1_df4.0 (Student-t b128),data/32Ising_T2.269_hsBignet_i1_df4.0,32,2.269185314213022,19800,gauge_v2b_chain_oneslot,f_4->f_5,2.276120662689209
L=64 baseline_b16,data/64Ising_T2.269_hsBignet_baseline_b16,64,2.269185314213022,19800,gauge_v2b_chain_oneslot,f_1->f_2,1.2356854677200317
L=64 baseline_b16,data/64Ising_T2.269_hsBignet_baseline_b16,64,2.269185314213022,19800,gauge_v2b_chain_oneslot,f_2->f_3,1.1467573642730713
L=64 baseline_b16,data/64Ising_T2.269_hsBignet_baseline_b16,64,2.269185314213022,19800,gauge_v2b_chain_oneslot,f_3->f_4,1.148464560508728
L=64 baseline_b16,data/64Ising_T2.269_hsBignet_baseline_b16,64,2.269185314213022,19800,gauge_v2b_chain_oneslot,f_4->f_5,1.324820876121521
L=64 baseline_b16,data/64Ising_T2.269_hsBignet_baseline_b16,64,2.269185314213022,19800,gauge_v2b_chain_oneslot,f_5->f_6,1.497497797012329
L=64 iii1_lam1.0_b16 (+III.1),data/64Ising_T2.269_hsBignet_iii1_lam1.0_b16,64,2.269185314213022,19800,gauge_v2b_chain_oneslot,f_1->f_2,1.0139967203140259
L=64 iii1_lam1.0_b16 (+III.1),data/64Ising_T2.269_hsBignet_iii1_lam1.0_b16,64,2.269185314213022,19800,gauge_v2b_chain_oneslot,f_2->f_3,1.3770127296447754
L=64 iii1_lam1.0_b16 (+III.1),data/64Ising_T2.269_hsBignet_iii1_lam1.0_b16,64,2.269185314213022,19800,gauge_v2b_chain_oneslot,f_3->f_4,1.6053533554077148
L=64 iii1_lam1.0_b16 (+III.1),data/64Ising_T2.269_hsBignet_iii1_lam1.0_b16,64,2.269185314213022,19800,gauge_v2b_chain_oneslot,f_4->f_5,1.594117522239685
L=64 iii1_lam1.0_b16 (+III.1),data/64Ising_T2.269_hsBignet_iii1_lam1.0_b16,64,2.269185314213022,19800,gauge_v2b_chain_oneslot,f_5->f_6,1.4898580312728882
L=64 i2_stride16h32_b16 (+I.2),data/64Ising_T2.269_hsBignet_i2_stride16h32_b16,64,2.269185314213022,19800,gauge_v2b_chain_oneslot,f_1->f_2,2.8626067638397217
L=64 i2_stride16h32_b16 (+I.2),data/64Ising_T2.269_hsBignet_i2_stride16h32_b16,64,2.269185314213022,19800,gauge_v2b_chain_oneslot,f_2->f_3,1.204006552696228
L=64 i2_stride16h32_b16 (+I.2),data/64Ising_T2.269_hsBignet_i2_stride16h32_b16,64,2.269185314213022,19800,gauge_v2b_chain_oneslot,f_3->f_4,1.2498608827590942
L=64 i2_stride16h32_b16 (+I.2),data/64Ising_T2.269_hsBignet_i2_stride16h32_b16,64,2.269185314213022,19800,gauge_v2b_chain_oneslot,f_4->f_5,1.5501717329025269
L=64 i2_stride16h32_b16 (+I.2),data/64Ising_T2.269_hsBignet_i2_stride16h32_b16,64,2.269185314213022,19800,gauge_v2b_chain_oneslot,f_5->f_6,1.4872331619262695
L=64 i1_df4.0_b16 (Student-t),data/64Ising_T2.269_hsBignet_i1_df4.0_b16,64,2.269185314213022,19800,gauge_v2b_chain_oneslot,f_1->f_2,1.755519151687622
L=64 i1_df4.0_b16 (Student-t),data/64Ising_T2.269_hsBignet_i1_df4.0_b16,64,2.269185314213022,19800,gauge_v2b_chain_oneslot,f_2->f_3,1.492160677909851
L=64 i1_df4.0_b16 (Student-t),data/64Ising_T2.269_hsBignet_i1_df4.0_b16,64,2.269185314213022,19800,gauge_v2b_chain_oneslot,f_3->f_4,1.3167544603347778
L=64 i1_df4.0_b16 (Student-t),data/64Ising_T2.269_hsBignet_i1_df4.0_b16,64,2.269185314213022,19800,gauge_v2b_chain_oneslot,f_4->f_5,1.6243139505386353
L=64 i1_df4.0_b16 (Student-t),data/64Ising_T2.269_hsBignet_i1_df4.0_b16,64,2.269185314213022,19800,gauge_v2b_chain_oneslot,f_5->f_6,1.4877690076828003
L=32 i2_stride4h32_b64 (Phase-2),data/32Ising_T2.269_hsBignet_i2_stride4h32_b64,32,2.269185314213022,19800,gauge_v2b_chain_oneslot,f_1->f_2,1.450050711631775
L=32 i2_stride4h32_b64 (Phase-2),data/32Ising_T2.269_hsBignet_i2_stride4h32_b64,32,2.269185314213022,19800,gauge_v2b_chain_oneslot,f_2->f_3,1.6786201000213623
L=32 i2_stride4h32_b64 (Phase-2),data/32Ising_T2.269_hsBignet_i2_stride4h32_b64,32,2.269185314213022,19800,gauge_v2b_chain_oneslot,f_3->f_4,1.4748812913894653
L=32 i2_stride4h32_b64 (Phase-2),data/32Ising_T2.269_hsBignet_i2_stride4h32_b64,32,2.269185314213022,19800,gauge_v2b_chain_oneslot,f_4->f_5,1.4898799657821655
L=32 i2_stride8h64_b64 (Phase-2),data/32Ising_T2.269_hsBignet_i2_stride8h64_b64,32,2.269185314213022,19800,gauge_v2b_chain_oneslot,f_1->f_2,2.0435941219329834
L=32 i2_stride8h64_b64 (Phase-2),data/32Ising_T2.269_hsBignet_i2_stride8h64_b64,32,2.269185314213022,19800,gauge_v2b_chain_oneslot,f_2->f_3,1.3066784143447876
L=32 i2_stride8h64_b64 (Phase-2),data/32Ising_T2.269_hsBignet_i2_stride8h64_b64,32,2.269185314213022,19800,gauge_v2b_chain_oneslot,f_3->f_4,1.5823842287063599
L=32 i2_stride8h64_b64 (Phase-2),data/32Ising_T2.269_hsBignet_i2_stride8h64_b64,32,2.269185314213022,19800,gauge_v2b_chain_oneslot,f_4->f_5,1.497780442237854
L=64 i2_stride8h32_b16 (Phase-2),data/64Ising_T2.269_hsBignet_i2_stride8h32_b16,64,2.269185314213022,19800,gauge_v2b_chain_oneslot,f_1->f_2,1.6974115371704102
L=64 i2_stride8h32_b16 (Phase-2),data/64Ising_T2.269_hsBignet_i2_stride8h32_b16,64,2.269185314213022,19800,gauge_v2b_chain_oneslot,f_2->f_3,1.9271304607391357
L=64 i2_stride8h32_b16 (Phase-2),data/64Ising_T2.269_hsBignet_i2_stride8h32_b16,64,2.269185314213022,19800,gauge_v2b_chain_oneslot,f_3->f_4,1.0379903316497803
L=64 i2_stride8h32_b16 (Phase-2),data/64Ising_T2.269_hsBignet_i2_stride8h32_b16,64,2.269185314213022,19800,gauge_v2b_chain_oneslot,f_4->f_5,1.5874049663543701
L=64 i2_stride8h32_b16 (Phase-2),data/64Ising_T2.269_hsBignet_i2_stride8h32_b16,64,2.269185314213022,19800,gauge_v2b_chain_oneslot,f_5->f_6,1.4885969161987305
L=64 i2_stride4h32_b16 (Phase-2),data/64Ising_T2.269_hsBignet_i2_stride4h32_b16,64,2.269185314213022,19800,gauge_v2b_chain_oneslot,f_1->f_2,2.6377930641174316
L=64 i2_stride4h32_b16 (Phase-2),data/64Ising_T2.269_hsBignet_i2_stride4h32_b16,64,2.269185314213022,19800,gauge_v2b_chain_oneslot,f_2->f_3,2.0888125896453857
L=64 i2_stride4h32_b16 (Phase-2),data/64Ising_T2.269_hsBignet_i2_stride4h32_b16,64,2.269185314213022,19800,gauge_v2b_chain_oneslot,f_3->f_4,1.2030118703842163
L=64 i2_stride4h32_b16 (Phase-2),data/64Ising_T2.269_hsBignet_i2_stride4h32_b16,64,2.269185314213022,19800,gauge_v2b_chain_oneslot,f_4->f_5,1.5732650756835938
L=64 i2_stride4h32_b16 (Phase-2),data/64Ising_T2.269_hsBignet_i2_stride4h32_b16,64,2.269185314213022,19800,gauge_v2b_chain_oneslot,f_5->f_6,1.4902682304382324
L=64 i2_stride8h64_b16 (Phase-2),data/64Ising_T2.269_hsBignet_i2_stride8h64_b16,64,2.269185314213022,19800,gauge_v2b_chain_oneslot,f_1->f_2,1.912980079650879
L=64 i2_stride8h64_b16 (Phase-2),data/64Ising_T2.269_hsBignet_i2_stride8h64_b16,64,2.269185314213022,19800,gauge_v2b_chain_oneslot,f_2->f_3,1.9867708683013916
L=64 i2_stride8h64_b16 (Phase-2),data/64Ising_T2.269_hsBignet_i2_stride8h64_b16,64,2.269185314213022,19800,gauge_v2b_chain_oneslot,f_3->f_4,2.124907970428467
L=64 i2_stride8h64_b16 (Phase-2),data/64Ising_T2.269_hsBignet_i2_stride8h64_b16,64,2.269185314213022,19800,gauge_v2b_chain_oneslot,f_4->f_5,1.5523723363876343
L=64 i2_stride8h64_b16 (Phase-2),data/64Ising_T2.269_hsBignet_i2_stride8h64_b16,64,2.269185314213022,19800,gauge_v2b_chain_oneslot,f_5->f_6,1.484518051147461
L=64 i2_stride4h64_b16 (Phase-2),data/64Ising_T2.269_hsBignet_i2_stride4h64_b16,64,2.269185314213022,19800,gauge_v2b_chain_oneslot,f_1->f_2,2.482691526412964
L=64 i2_stride4h64_b16 (Phase-2),data/64Ising_T2.269_hsBignet_i2_stride4h64_b16,64,2.269185314213022,19800,gauge_v2b_chain_oneslot,f_2->f_3,1.3738281726837158
L=64 i2_stride4h64_b16 (Phase-2),data/64Ising_T2.269_hsBignet_i2_stride4h64_b16,64,2.269185314213022,19800,gauge_v2b_chain_oneslot,f_3->f_4,1.2452843189239502
L=64 i2_stride4h64_b16 (Phase-2),data/64Ising_T2.269_hsBignet_i2_stride4h64_b16,64,2.269185314213022,19800,gauge_v2b_chain_oneslot,f_4->f_5,1.4941877126693726
L=64 i2_stride4h64_b16 (Phase-2),data/64Ising_T2.269_hsBignet_i2_stride4h64_b16,64,2.269185314213022,19800,gauge_v2b_chain_oneslot,f_5->f_6,1.4926472902297974
"T = 2.15  (low T, ordered)",data/32Ising_T2.15_hs_dataDriven,32,2.15,16500,gauge_v3_identity_raw,f_1,1.7140159606933594
"T = 2.15  (low T, ordered)",data/32Ising_T2.15_hs_dataDriven,32,2.15,16500,gauge_v3_identity_rel,f_1,1.7070537293859147
"T = 2.15  (low T, ordered)",data/32Ising_T2.15_hs_dataDriven,32,2.15,16500,gauge_v3_identity_raw,f_2,0.7802581191062927
"T = 2.15  (low T, ordered)",data/32Ising_T2.15_hs_dataDriven,32,2.15,16500,gauge_v3_identity_rel,f_2,0.7770887568428677
"T = 2.15  (low T, ordered)",data/32Ising_T2.15_hs_dataDriven,32,2.15,16500,gauge_v3_identity_raw,f_3,1.4134230613708496
"T = 2.15  (low T, ordered)",data/32Ising_T2.15_hs_dataDriven,32,2.15,16500,gauge_v3_identity_rel,f_3,1.407681820615682
"T = 2.15  (low T, ordered)",data/32Ising_T2.15_hs_dataDriven,32,2.15,16500,gauge_v3_identity_raw,f_4,0.7630640864372253
"T = 2.15  (low T, ordered)",data/32Ising_T2.15_hs_dataDriven,32,2.15,16500,gauge_v3_identity_rel,f_4,0.7599645653160622
"T = 2.15  (low T, ordered)",data/32Ising_T2.15_hs_dataDriven,32,2.15,16500,gauge_v3_identity_raw,f_5,0.0056556034833192825
"T = 2.15  (low T, ordered)",data/32Ising_T2.15_hs_dataDriven,32,2.15,16500,gauge_v3_identity_rel,f_5,0.00563263075696373
"T = 2.269 (T_c, hs_dataDriven)",data/32Ising_T2.269185314213022_hs_dataDriven,32,2.269185314213022,16000,gauge_v3_identity_raw,f_1,1.1556825637817383
"T = 2.269 (T_c, hs_dataDriven)",data/32Ising_T2.269185314213022_hs_dataDriven,32,2.269185314213022,16000,gauge_v3_identity_rel,f_1,1.1509882496612478
"T = 2.269 (T_c, hs_dataDriven)",data/32Ising_T2.269185314213022_hs_dataDriven,32,2.269185314213022,16000,gauge_v3_identity_raw,f_2,0.6304454207420349
"T = 2.269 (T_c, hs_dataDriven)",data/32Ising_T2.269185314213022_hs_dataDriven,32,2.269185314213022,16000,gauge_v3_identity_rel,f_2,0.6278845887856337
"T = 2.269 (T_c, hs_dataDriven)",data/32Ising_T2.269185314213022_hs_dataDriven,32,2.269185314213022,16000,gauge_v3_identity_raw,f_3,0.5483589768409729
"T = 2.269 (T_c, hs_dataDriven)",data/32Ising_T2.269185314213022_hs_dataDriven,32,2.269185314213022,16000,gauge_v3_identity_rel,f_3,0.5461315751575393
"T = 2.269 (T_c, hs_dataDriven)",data/32Ising_T2.269185314213022_hs_dataDriven,32,2.269185314213022,16000,gauge_v3_identity_raw,f_4,2.017350673675537
"T = 2.269 (T_c, hs_dataDriven)",data/32Ising_T2.269185314213022_hs_dataDriven,32,2.269185314213022,16000,gauge_v3_identity_rel,f_4,2.0091563147311335
"T = 2.269 (T_c, hs_dataDriven)",data/32Ising_T2.269185314213022_hs_dataDriven,32,2.269185314213022,16000,gauge_v3_identity_raw,f_5,0.071788489818573
"T = 2.269 (T_c, hs_dataDriven)",data/32Ising_T2.269185314213022_hs_dataDriven,32,2.269185314213022,16000,gauge_v3_identity_rel,f_5,0.07149688922511828
"T = 2.269 (T_c, hs_bignet)",data/32Ising_T2.269_hs_bignet,32,2.269185314213022,9500,gauge_v3_identity_raw,f_1,2.2874436378479004
"T = 2.269 (T_c, hs_bignet)",data/32Ising_T2.269_hs_bignet,32,2.269185314213022,9500,gauge_v3_identity_rel,f_1,2.278152177281222
"T = 2.269 (T_c, hs_bignet)",data/32Ising_T2.269_hs_bignet,32,2.269185314213022,9500,gauge_v3_identity_raw,f_2,1.0347117185592651
"T = 2.269 (T_c, hs_bignet)",data/32Ising_T2.269_hs_bignet,32,2.269185314213022,9500,gauge_v3_identity_rel,f_2,1.0305087808467022
"T = 2.269 (T_c, hs_bignet)",data/32Ising_T2.269_hs_bignet,32,2.269185314213022,9500,gauge_v3_identity_raw,f_3,1.6329762935638428
"T = 2.269 (T_c, hs_bignet)",data/32Ising_T2.269_hs_bignet,32,2.269185314213022,9500,gauge_v3_identity_rel,f_3,1.6263432405841225
"T = 2.269 (T_c, hs_bignet)",data/32Ising_T2.269_hs_bignet,32,2.269185314213022,9500,gauge_v3_identity_raw,f_4,1.8765957355499268
"T = 2.269 (T_c, hs_bignet)",data/32Ising_T2.269_hs_bignet,32,2.269185314213022,9500,gauge_v3_identity_rel,f_4,1.8689731148269684
"T = 2.269 (T_c, hs_bignet)",data/32Ising_T2.269_hs_bignet,32,2.269185314213022,9500,gauge_v3_identity_raw,f_5,0.021174464374780655
"T = 2.269 (T_c, hs_bignet)",data/32Ising_T2.269_hs_bignet,32,2.269185314213022,9500,gauge_v3_identity_rel,f_5,0.021088454954699857
T_c sym_bignet (rev-KL),data/32Ising_T2.269_sym_bignet,32,2.269,5950,gauge_v3_identity_raw,f_1,1.23613440990448
T_c sym_bignet (rev-KL),data/32Ising_T2.269_sym_bignet,32,2.269,5950,gauge_v3_identity_rel,f_1,1.2311133051503766
T_c sym_bignet (rev-KL),data/32Ising_T2.269_sym_bignet,32,2.269,5950,gauge_v3_identity_raw,f_2,0.46559444069862366
T_c sym_bignet (rev-KL),data/32Ising_T2.269_sym_bignet,32,2.269,5950,gauge_v3_identity_rel,f_2,0.46370322365867683
T_c sym_bignet (rev-KL),data/32Ising_T2.269_sym_bignet,32,2.269,5950,gauge_v3_identity_raw,f_3,0.020693769678473473
T_c sym_bignet (rev-KL),data/32Ising_T2.269_sym_bignet,32,2.269,5950,gauge_v3_identity_rel,f_3,0.02060971281177648
T_c sym_bignet (rev-KL),data/32Ising_T2.269_sym_bignet,32,2.269,5950,gauge_v3_identity_raw,f_4,0.0003934535488951951
T_c sym_bignet (rev-KL),data/32Ising_T2.269_sym_bignet,32,2.269,5950,gauge_v3_identity_rel,f_4,0.00039185536388469195
T_c sym_bignet (rev-KL),data/32Ising_T2.269_sym_bignet,32,2.269,5950,gauge_v3_identity_raw,f_5,0.0003576231829356402
T_c sym_bignet (rev-KL),data/32Ising_T2.269_sym_bignet,32,2.269,5950,gauge_v3_identity_rel,f_5,0.00035617053874935426
T_c pathgrad_bignet_long_ext (STL),data/32Ising_T2.269_pathgrad_bignet_long_ext,32,2.269,4950,gauge_v3_identity_raw,f_1,1.2420772314071655
T_c pathgrad_bignet_long_ext (STL),data/32Ising_T2.269_pathgrad_bignet_long_ext,32,2.269,4950,gauge_v3_identity_rel,f_1,1.2370319872641244
T_c pathgrad_bignet_long_ext (STL),data/32Ising_T2.269_pathgrad_bignet_long_ext,32,2.269,4950,gauge_v3_identity_raw,f_2,0.5530353784561157
T_c pathgrad_bignet_long_ext (STL),data/32Ising_T2.269_pathgrad_bignet_long_ext,32,2.269,4950,gauge_v3_identity_rel,f_2,0.5507889815063148
T_c pathgrad_bignet_long_ext (STL),data/32Ising_T2.269_pathgrad_bignet_long_ext,32,2.269,4950,gauge_v3_identity_raw,f_3,0.020044002681970596
T_c pathgrad_bignet_long_ext (STL),data/32Ising_T2.269_pathgrad_bignet_long_ext,32,2.269,4950,gauge_v3_identity_rel,f_3,0.01996258513032629
T_c pathgrad_bignet_long_ext (STL),data/32Ising_T2.269_pathgrad_bignet_long_ext,32,2.269,4950,gauge_v3_identity_raw,f_4,0.00041702346061356366
T_c pathgrad_bignet_long_ext (STL),data/32Ising_T2.269_pathgrad_bignet_long_ext,32,2.269,4950,gauge_v3_identity_rel,f_4,0.0004153295360177576
T_c pathgrad_bignet_long_ext (STL),data/32Ising_T2.269_pathgrad_bignet_long_ext,32,2.269,4950,gauge_v3_identity_raw,f_5,0.00035762321203947067
T_c pathgrad_bignet_long_ext (STL),data/32Ising_T2.269_pathgrad_bignet_long_ext,32,2.269,4950,gauge_v3_identity_rel,f_5,0.00035617056773496673
"T = 2.40  (high T, disorder)",data/32Ising_T2.4_hs_dataDriven,32,2.4,17000,gauge_v3_identity_raw,f_1,0.916879415512085
"T = 2.40  (high T, disorder)",data/32Ising_T2.4_hs_dataDriven,32,2.4,17000,gauge_v3_identity_rel,f_1,0.9131551056350361
"T = 2.40  (high T, disorder)",data/32Ising_T2.4_hs_dataDriven,32,2.4,17000,gauge_v3_identity_raw,f_2,1.7297154664993286
"T = 2.40  (high T, disorder)",data/32Ising_T2.4_hs_dataDriven,32,2.4,17000,gauge_v3_identity_rel,f_2,1.722689464729216
"T = 2.40  (high T, disorder)",data/32Ising_T2.4_hs_dataDriven,32,2.4,17000,gauge_v3_identity_raw,f_3,0.5629440546035767
"T = 2.40  (high T, disorder)",data/32Ising_T2.4_hs_dataDriven,32,2.4,17000,gauge_v3_identity_rel,f_3,0.5606574091981772
"T = 2.40  (high T, disorder)",data/32Ising_T2.4_hs_dataDriven,32,2.4,17000,gauge_v3_identity_raw,f_4,0.16890105605125427
"T = 2.40  (high T, disorder)",data/32Ising_T2.4_hs_dataDriven,32,2.4,17000,gauge_v3_identity_rel,f_4,0.16821498996595083
"T = 2.40  (high T, disorder)",data/32Ising_T2.4_hs_dataDriven,32,2.4,17000,gauge_v3_identity_raw,f_5,0.008875352330505848
"T = 2.40  (high T, disorder)",data/32Ising_T2.4_hs_dataDriven,32,2.4,17000,gauge_v3_identity_rel,f_5,0.008839301175045748
L=32 baseline_b64,data/32Ising_T2.269_hsBignet_baseline_b64,32,2.269185314213022,19800,gauge_v3_identity_raw,f_1,2.0542774200439453
L=32 baseline_b64,data/32Ising_T2.269_hsBignet_baseline_b64,32,2.269185314213022,19800,gauge_v3_identity_rel,f_1,2.0459330668430447
L=32 baseline_b64,data/32Ising_T2.269_hsBignet_baseline_b64,32,2.269185314213022,19800,gauge_v3_identity_raw,f_2,0.9981358647346497
L=32 baseline_b64,data/32Ising_T2.269_hsBignet_baseline_b64,32,2.269185314213022,19800,gauge_v3_identity_rel,f_2,0.9940814959738549
L=32 baseline_b64,data/32Ising_T2.269_hsBignet_baseline_b64,32,2.269185314213022,19800,gauge_v3_identity_raw,f_3,1.504177451133728
L=32 baseline_b64,data/32Ising_T2.269_hsBignet_baseline_b64,32,2.269185314213022,19800,gauge_v3_identity_rel,f_3,1.4980675714229235
L=32 baseline_b64,data/32Ising_T2.269_hsBignet_baseline_b64,32,2.269185314213022,19800,gauge_v3_identity_raw,f_4,1.1581531763076782
L=32 baseline_b64,data/32Ising_T2.269_hsBignet_baseline_b64,32,2.269185314213022,19800,gauge_v3_identity_rel,f_4,1.153448826705447
L=32 baseline_b64,data/32Ising_T2.269_hsBignet_baseline_b64,32,2.269185314213022,19800,gauge_v3_identity_raw,f_5,0.014377976767718792
L=32 baseline_b64,data/32Ising_T2.269_hsBignet_baseline_b64,32,2.269185314213022,19800,gauge_v3_identity_rel,f_5,0.014319574277727141
L=32 iii1_lam1.0_b64 (+III.1),data/32Ising_T2.269_hsBignet_iii1_lam1.0_b64,32,2.269185314213022,19800,gauge_v3_identity_raw,f_1,2.1544241905212402
L=32 iii1_lam1.0_b64 (+III.1),data/32Ising_T2.269_hsBignet_iii1_lam1.0_b64,32,2.269185314213022,19800,gauge_v3_identity_rel,f_1,2.145673047070572
L=32 iii1_lam1.0_b64 (+III.1),data/32Ising_T2.269_hsBignet_iii1_lam1.0_b64,32,2.269185314213022,19800,gauge_v3_identity_raw,f_2,0.5812571048736572
L=32 iii1_lam1.0_b64 (+III.1),data/32Ising_T2.269_hsBignet_iii1_lam1.0_b64,32,2.269185314213022,19800,gauge_v3_identity_rel,f_2,0.5788960729427824
L=32 iii1_lam1.0_b64 (+III.1),data/32Ising_T2.269_hsBignet_iii1_lam1.0_b64,32,2.269185314213022,19800,gauge_v3_identity_raw,f_3,0.44320496916770935
L=32 iii1_lam1.0_b64 (+III.1),data/32Ising_T2.269_hsBignet_iii1_lam1.0_b64,32,2.269185314213022,19800,gauge_v3_identity_rel,f_3,0.44140469683494404
L=32 iii1_lam1.0_b64 (+III.1),data/32Ising_T2.269_hsBignet_iii1_lam1.0_b64,32,2.269185314213022,19800,gauge_v3_identity_raw,f_4,0.06049735099077225
L=32 iii1_lam1.0_b64 (+III.1),data/32Ising_T2.269_hsBignet_iii1_lam1.0_b64,32,2.269185314213022,19800,gauge_v3_identity_rel,f_4,0.060251614334437355
L=32 iii1_lam1.0_b64 (+III.1),data/32Ising_T2.269_hsBignet_iii1_lam1.0_b64,32,2.269185314213022,19800,gauge_v3_identity_raw,f_5,0.0003576232702471316
L=32 iii1_lam1.0_b64 (+III.1),data/32Ising_T2.269_hsBignet_iii1_lam1.0_b64,32,2.269185314213022,19800,gauge_v3_identity_rel,f_5,0.00035617062570619156
L=32 i2_stride8h32_b64 (+I.2 cond),data/32Ising_T2.269_hsBignet_i2_stride8h32_b64,32,2.269185314213022,19800,gauge_v3_identity_raw,f_1,0.797447681427002
L=32 i2_stride8h32_b64 (+I.2 cond),data/32Ising_T2.269_hsBignet_i2_stride8h32_b64,32,2.269185314213022,19800,gauge_v3_identity_rel,f_1,0.7942084961796054
L=32 i2_stride8h32_b64 (+I.2 cond),data/32Ising_T2.269_hsBignet_i2_stride8h32_b64,32,2.269185314213022,19800,gauge_v3_identity_raw,f_2,0.7339138388633728
L=32 i2_stride8h32_b64 (+I.2 cond),data/32Ising_T2.269_hsBignet_i2_stride8h32_b64,32,2.269185314213022,19800,gauge_v3_identity_rel,f_2,0.730932724321222
L=32 i2_stride8h32_b64 (+I.2 cond),data/32Ising_T2.269_hsBignet_i2_stride8h32_b64,32,2.269185314213022,19800,gauge_v3_identity_raw,f_3,0.6571035981178284
L=32 i2_stride8h32_b64 (+I.2 cond),data/32Ising_T2.269_hsBignet_i2_stride8h32_b64,32,2.269185314213022,19800,gauge_v3_identity_rel,f_3,0.6544344822239485
L=32 i2_stride8h32_b64 (+I.2 cond),data/32Ising_T2.269_hsBignet_i2_stride8h32_b64,32,2.269185314213022,19800,gauge_v3_identity_raw,f_4,1.8346925973892212
L=32 i2_stride8h32_b64 (+I.2 cond),data/32Ising_T2.269_hsBignet_i2_stride8h32_b64,32,2.269185314213022,19800,gauge_v3_identity_rel,f_4,1.8272401847314574
L=32 i2_stride8h32_b64 (+I.2 cond),data/32Ising_T2.269_hsBignet_i2_stride8h32_b64,32,2.269185314213022,19800,gauge_v3_identity_raw,f_5,0.030766375362873077
L=32 i2_stride8h32_b64 (+I.2 cond),data/32Ising_T2.269_hsBignet_i2_stride8h32_b64,32,2.269185314213022,19800,gauge_v3_identity_rel,f_5,0.03064140416850839
L=32 combined_lam1.0_b64 (I.2+III.1),data/32Ising_T2.269_hsBignet_combined_lam1.0_stride8h32_b64,32,2.269185314213022,19800,gauge_v3_identity_raw,f_1,0.8491677641868591
L=32 combined_lam1.0_b64 (I.2+III.1),data/32Ising_T2.269_hsBignet_combined_lam1.0_stride8h32_b64,32,2.269185314213022,19800,gauge_v3_identity_rel,f_1,0.845718495026785
L=32 combined_lam1.0_b64 (I.2+III.1),data/32Ising_T2.269_hsBignet_combined_lam1.0_stride8h32_b64,32,2.269185314213022,19800,gauge_v3_identity_raw,f_2,0.5080767869949341
L=32 combined_lam1.0_b64 (I.2+III.1),data/32Ising_T2.269_hsBignet_combined_lam1.0_stride8h32_b64,32,2.269185314213022,19800,gauge_v3_identity_rel,f_2,0.5060130091806534
L=32 combined_lam1.0_b64 (I.2+III.1),data/32Ising_T2.269_hsBignet_combined_lam1.0_stride8h32_b64,32,2.269185314213022,19800,gauge_v3_identity_raw,f_3,0.4793340861797333
L=32 combined_lam1.0_b64 (I.2+III.1),data/32Ising_T2.269_hsBignet_combined_lam1.0_stride8h32_b64,32,2.269185314213022,19800,gauge_v3_identity_rel,f_3,0.4773870595136713
L=32 combined_lam1.0_b64 (I.2+III.1),data/32Ising_T2.269_hsBignet_combined_lam1.0_stride8h32_b64,32,2.269185314213022,19800,gauge_v3_identity_raw,f_4,0.05615575611591339
L=32 combined_lam1.0_b64 (I.2+III.1),data/32Ising_T2.269_hsBignet_combined_lam1.0_stride8h32_b64,32,2.269185314213022,19800,gauge_v3_identity_rel,f_4,0.05592765476079808
L=32 combined_lam1.0_b64 (I.2+III.1),data/32Ising_T2.269_hsBignet_combined_lam1.0_stride8h32_b64,32,2.269185314213022,19800,gauge_v3_identity_raw,f_5,0.00044428478577174246
L=32 combined_lam1.0_b64 (I.2+III.1),data/32Ising_T2.269_hsBignet_combined_lam1.0_stride8h32_b64,32,2.269185314213022,19800,gauge_v3_identity_rel,f_5,0.0004424801272878914
L=32 iii1_lam0.1_b64,data/32Ising_T2.269_hsBignet_iii1_lam0.1_b64,32,2.269185314213022,19800,gauge_v3_identity_raw,f_1,2.055528402328491
L=32 iii1_lam0.1_b64,data/32Ising_T2.269_hsBignet_iii1_lam0.1_b64,32,2.269185314213022,19800,gauge_v3_identity_rel,f_1,2.047178967711649
L=32 iii1_lam0.1_b64,data/32Ising_T2.269_hsBignet_iii1_lam0.1_b64,32,2.269185314213022,19800,gauge_v3_identity_raw,f_2,0.9999426603317261
L=32 iii1_lam0.1_b64,data/32Ising_T2.269_hsBignet_iii1_lam0.1_b64,32,2.269185314213022,19800,gauge_v3_identity_rel,f_2,0.9958809524742364
L=32 iii1_lam0.1_b64,data/32Ising_T2.269_hsBignet_iii1_lam0.1_b64,32,2.269185314213022,19800,gauge_v3_identity_raw,f_3,0.5522205829620361
L=32 iii1_lam0.1_b64,data/32Ising_T2.269_hsBignet_iii1_lam0.1_b64,32,2.269185314213022,19800,gauge_v3_identity_rel,f_3,0.54997749566327
L=32 iii1_lam0.1_b64,data/32Ising_T2.269_hsBignet_iii1_lam0.1_b64,32,2.269185314213022,19800,gauge_v3_identity_raw,f_4,1.3618953227996826
L=32 iii1_lam0.1_b64,data/32Ising_T2.269_hsBignet_iii1_lam0.1_b64,32,2.269185314213022,19800,gauge_v3_identity_rel,f_4,1.356363384666491
L=32 iii1_lam0.1_b64,data/32Ising_T2.269_hsBignet_iii1_lam0.1_b64,32,2.269185314213022,19800,gauge_v3_identity_raw,f_5,0.03699107840657234
L=32 iii1_lam0.1_b64,data/32Ising_T2.269_hsBignet_iii1_lam0.1_b64,32,2.269185314213022,19800,gauge_v3_identity_rel,f_5,0.03684082283714684
L=32 iii1_lam10.0_b64,data/32Ising_T2.269_hsBignet_iii1_lam10.0_b64,32,2.269185314213022,19800,gauge_v3_identity_raw,f_1,2.367311716079712
L=32 iii1_lam10.0_b64,data/32Ising_T2.269_hsBignet_iii1_lam10.0_b64,32,2.269185314213022,19800,gauge_v3_identity_rel,f_1,2.357695836110016
L=32 iii1_lam10.0_b64,data/32Ising_T2.269_hsBignet_iii1_lam10.0_b64,32,2.269185314213022,19800,gauge_v3_identity_raw,f_2,0.052424851804971695
L=32 iii1_lam10.0_b64,data/32Ising_T2.269_hsBignet_iii1_lam10.0_b64,32,2.269185314213022,19800,gauge_v3_identity_rel,f_2,0.05221190516217785
L=32 iii1_lam10.0_b64,data/32Ising_T2.269_hsBignet_iii1_lam10.0_b64,32,2.269185314213022,19800,gauge_v3_identity_raw,f_3,0.006886974908411503
L=32 iii1_lam10.0_b64,data/32Ising_T2.269_hsBignet_iii1_lam10.0_b64,32,2.269185314213022,19800,gauge_v3_identity_rel,f_3,0.006859000424264032
L=32 iii1_lam10.0_b64,data/32Ising_T2.269_hsBignet_iii1_lam10.0_b64,32,2.269185314213022,19800,gauge_v3_identity_raw,f_4,0.00035787667729891837
L=32 iii1_lam10.0_b64,data/32Ising_T2.269_hsBignet_iii1_lam10.0_b64,32,2.269185314213022,19800,gauge_v3_identity_rel,f_4,0.00035642300343354384
L=32 iii1_lam10.0_b64,data/32Ising_T2.269_hsBignet_iii1_lam10.0_b64,32,2.269185314213022,19800,gauge_v3_identity_raw,f_5,0.00035762469633482397
L=32 iii1_lam10.0_b64,data/32Ising_T2.269_hsBignet_iii1_lam10.0_b64,32,2.269185314213022,19800,gauge_v3_identity_rel,f_5,0.00035617204600120017
L=32 i2_stride4h32 (b128),data/32Ising_T2.269_hsBignet_i2_stride4h32,32,2.269185314213022,19800,gauge_v3_identity_raw,f_1,0.7557404041290283
L=32 i2_stride4h32 (b128),data/32Ising_T2.269_hsBignet_i2_stride4h32,32,2.269185314213022,19800,gauge_v3_identity_rel,f_1,0.7526706313716034
L=32 i2_stride4h32 (b128),data/32Ising_T2.269_hsBignet_i2_stride4h32,32,2.269185314213022,19800,gauge_v3_identity_raw,f_2,0.5381639003753662
L=32 i2_stride4h32 (b128),data/32Ising_T2.269_hsBignet_i2_stride4h32,32,2.269185314213022,19800,gauge_v3_identity_rel,f_2,0.5359779104886593
L=32 i2_stride4h32 (b128),data/32Ising_T2.269_hsBignet_i2_stride4h32,32,2.269185314213022,19800,gauge_v3_identity_raw,f_3,0.16103920340538025
L=32 i2_stride4h32 (b128),data/32Ising_T2.269_hsBignet_i2_stride4h32,32,2.269185314213022,19800,gauge_v3_identity_rel,f_3,0.16038507169984972
L=32 i2_stride4h32 (b128),data/32Ising_T2.269_hsBignet_i2_stride4h32,32,2.269185314213022,19800,gauge_v3_identity_raw,f_4,0.037318386137485504
L=32 i2_stride4h32 (b128),data/32Ising_T2.269_hsBignet_i2_stride4h32,32,2.269185314213022,19800,gauge_v3_identity_rel,f_4,0.03716680106344419
L=32 i2_stride4h32 (b128),data/32Ising_T2.269_hsBignet_i2_stride4h32,32,2.269185314213022,19800,gauge_v3_identity_raw,f_5,0.0006179437623359263
L=32 i2_stride4h32 (b128),data/32Ising_T2.269_hsBignet_i2_stride4h32,32,2.269185314213022,19800,gauge_v3_identity_rel,f_5,0.0006154337113754703
L=32 i2_stride16h32 (b128),data/32Ising_T2.269_hsBignet_i2_stride16h32,32,2.269185314213022,19800,gauge_v3_identity_raw,f_1,0.8223336935043335
L=32 i2_stride16h32 (b128),data/32Ising_T2.269_hsBignet_i2_stride16h32,32,2.269185314213022,19800,gauge_v3_identity_rel,f_1,0.8189934227499314
L=32 i2_stride16h32 (b128),data/32Ising_T2.269_hsBignet_i2_stride16h32,32,2.269185314213022,19800,gauge_v3_identity_raw,f_2,0.7471446990966797
L=32 i2_stride16h32 (b128),data/32Ising_T2.269_hsBignet_i2_stride16h32,32,2.269185314213022,19800,gauge_v3_identity_rel,f_2,0.7441098415839539
L=32 i2_stride16h32 (b128),data/32Ising_T2.269_hsBignet_i2_stride16h32,32,2.269185314213022,19800,gauge_v3_identity_raw,f_3,0.6673453450202942
L=32 i2_stride16h32 (b128),data/32Ising_T2.269_hsBignet_i2_stride16h32,32,2.269185314213022,19800,gauge_v3_identity_rel,f_3,0.6646346277571374
L=32 i2_stride16h32 (b128),data/32Ising_T2.269_hsBignet_i2_stride16h32,32,2.269185314213022,19800,gauge_v3_identity_raw,f_4,0.048483721911907196
L=32 i2_stride16h32 (b128),data/32Ising_T2.269_hsBignet_i2_stride16h32,32,2.269185314213022,19800,gauge_v3_identity_rel,f_4,0.04828678390529729
L=32 i2_stride16h32 (b128),data/32Ising_T2.269_hsBignet_i2_stride16h32,32,2.269185314213022,19800,gauge_v3_identity_raw,f_5,0.0006836364627815783
L=32 i2_stride16h32 (b128),data/32Ising_T2.269_hsBignet_i2_stride16h32,32,2.269185314213022,19800,gauge_v3_identity_rel,f_5,0.0006808595719630335
L=32 i1_df4.0 (Student-t b128),data/32Ising_T2.269_hsBignet_i1_df4.0,32,2.269185314213022,19800,gauge_v3_identity_raw,f_1,1.059324860572815
L=32 i1_df4.0 (Student-t b128),data/32Ising_T2.269_hsBignet_i1_df4.0,32,2.269185314213022,19800,gauge_v3_identity_rel,f_1,1.0550219457352827
L=32 i1_df4.0 (Student-t b128),data/32Ising_T2.269_hsBignet_i1_df4.0,32,2.269185314213022,19800,gauge_v3_identity_raw,f_2,0.6660194396972656
L=32 i1_df4.0 (Student-t b128),data/32Ising_T2.269_hsBignet_i1_df4.0,32,2.269185314213022,19800,gauge_v3_identity_rel,f_2,0.6633141081829947
L=32 i1_df4.0 (Student-t b128),data/32Ising_T2.269_hsBignet_i1_df4.0,32,2.269185314213022,19800,gauge_v3_identity_raw,f_3,0.4767235815525055
L=32 i1_df4.0 (Student-t b128),data/32Ising_T2.269_hsBignet_i1_df4.0,32,2.269185314213022,19800,gauge_v3_identity_rel,f_3,0.4747871586016134
L=32 i1_df4.0 (Student-t b128),data/32Ising_T2.269_hsBignet_i1_df4.0,32,2.269185314213022,19800,gauge_v3_identity_raw,f_4,1.4179972410202026
L=32 i1_df4.0 (Student-t b128),data/32Ising_T2.269_hsBignet_i1_df4.0,32,2.269185314213022,19800,gauge_v3_identity_rel,f_4,1.412237420218238
L=32 i1_df4.0 (Student-t b128),data/32Ising_T2.269_hsBignet_i1_df4.0,32,2.269185314213022,19800,gauge_v3_identity_raw,f_5,0.7515075206756592
L=32 i1_df4.0 (Student-t b128),data/32Ising_T2.269_hsBignet_i1_df4.0,32,2.269185314213022,19800,gauge_v3_identity_rel,f_5,0.748454941640099
L=64 baseline_b16,data/64Ising_T2.269_hsBignet_baseline_b16,64,2.269185314213022,19800,gauge_v3_identity_raw,f_1,0.8041452169418335
L=64 baseline_b16,data/64Ising_T2.269_hsBignet_baseline_b16,64,2.269185314213022,19800,gauge_v3_identity_rel,f_1,0.8008788267018853
L=64 baseline_b16,data/64Ising_T2.269_hsBignet_baseline_b16,64,2.269185314213022,19800,gauge_v3_identity_raw,f_2,0.5834029316902161
L=64 baseline_b16,data/64Ising_T2.269_hsBignet_baseline_b16,64,2.269185314213022,19800,gauge_v3_identity_rel,f_2,0.5810331835379144
L=64 baseline_b16,data/64Ising_T2.269_hsBignet_baseline_b16,64,2.269185314213022,19800,gauge_v3_identity_raw,f_3,0.4551374912261963
L=64 baseline_b16,data/64Ising_T2.269_hsBignet_baseline_b16,64,2.269185314213022,19800,gauge_v3_identity_rel,f_3,0.4532887496956186
L=64 baseline_b16,data/64Ising_T2.269_hsBignet_baseline_b16,64,2.269185314213022,19800,gauge_v3_identity_raw,f_4,0.44702738523483276
L=64 baseline_b16,data/64Ising_T2.269_hsBignet_baseline_b16,64,2.269185314213022,19800,gauge_v3_identity_rel,f_4,0.4452115864744128
L=64 baseline_b16,data/64Ising_T2.269_hsBignet_baseline_b16,64,2.269185314213022,19800,gauge_v3_identity_raw,f_5,0.17034371197223663
L=64 baseline_b16,data/64Ising_T2.269_hsBignet_baseline_b16,64,2.269185314213022,19800,gauge_v3_identity_rel,f_5,0.16965178590403382
L=64 baseline_b16,data/64Ising_T2.269_hsBignet_baseline_b16,64,2.269185314213022,19800,gauge_v3_identity_raw,f_6,0.006399689707905054
L=64 baseline_b16,data/64Ising_T2.269_hsBignet_baseline_b16,64,2.269185314213022,19800,gauge_v3_identity_rel,f_6,0.006373694547379079
L=64 iii1_lam1.0_b16 (+III.1),data/64Ising_T2.269_hsBignet_iii1_lam1.0_b16,64,2.269185314213022,19800,gauge_v3_identity_raw,f_1,0.8284924626350403
L=64 iii1_lam1.0_b16 (+III.1),data/64Ising_T2.269_hsBignet_iii1_lam1.0_b16,64,2.269185314213022,19800,gauge_v3_identity_rel,f_1,0.8251271753252265
L=64 iii1_lam1.0_b16 (+III.1),data/64Ising_T2.269_hsBignet_iii1_lam1.0_b16,64,2.269185314213022,19800,gauge_v3_identity_raw,f_2,0.5246720910072327
L=64 iii1_lam1.0_b16 (+III.1),data/64Ising_T2.269_hsBignet_iii1_lam1.0_b16,64,2.269185314213022,19800,gauge_v3_identity_rel,f_2,0.5225409040510299
L=64 iii1_lam1.0_b16 (+III.1),data/64Ising_T2.269_hsBignet_iii1_lam1.0_b16,64,2.269185314213022,19800,gauge_v3_identity_raw,f_3,0.4778541624546051
L=64 iii1_lam1.0_b16 (+III.1),data/64Ising_T2.269_hsBignet_iii1_lam1.0_b16,64,2.269185314213022,19800,gauge_v3_identity_rel,f_3,0.4759131471510554
L=64 iii1_lam1.0_b16 (+III.1),data/64Ising_T2.269_hsBignet_iii1_lam1.0_b16,64,2.269185314213022,19800,gauge_v3_identity_raw,f_4,0.4592040181159973
L=64 iii1_lam1.0_b16 (+III.1),data/64Ising_T2.269_hsBignet_iii1_lam1.0_b16,64,2.269185314213022,19800,gauge_v3_identity_rel,f_4,0.4573387585940625
L=64 iii1_lam1.0_b16 (+III.1),data/64Ising_T2.269_hsBignet_iii1_lam1.0_b16,64,2.269185314213022,19800,gauge_v3_identity_raw,f_5,0.04080596938729286
L=64 iii1_lam1.0_b16 (+III.1),data/64Ising_T2.269_hsBignet_iii1_lam1.0_b16,64,2.269185314213022,19800,gauge_v3_identity_rel,f_5,0.04064021795666796
L=64 iii1_lam1.0_b16 (+III.1),data/64Ising_T2.269_hsBignet_iii1_lam1.0_b16,64,2.269185314213022,19800,gauge_v3_identity_raw,f_6,0.0007187520386651158
L=64 iii1_lam1.0_b16 (+III.1),data/64Ising_T2.269_hsBignet_iii1_lam1.0_b16,64,2.269185314213022,19800,gauge_v3_identity_rel,f_6,0.000715832510457304
L=64 i2_stride16h32_b16 (+I.2),data/64Ising_T2.269_hsBignet_i2_stride16h32_b16,64,2.269185314213022,19800,gauge_v3_identity_raw,f_1,2.1643800735473633
L=64 i2_stride16h32_b16 (+I.2),data/64Ising_T2.269_hsBignet_i2_stride16h32_b16,64,2.269185314213022,19800,gauge_v3_identity_rel,f_1,2.1555884898895514
L=64 i2_stride16h32_b16 (+I.2),data/64Ising_T2.269_hsBignet_i2_stride16h32_b16,64,2.269185314213022,19800,gauge_v3_identity_raw,f_2,0.6682251691818237
L=64 i2_stride16h32_b16 (+I.2),data/64Ising_T2.269_hsBignet_i2_stride16h32_b16,64,2.269185314213022,19800,gauge_v3_identity_rel,f_2,0.6655108781250367
L=64 i2_stride16h32_b16 (+I.2),data/64Ising_T2.269_hsBignet_i2_stride16h32_b16,64,2.269185314213022,19800,gauge_v3_identity_raw,f_3,2.1039373874664307
L=64 i2_stride16h32_b16 (+I.2),data/64Ising_T2.269_hsBignet_i2_stride16h32_b16,64,2.269185314213022,19800,gauge_v3_identity_rel,f_3,2.0953913184193276
L=64 i2_stride16h32_b16 (+I.2),data/64Ising_T2.269_hsBignet_i2_stride16h32_b16,64,2.269185314213022,19800,gauge_v3_identity_raw,f_4,0.39131537079811096
L=64 i2_stride16h32_b16 (+I.2),data/64Ising_T2.269_hsBignet_i2_stride16h32_b16,64,2.269185314213022,19800,gauge_v3_identity_rel,f_4,0.3897258709403892
L=64 i2_stride16h32_b16 (+I.2),data/64Ising_T2.269_hsBignet_i2_stride16h32_b16,64,2.269185314213022,19800,gauge_v3_identity_raw,f_5,0.0568251758813858
L=64 i2_stride16h32_b16 (+I.2),data/64Ising_T2.269_hsBignet_i2_stride16h32_b16,64,2.269185314213022,19800,gauge_v3_identity_rel,f_5,0.056594355382834326
L=64 i2_stride16h32_b16 (+I.2),data/64Ising_T2.269_hsBignet_i2_stride16h32_b16,64,2.269185314213022,19800,gauge_v3_identity_raw,f_6,0.0017344257794320583
L=64 i2_stride16h32_b16 (+I.2),data/64Ising_T2.269_hsBignet_i2_stride16h32_b16,64,2.269185314213022,19800,gauge_v3_identity_rel,f_6,0.001727380644649815
L=64 i1_df4.0_b16 (Student-t),data/64Ising_T2.269_hsBignet_i1_df4.0_b16,64,2.269185314213022,19800,gauge_v3_identity_raw,f_1,1.0882920026779175
L=64 i1_df4.0_b16 (Student-t),data/64Ising_T2.269_hsBignet_i1_df4.0_b16,64,2.269185314213022,19800,gauge_v3_identity_rel,f_1,1.0838714250249413
L=64 i1_df4.0_b16 (Student-t),data/64Ising_T2.269_hsBignet_i1_df4.0_b16,64,2.269185314213022,19800,gauge_v3_identity_raw,f_2,0.7886408567428589
L=64 i1_df4.0_b16 (Student-t),data/64Ising_T2.269_hsBignet_i1_df4.0_b16,64,2.269185314213022,19800,gauge_v3_identity_rel,f_2,0.785437444295682
L=64 i1_df4.0_b16 (Student-t),data/64Ising_T2.269_hsBignet_i1_df4.0_b16,64,2.269185314213022,19800,gauge_v3_identity_raw,f_3,0.7529257535934448
L=64 i1_df4.0_b16 (Student-t),data/64Ising_T2.269_hsBignet_i1_df4.0_b16,64,2.269185314213022,19800,gauge_v3_identity_rel,f_3,0.7498674137797776
L=64 i1_df4.0_b16 (Student-t),data/64Ising_T2.269_hsBignet_i1_df4.0_b16,64,2.269185314213022,19800,gauge_v3_identity_raw,f_4,0.47215643525123596
L=64 i1_df4.0_b16 (Student-t),data/64Ising_T2.269_hsBignet_i1_df4.0_b16,64,2.269185314213022,19800,gauge_v3_identity_rel,f_4,0.47023856377809764
L=64 i1_df4.0_b16 (Student-t),data/64Ising_T2.269_hsBignet_i1_df4.0_b16,64,2.269185314213022,19800,gauge_v3_identity_raw,f_5,0.03934952989220619
L=64 i1_df4.0_b16 (Student-t),data/64Ising_T2.269_hsBignet_i1_df4.0_b16,64,2.269185314213022,19800,gauge_v3_identity_rel,f_5,0.039189694432542256
L=64 i1_df4.0_b16 (Student-t),data/64Ising_T2.269_hsBignet_i1_df4.0_b16,64,2.269185314213022,19800,gauge_v3_identity_raw,f_6,0.002585567766800523
L=64 i1_df4.0_b16 (Student-t),data/64Ising_T2.269_hsBignet_i1_df4.0_b16,64,2.269185314213022,19800,gauge_v3_identity_rel,f_6,0.0025750653436805793
L=32 i2_stride4h32_b64 (Phase-2),data/32Ising_T2.269_hsBignet_i2_stride4h32_b64,32,2.269185314213022,19800,gauge_v3_identity_raw,f_1,0.7470253109931946
L=32 i2_stride4h32_b64 (Phase-2),data/32Ising_T2.269_hsBignet_i2_stride4h32_b64,32,2.269185314213022,19800,gauge_v3_identity_rel,f_1,0.7439909384278736
L=32 i2_stride4h32_b64 (Phase-2),data/32Ising_T2.269_hsBignet_i2_stride4h32_b64,32,2.269185314213022,19800,gauge_v3_identity_raw,f_2,0.44443345069885254
L=32 i2_stride4h32_b64 (Phase-2),data/32Ising_T2.269_hsBignet_i2_stride4h32_b64,32,2.269185314213022,19800,gauge_v3_identity_rel,f_2,0.44262818834687334
L=32 i2_stride4h32_b64 (Phase-2),data/32Ising_T2.269_hsBignet_i2_stride4h32_b64,32,2.269185314213022,19800,gauge_v3_identity_raw,f_3,0.13707754015922546
L=32 i2_stride4h32_b64 (Phase-2),data/32Ising_T2.269_hsBignet_i2_stride4h32_b64,32,2.269185314213022,19800,gauge_v3_identity_rel,f_3,0.1365207393104994
L=32 i2_stride4h32_b64 (Phase-2),data/32Ising_T2.269_hsBignet_i2_stride4h32_b64,32,2.269185314213022,19800,gauge_v3_identity_raw,f_4,0.03279386833310127
L=32 i2_stride4h32_b64 (Phase-2),data/32Ising_T2.269_hsBignet_i2_stride4h32_b64,32,2.269185314213022,19800,gauge_v3_identity_rel,f_4,0.032660661582384336
L=32 i2_stride4h32_b64 (Phase-2),data/32Ising_T2.269_hsBignet_i2_stride4h32_b64,32,2.269185314213022,19800,gauge_v3_identity_raw,f_5,0.0007735724211670458
L=32 i2_stride4h32_b64 (Phase-2),data/32Ising_T2.269_hsBignet_i2_stride4h32_b64,32,2.269185314213022,19800,gauge_v3_identity_rel,f_5,0.0007704302158126416
L=32 i2_stride8h64_b64 (Phase-2),data/32Ising_T2.269_hsBignet_i2_stride8h64_b64,32,2.269185314213022,19800,gauge_v3_identity_raw,f_1,2.5097100734710693
L=32 i2_stride8h64_b64 (Phase-2),data/32Ising_T2.269_hsBignet_i2_stride8h64_b64,32,2.269185314213022,19800,gauge_v3_identity_rel,f_1,2.4995157798082137
L=32 i2_stride8h64_b64 (Phase-2),data/32Ising_T2.269_hsBignet_i2_stride8h64_b64,32,2.269185314213022,19800,gauge_v3_identity_raw,f_2,0.6802448630332947
L=32 i2_stride8h64_b64 (Phase-2),data/32Ising_T2.269_hsBignet_i2_stride8h64_b64,32,2.269185314213022,19800,gauge_v3_identity_rel,f_2,0.6774817486920356
L=32 i2_stride8h64_b64 (Phase-2),data/32Ising_T2.269_hsBignet_i2_stride8h64_b64,32,2.269185314213022,19800,gauge_v3_identity_raw,f_3,0.5663778185844421
L=32 i2_stride8h64_b64 (Phase-2),data/32Ising_T2.269_hsBignet_i2_stride8h64_b64,32,2.269185314213022,19800,gauge_v3_identity_rel,f_3,0.5640772254331416
L=32 i2_stride8h64_b64 (Phase-2),data/32Ising_T2.269_hsBignet_i2_stride8h64_b64,32,2.269185314213022,19800,gauge_v3_identity_raw,f_4,0.05912096053361893
L=32 i2_stride8h64_b64 (Phase-2),data/32Ising_T2.269_hsBignet_i2_stride8h64_b64,32,2.269185314213022,19800,gauge_v3_identity_rel,f_4,0.058880814693794394
L=32 i2_stride8h64_b64 (Phase-2),data/32Ising_T2.269_hsBignet_i2_stride8h64_b64,32,2.269185314213022,19800,gauge_v3_identity_raw,f_5,0.0006932971882633865
L=32 i2_stride8h64_b64 (Phase-2),data/32Ising_T2.269_hsBignet_i2_stride8h64_b64,32,2.269185314213022,19800,gauge_v3_identity_rel,f_5,0.0006904810561501604
L=64 i2_stride8h32_b16 (Phase-2),data/64Ising_T2.269_hsBignet_i2_stride8h32_b16,64,2.269185314213022,19800,gauge_v3_identity_raw,f_1,0.8599018454551697
L=64 i2_stride8h32_b16 (Phase-2),data/64Ising_T2.269_hsBignet_i2_stride8h32_b16,64,2.269185314213022,19800,gauge_v3_identity_rel,f_1,0.8564089750927866
L=64 i2_stride8h32_b16 (Phase-2),data/64Ising_T2.269_hsBignet_i2_stride8h32_b16,64,2.269185314213022,19800,gauge_v3_identity_raw,f_2,0.6414849758148193
L=64 i2_stride8h32_b16 (Phase-2),data/64Ising_T2.269_hsBignet_i2_stride8h32_b16,64,2.269185314213022,19800,gauge_v3_identity_rel,f_2,0.6388793018396093
L=64 i2_stride8h32_b16 (Phase-2),data/64Ising_T2.269_hsBignet_i2_stride8h32_b16,64,2.269185314213022,19800,gauge_v3_identity_raw,f_3,0.6680992245674133
L=64 i2_stride8h32_b16 (Phase-2),data/64Ising_T2.269_hsBignet_i2_stride8h32_b16,64,2.269185314213022,19800,gauge_v3_identity_rel,f_3,0.66538544509019
L=64 i2_stride8h32_b16 (Phase-2),data/64Ising_T2.269_hsBignet_i2_stride8h32_b16,64,2.269185314213022,19800,gauge_v3_identity_raw,f_4,0.3600366711616516
L=64 i2_stride8h32_b16 (Phase-2),data/64Ising_T2.269_hsBignet_i2_stride8h32_b16,64,2.269185314213022,19800,gauge_v3_identity_rel,f_4,0.35857422352914775
L=64 i2_stride8h32_b16 (Phase-2),data/64Ising_T2.269_hsBignet_i2_stride8h32_b16,64,2.269185314213022,19800,gauge_v3_identity_raw,f_5,0.04104923829436302
L=64 i2_stride8h32_b16 (Phase-2),data/64Ising_T2.269_hsBignet_i2_stride8h32_b16,64,2.269185314213022,19800,gauge_v3_identity_rel,f_5,0.04088249871984695
L=64 i2_stride8h32_b16 (Phase-2),data/64Ising_T2.269_hsBignet_i2_stride8h32_b16,64,2.269185314213022,19800,gauge_v3_identity_raw,f_6,0.00137125956825912
L=64 i2_stride8h32_b16 (Phase-2),data/64Ising_T2.269_hsBignet_i2_stride8h32_b16,64,2.269185314213022,19800,gauge_v3_identity_rel,f_6,0.001365689593115537
L=64 i2_stride4h32_b16 (Phase-2),data/64Ising_T2.269_hsBignet_i2_stride4h32_b16,64,2.269185314213022,19800,gauge_v3_identity_raw,f_1,2.1318342685699463
L=64 i2_stride4h32_b16 (Phase-2),data/64Ising_T2.269_hsBignet_i2_stride4h32_b16,64,2.269185314213022,19800,gauge_v3_identity_rel,f_1,2.123174884044194
L=64 i2_stride4h32_b16 (Phase-2),data/64Ising_T2.269_hsBignet_i2_stride4h32_b16,64,2.269185314213022,19800,gauge_v3_identity_raw,f_2,0.7914471626281738
L=64 i2_stride4h32_b16 (Phase-2),data/64Ising_T2.269_hsBignet_i2_stride4h32_b16,64,2.269185314213022,19800,gauge_v3_identity_rel,f_2,0.7882323511327143
L=64 i2_stride4h32_b16 (Phase-2),data/64Ising_T2.269_hsBignet_i2_stride4h32_b16,64,2.269185314213022,19800,gauge_v3_identity_raw,f_3,2.1819534301757812
L=64 i2_stride4h32_b16 (Phase-2),data/64Ising_T2.269_hsBignet_i2_stride4h32_b16,64,2.269185314213022,19800,gauge_v3_identity_rel,f_3,2.1730904645842526
L=64 i2_stride4h32_b16 (Phase-2),data/64Ising_T2.269_hsBignet_i2_stride4h32_b16,64,2.269185314213022,19800,gauge_v3_identity_raw,f_4,0.3762727975845337
L=64 i2_stride4h32_b16 (Phase-2),data/64Ising_T2.269_hsBignet_i2_stride4h32_b16,64,2.269185314213022,19800,gauge_v3_identity_rel,f_4,0.3747443997682012
L=64 i2_stride4h32_b16 (Phase-2),data/64Ising_T2.269_hsBignet_i2_stride4h32_b16,64,2.269185314213022,19800,gauge_v3_identity_raw,f_5,0.06934451311826706
L=64 i2_stride4h32_b16 (Phase-2),data/64Ising_T2.269_hsBignet_i2_stride4h32_b16,64,2.269185314213022,19800,gauge_v3_identity_rel,f_5,0.06906283981340694
L=64 i2_stride4h32_b16 (Phase-2),data/64Ising_T2.269_hsBignet_i2_stride4h32_b16,64,2.269185314213022,19800,gauge_v3_identity_raw,f_6,0.0011873496696352959
L=64 i2_stride4h32_b16 (Phase-2),data/64Ising_T2.269_hsBignet_i2_stride4h32_b16,64,2.269185314213022,19800,gauge_v3_identity_rel,f_6,0.0011825267256065396
L=64 i2_stride8h64_b16 (Phase-2),data/64Ising_T2.269_hsBignet_i2_stride8h64_b16,64,2.269185314213022,19800,gauge_v3_identity_raw,f_1,1.9848198890686035
L=64 i2_stride8h64_b16 (Phase-2),data/64Ising_T2.269_hsBignet_i2_stride8h64_b16,64,2.269185314213022,19800,gauge_v3_identity_rel,f_1,1.9767576682444041
L=64 i2_stride8h64_b16 (Phase-2),data/64Ising_T2.269_hsBignet_i2_stride8h64_b16,64,2.269185314213022,19800,gauge_v3_identity_raw,f_2,0.703603982925415
L=64 i2_stride8h64_b16 (Phase-2),data/64Ising_T2.269_hsBignet_i2_stride8h64_b16,64,2.269185314213022,19800,gauge_v3_identity_rel,f_2,0.7007459852227657
L=64 i2_stride8h64_b16 (Phase-2),data/64Ising_T2.269_hsBignet_i2_stride8h64_b16,64,2.269185314213022,19800,gauge_v3_identity_raw,f_3,1.9639673233032227
L=64 i2_stride8h64_b16 (Phase-2),data/64Ising_T2.269_hsBignet_i2_stride8h64_b16,64,2.269185314213022,19800,gauge_v3_identity_rel,f_3,1.9559898043660193
L=64 i2_stride8h64_b16 (Phase-2),data/64Ising_T2.269_hsBignet_i2_stride8h64_b16,64,2.269185314213022,19800,gauge_v3_identity_raw,f_4,0.256351113319397
L=64 i2_stride8h64_b16 (Phase-2),data/64Ising_T2.269_hsBignet_i2_stride8h64_b16,64,2.269185314213022,19800,gauge_v3_identity_rel,f_4,0.25530983028132737
L=64 i2_stride8h64_b16 (Phase-2),data/64Ising_T2.269_hsBignet_i2_stride8h64_b16,64,2.269185314213022,19800,gauge_v3_identity_raw,f_5,0.03773647919297218
L=64 i2_stride8h64_b16 (Phase-2),data/64Ising_T2.269_hsBignet_i2_stride8h64_b16,64,2.269185314213022,19800,gauge_v3_identity_rel,f_5,0.037583195849704036
L=64 i2_stride8h64_b16 (Phase-2),data/64Ising_T2.269_hsBignet_i2_stride8h64_b16,64,2.269185314213022,19800,gauge_v3_identity_raw,f_6,0.0012949334923177958
L=64 i2_stride8h64_b16 (Phase-2),data/64Ising_T2.269_hsBignet_i2_stride8h64_b16,64,2.269185314213022,19800,gauge_v3_identity_rel,f_6,0.001289673549173727
L=64 i2_stride4h64_b16 (Phase-2),data/64Ising_T2.269_hsBignet_i2_stride4h64_b16,64,2.269185314213022,19800,gauge_v3_identity_raw,f_1,1.603286862373352
L=64 i2_stride4h64_b16 (Phase-2),data/64Ising_T2.269_hsBignet_i2_stride4h64_b16,64,2.269185314213022,19800,gauge_v3_identity_rel,f_1,1.5967744061045581
L=64 i2_stride4h64_b16 (Phase-2),data/64Ising_T2.269_hsBignet_i2_stride4h64_b16,64,2.269185314213022,19800,gauge_v3_identity_raw,f_2,0.6818657517433167
L=64 i2_stride4h64_b16 (Phase-2),data/64Ising_T2.269_hsBignet_i2_stride4h64_b16,64,2.269185314213022,19800,gauge_v3_identity_rel,f_2,0.6790960534481262
L=64 i2_stride4h64_b16 (Phase-2),data/64Ising_T2.269_hsBignet_i2_stride4h64_b16,64,2.269185314213022,19800,gauge_v3_identity_raw,f_3,0.18977081775665283
L=64 i2_stride4h64_b16 (Phase-2),data/64Ising_T2.269_hsBignet_i2_stride4h64_b16,64,2.269185314213022,19800,gauge_v3_identity_rel,f_3,0.1889999799354634
L=64 i2_stride4h64_b16 (Phase-2),data/64Ising_T2.269_hsBignet_i2_stride4h64_b16,64,2.269185314213022,19800,gauge_v3_identity_raw,f_4,0.13512557744979858
L=64 i2_stride4h64_b16 (Phase-2),data/64Ising_T2.269_hsBignet_i2_stride4h64_b16,64,2.269185314213022,19800,gauge_v3_identity_rel,f_4,0.13457670535797922
L=64 i2_stride4h64_b16 (Phase-2),data/64Ising_T2.269_hsBignet_i2_stride4h64_b16,64,2.269185314213022,19800,gauge_v3_identity_raw,f_5,0.0297617856413126
L=64 i2_stride4h64_b16 (Phase-2),data/64Ising_T2.269_hsBignet_i2_stride4h64_b16,64,2.269185314213022,19800,gauge_v3_identity_rel,f_5,0.029640895030892858
L=64 i2_stride4h64_b16 (Phase-2),data/64Ising_T2.269_hsBignet_i2_stride4h64_b16,64,2.269185314213022,19800,gauge_v3_identity_raw,f_6,0.0008788014529272914
L=64 i2_stride4h64_b16 (Phase-2),data/64Ising_T2.269_hsBignet_i2_stride4h64_b16,64,2.269185314213022,19800,gauge_v3_identity_rel,f_6,0.0008752318134788214
