label,folder,L,T,epoch,scale_s,L_s,source,metric,value
"T = 2.15  (low T, ordered)",data/32Ising_T2.15_hs_dataDriven,32,2.15,16500,0,32,mera_subsampled,moment_mean,0.07170471549034119
"T = 2.15  (low T, ordered)",data/32Ising_T2.15_hs_dataDriven,32,2.15,16500,0,32,mera_subsampled,moment_std,3.8077914714813232
"T = 2.15  (low T, ordered)",data/32Ising_T2.15_hs_dataDriven,32,2.15,16500,0,32,mera_subsampled,moment_var,14.499276161193848
"T = 2.15  (low T, ordered)",data/32Ising_T2.15_hs_dataDriven,32,2.15,16500,0,32,mera_subsampled,moment_kurtosis,-1.422247275224712
"T = 2.15  (low T, ordered)",data/32Ising_T2.15_hs_dataDriven,32,2.15,16500,0,32,mera_subsampled,moment_skew,-0.03001022170228763
"T = 2.15  (low T, ordered)",data/32Ising_T2.15_hs_dataDriven,32,2.15,16500,1,16,mera_subsampled,moment_mean,-6.434778213500977
"T = 2.15  (low T, ordered)",data/32Ising_T2.15_hs_dataDriven,32,2.15,16500,1,16,mera_subsampled,moment_std,13.858903884887695
"T = 2.15  (low T, ordered)",data/32Ising_T2.15_hs_dataDriven,32,2.15,16500,1,16,mera_subsampled,moment_var,192.0692138671875
"T = 2.15  (low T, ordered)",data/32Ising_T2.15_hs_dataDriven,32,2.15,16500,1,16,mera_subsampled,moment_kurtosis,-0.680001165313596
"T = 2.15  (low T, ordered)",data/32Ising_T2.15_hs_dataDriven,32,2.15,16500,1,16,mera_subsampled,moment_skew,-0.1340079972011286
"T = 2.15  (low T, ordered)",data/32Ising_T2.15_hs_dataDriven,32,2.15,16500,2,8,mera_subsampled,moment_mean,-4.807034015655518
"T = 2.15  (low T, ordered)",data/32Ising_T2.15_hs_dataDriven,32,2.15,16500,2,8,mera_subsampled,moment_std,13.083667755126953
"T = 2.15  (low T, ordered)",data/32Ising_T2.15_hs_dataDriven,32,2.15,16500,2,8,mera_subsampled,moment_var,171.18235778808594
"T = 2.15  (low T, ordered)",data/32Ising_T2.15_hs_dataDriven,32,2.15,16500,2,8,mera_subsampled,moment_kurtosis,-1.3312533748166537
"T = 2.15  (low T, ordered)",data/32Ising_T2.15_hs_dataDriven,32,2.15,16500,2,8,mera_subsampled,moment_skew,-0.05426699493014816
"T = 2.15  (low T, ordered)",data/32Ising_T2.15_hs_dataDriven,32,2.15,16500,3,4,mera_subsampled,moment_mean,-0.8373194336891174
"T = 2.15  (low T, ordered)",data/32Ising_T2.15_hs_dataDriven,32,2.15,16500,3,4,mera_subsampled,moment_std,7.11987829208374
"T = 2.15  (low T, ordered)",data/32Ising_T2.15_hs_dataDriven,32,2.15,16500,3,4,mera_subsampled,moment_var,50.692665100097656
"T = 2.15  (low T, ordered)",data/32Ising_T2.15_hs_dataDriven,32,2.15,16500,3,4,mera_subsampled,moment_kurtosis,-1.3764060220368526
"T = 2.15  (low T, ordered)",data/32Ising_T2.15_hs_dataDriven,32,2.15,16500,3,4,mera_subsampled,moment_skew,-0.014845041372176928
"T = 2.15  (low T, ordered)",data/32Ising_T2.15_hs_dataDriven,32,2.15,16500,4,2,mera_subsampled,moment_mean,0.6714745759963989
"T = 2.15  (low T, ordered)",data/32Ising_T2.15_hs_dataDriven,32,2.15,16500,4,2,mera_subsampled,moment_std,5.945944309234619
"T = 2.15  (low T, ordered)",data/32Ising_T2.15_hs_dataDriven,32,2.15,16500,4,2,mera_subsampled,moment_var,35.354251861572266
"T = 2.15  (low T, ordered)",data/32Ising_T2.15_hs_dataDriven,32,2.15,16500,4,2,mera_subsampled,moment_kurtosis,-1.2525780799956365
"T = 2.15  (low T, ordered)",data/32Ising_T2.15_hs_dataDriven,32,2.15,16500,4,2,mera_subsampled,moment_skew,0.017363801378467665
"T = 2.15  (low T, ordered)",data/32Ising_T2.15_hs_dataDriven,32,2.15,16500,5,1,mera_subsampled,moment_mean,0.5226792097091675
"T = 2.15  (low T, ordered)",data/32Ising_T2.15_hs_dataDriven,32,2.15,16500,5,1,mera_subsampled,moment_std,4.895700931549072
"T = 2.15  (low T, ordered)",data/32Ising_T2.15_hs_dataDriven,32,2.15,16500,5,1,mera_subsampled,moment_var,23.9678897857666
"T = 2.15  (low T, ordered)",data/32Ising_T2.15_hs_dataDriven,32,2.15,16500,5,1,mera_subsampled,moment_kurtosis,-1.0123550173790512
"T = 2.15  (low T, ordered)",data/32Ising_T2.15_hs_dataDriven,32,2.15,16500,5,1,mera_subsampled,moment_skew,-0.012322529034006685
"T = 2.15  (low T, ordered)",data/32Ising_T2.15_hs_dataDriven,32,2.15,16500,0,32,blockRG,moment_mean,0.07170471549034119
"T = 2.15  (low T, ordered)",data/32Ising_T2.15_hs_dataDriven,32,2.15,16500,0,32,blockRG,moment_std,3.8077914714813232
"T = 2.15  (low T, ordered)",data/32Ising_T2.15_hs_dataDriven,32,2.15,16500,0,32,blockRG,moment_var,14.499276161193848
"T = 2.15  (low T, ordered)",data/32Ising_T2.15_hs_dataDriven,32,2.15,16500,0,32,blockRG,moment_kurtosis,-1.422247275224712
"T = 2.15  (low T, ordered)",data/32Ising_T2.15_hs_dataDriven,32,2.15,16500,0,32,blockRG,moment_skew,-0.03001022170228763
"T = 2.15  (low T, ordered)",data/32Ising_T2.15_hs_dataDriven,32,2.15,16500,1,16,blockRG,moment_mean,0.07170470058917999
"T = 2.15  (low T, ordered)",data/32Ising_T2.15_hs_dataDriven,32,2.15,16500,1,16,blockRG,moment_std,3.5418622493743896
"T = 2.15  (low T, ordered)",data/32Ising_T2.15_hs_dataDriven,32,2.15,16500,1,16,blockRG,moment_var,12.544788360595703
"T = 2.15  (low T, ordered)",data/32Ising_T2.15_hs_dataDriven,32,2.15,16500,1,16,blockRG,moment_kurtosis,-1.6523812609705748
"T = 2.15  (low T, ordered)",data/32Ising_T2.15_hs_dataDriven,32,2.15,16500,1,16,blockRG,moment_skew,-0.03549020619414235
"T = 2.15  (low T, ordered)",data/32Ising_T2.15_hs_dataDriven,32,2.15,16500,2,8,blockRG,moment_mean,0.07170472294092178
"T = 2.15  (low T, ordered)",data/32Ising_T2.15_hs_dataDriven,32,2.15,16500,2,8,blockRG,moment_std,3.3629002571105957
"T = 2.15  (low T, ordered)",data/32Ising_T2.15_hs_dataDriven,32,2.15,16500,2,8,blockRG,moment_var,11.309098243713379
"T = 2.15  (low T, ordered)",data/32Ising_T2.15_hs_dataDriven,32,2.15,16500,2,8,blockRG,moment_kurtosis,-1.8029865229629574
"T = 2.15  (low T, ordered)",data/32Ising_T2.15_hs_dataDriven,32,2.15,16500,2,8,blockRG,moment_skew,-0.03945050966325358
"T = 2.15  (low T, ordered)",data/32Ising_T2.15_hs_dataDriven,32,2.15,16500,3,4,blockRG,moment_mean,0.07170471549034119
"T = 2.15  (low T, ordered)",data/32Ising_T2.15_hs_dataDriven,32,2.15,16500,3,4,blockRG,moment_std,3.264045476913452
"T = 2.15  (low T, ordered)",data/32Ising_T2.15_hs_dataDriven,32,2.15,16500,3,4,blockRG,moment_var,10.653992652893066
"T = 2.15  (low T, ordered)",data/32Ising_T2.15_hs_dataDriven,32,2.15,16500,3,4,blockRG,moment_kurtosis,-1.8938006469234323
"T = 2.15  (low T, ordered)",data/32Ising_T2.15_hs_dataDriven,32,2.15,16500,3,4,blockRG,moment_skew,-0.04057404109350937
"T = 2.15  (low T, ordered)",data/32Ising_T2.15_hs_dataDriven,32,2.15,16500,4,2,blockRG,moment_mean,0.07170471549034119
"T = 2.15  (low T, ordered)",data/32Ising_T2.15_hs_dataDriven,32,2.15,16500,4,2,blockRG,moment_std,3.2175841331481934
"T = 2.15  (low T, ordered)",data/32Ising_T2.15_hs_dataDriven,32,2.15,16500,4,2,blockRG,moment_var,10.352848052978516
"T = 2.15  (low T, ordered)",data/32Ising_T2.15_hs_dataDriven,32,2.15,16500,4,2,blockRG,moment_kurtosis,-1.9515647325713947
"T = 2.15  (low T, ordered)",data/32Ising_T2.15_hs_dataDriven,32,2.15,16500,4,2,blockRG,moment_skew,-0.04220792313192418
"T = 2.15  (low T, ordered)",data/32Ising_T2.15_hs_dataDriven,32,2.15,16500,5,1,blockRG,moment_mean,0.07170470058917999
"T = 2.15  (low T, ordered)",data/32Ising_T2.15_hs_dataDriven,32,2.15,16500,5,1,blockRG,moment_std,3.2014214992523193
"T = 2.15  (low T, ordered)",data/32Ising_T2.15_hs_dataDriven,32,2.15,16500,5,1,blockRG,moment_var,10.249099731445312
"T = 2.15  (low T, ordered)",data/32Ising_T2.15_hs_dataDriven,32,2.15,16500,5,1,blockRG,moment_kurtosis,-1.9802079241062978
"T = 2.15  (low T, ordered)",data/32Ising_T2.15_hs_dataDriven,32,2.15,16500,5,1,blockRG,moment_skew,-0.042136026529872174
"T = 2.15  (low T, ordered)",data/32Ising_T2.15_hs_dataDriven,32,2.15,16500,0,32,cross,v5_ks,0.001475000000000004
"T = 2.15  (low T, ordered)",data/32Ising_T2.15_hs_dataDriven,32,2.15,16500,0,32,cross,v5_w1,0.015890099248613114
"T = 2.15  (low T, ordered)",data/32Ising_T2.15_hs_dataDriven,32,2.15,16500,0,32,cross,v5_rms_g,0.0
"T = 2.15  (low T, ordered)",data/32Ising_T2.15_hs_dataDriven,32,2.15,16500,1,16,cross,v5_ks,0.16129500000000008
"T = 2.15  (low T, ordered)",data/32Ising_T2.15_hs_dataDriven,32,2.15,16500,1,16,cross,v5_w1,0.22856320056302865
"T = 2.15  (low T, ordered)",data/32Ising_T2.15_hs_dataDriven,32,2.15,16500,1,16,cross,v5_rms_g,0.12461696565151215
"T = 2.15  (low T, ordered)",data/32Ising_T2.15_hs_dataDriven,32,2.15,16500,2,8,cross,v5_ks,0.0992578125000001
"T = 2.15  (low T, ordered)",data/32Ising_T2.15_hs_dataDriven,32,2.15,16500,2,8,cross,v5_w1,0.142340840605626
"T = 2.15  (low T, ordered)",data/32Ising_T2.15_hs_dataDriven,32,2.15,16500,2,8,cross,v5_rms_g,0.09482751041650772
"T = 2.15  (low T, ordered)",data/32Ising_T2.15_hs_dataDriven,32,2.15,16500,3,4,cross,v5_ks,0.1333125
"T = 2.15  (low T, ordered)",data/32Ising_T2.15_hs_dataDriven,32,2.15,16500,3,4,cross,v5_w1,0.19740427295432308
"T = 2.15  (low T, ordered)",data/32Ising_T2.15_hs_dataDriven,32,2.15,16500,3,4,cross,v5_rms_g,0.1379052698612213
"T = 2.15  (low T, ordered)",data/32Ising_T2.15_hs_dataDriven,32,2.15,16500,4,2,cross,v5_ks,0.175875
"T = 2.15  (low T, ordered)",data/32Ising_T2.15_hs_dataDriven,32,2.15,16500,4,2,cross,v5_w1,0.24470469109874102
"T = 2.15  (low T, ordered)",data/32Ising_T2.15_hs_dataDriven,32,2.15,16500,4,2,cross,v5_rms_g,nan
"T = 2.15  (low T, ordered)",data/32Ising_T2.15_hs_dataDriven,32,2.15,16500,5,1,cross,v5_ks,0.2285
"T = 2.15  (low T, ordered)",data/32Ising_T2.15_hs_dataDriven,32,2.15,16500,5,1,cross,v5_w1,0.31415216085794956
"T = 2.15  (low T, ordered)",data/32Ising_T2.15_hs_dataDriven,32,2.15,16500,5,1,cross,v5_rms_g,nan
"T = 2.269 (T_c, hs_dataDriven)",data/32Ising_T2.269185314213022_hs_dataDriven,32,2.269185314213022,16000,0,32,mera_subsampled,moment_mean,-0.03459131717681885
"T = 2.269 (T_c, hs_dataDriven)",data/32Ising_T2.269185314213022_hs_dataDriven,32,2.269185314213022,16000,0,32,mera_subsampled,moment_std,3.50704026222229
"T = 2.269 (T_c, hs_dataDriven)",data/32Ising_T2.269185314213022_hs_dataDriven,32,2.269185314213022,16000,0,32,mera_subsampled,moment_var,12.299330711364746
"T = 2.269 (T_c, hs_dataDriven)",data/32Ising_T2.269185314213022_hs_dataDriven,32,2.269185314213022,16000,0,32,mera_subsampled,moment_kurtosis,-1.333952273373866
"T = 2.269 (T_c, hs_dataDriven)",data/32Ising_T2.269185314213022_hs_dataDriven,32,2.269185314213022,16000,0,32,mera_subsampled,moment_skew,0.015193538311129993
"T = 2.269 (T_c, hs_dataDriven)",data/32Ising_T2.269185314213022_hs_dataDriven,32,2.269185314213022,16000,1,16,mera_subsampled,moment_mean,-3.263361930847168
"T = 2.269 (T_c, hs_dataDriven)",data/32Ising_T2.269185314213022_hs_dataDriven,32,2.269185314213022,16000,1,16,mera_subsampled,moment_std,8.347613334655762
"T = 2.269 (T_c, hs_dataDriven)",data/32Ising_T2.269185314213022_hs_dataDriven,32,2.269185314213022,16000,1,16,mera_subsampled,moment_var,69.68264770507812
"T = 2.269 (T_c, hs_dataDriven)",data/32Ising_T2.269185314213022_hs_dataDriven,32,2.269185314213022,16000,1,16,mera_subsampled,moment_kurtosis,-0.674766592232181
"T = 2.269 (T_c, hs_dataDriven)",data/32Ising_T2.269185314213022_hs_dataDriven,32,2.269185314213022,16000,1,16,mera_subsampled,moment_skew,-0.5874693556529066
"T = 2.269 (T_c, hs_dataDriven)",data/32Ising_T2.269185314213022_hs_dataDriven,32,2.269185314213022,16000,2,8,mera_subsampled,moment_mean,-4.739835739135742
"T = 2.269 (T_c, hs_dataDriven)",data/32Ising_T2.269185314213022_hs_dataDriven,32,2.269185314213022,16000,2,8,mera_subsampled,moment_std,14.32494831085205
"T = 2.269 (T_c, hs_dataDriven)",data/32Ising_T2.269185314213022_hs_dataDriven,32,2.269185314213022,16000,2,8,mera_subsampled,moment_var,205.2041473388672
"T = 2.269 (T_c, hs_dataDriven)",data/32Ising_T2.269185314213022_hs_dataDriven,32,2.269185314213022,16000,2,8,mera_subsampled,moment_kurtosis,-1.1593584200184885
"T = 2.269 (T_c, hs_dataDriven)",data/32Ising_T2.269185314213022_hs_dataDriven,32,2.269185314213022,16000,2,8,mera_subsampled,moment_skew,-0.351670103939842
"T = 2.269 (T_c, hs_dataDriven)",data/32Ising_T2.269185314213022_hs_dataDriven,32,2.269185314213022,16000,3,4,mera_subsampled,moment_mean,-13.324358940124512
"T = 2.269 (T_c, hs_dataDriven)",data/32Ising_T2.269185314213022_hs_dataDriven,32,2.269185314213022,16000,3,4,mera_subsampled,moment_std,28.941694259643555
"T = 2.269 (T_c, hs_dataDriven)",data/32Ising_T2.269185314213022_hs_dataDriven,32,2.269185314213022,16000,3,4,mera_subsampled,moment_var,837.6216430664062
"T = 2.269 (T_c, hs_dataDriven)",data/32Ising_T2.269185314213022_hs_dataDriven,32,2.269185314213022,16000,3,4,mera_subsampled,moment_kurtosis,-1.258003063664568
"T = 2.269 (T_c, hs_dataDriven)",data/32Ising_T2.269185314213022_hs_dataDriven,32,2.269185314213022,16000,3,4,mera_subsampled,moment_skew,-0.35876475954187564
"T = 2.269 (T_c, hs_dataDriven)",data/32Ising_T2.269185314213022_hs_dataDriven,32,2.269185314213022,16000,4,2,mera_subsampled,moment_mean,12.697222709655762
"T = 2.269 (T_c, hs_dataDriven)",data/32Ising_T2.269185314213022_hs_dataDriven,32,2.269185314213022,16000,4,2,mera_subsampled,moment_std,24.18898582458496
"T = 2.269 (T_c, hs_dataDriven)",data/32Ising_T2.269185314213022_hs_dataDriven,32,2.269185314213022,16000,4,2,mera_subsampled,moment_var,585.1069946289062
"T = 2.269 (T_c, hs_dataDriven)",data/32Ising_T2.269185314213022_hs_dataDriven,32,2.269185314213022,16000,4,2,mera_subsampled,moment_kurtosis,-1.4572525955549782
"T = 2.269 (T_c, hs_dataDriven)",data/32Ising_T2.269185314213022_hs_dataDriven,32,2.269185314213022,16000,4,2,mera_subsampled,moment_skew,0.2672633283999135
"T = 2.269 (T_c, hs_dataDriven)",data/32Ising_T2.269185314213022_hs_dataDriven,32,2.269185314213022,16000,5,1,mera_subsampled,moment_mean,6.628767013549805
"T = 2.269 (T_c, hs_dataDriven)",data/32Ising_T2.269185314213022_hs_dataDriven,32,2.269185314213022,16000,5,1,mera_subsampled,moment_std,11.135059356689453
"T = 2.269 (T_c, hs_dataDriven)",data/32Ising_T2.269185314213022_hs_dataDriven,32,2.269185314213022,16000,5,1,mera_subsampled,moment_var,123.98954772949219
"T = 2.269 (T_c, hs_dataDriven)",data/32Ising_T2.269185314213022_hs_dataDriven,32,2.269185314213022,16000,5,1,mera_subsampled,moment_kurtosis,-1.0591520520295532
"T = 2.269 (T_c, hs_dataDriven)",data/32Ising_T2.269185314213022_hs_dataDriven,32,2.269185314213022,16000,5,1,mera_subsampled,moment_skew,0.43079579472682844
"T = 2.269 (T_c, hs_dataDriven)",data/32Ising_T2.269185314213022_hs_dataDriven,32,2.269185314213022,16000,0,32,blockRG,moment_mean,-0.03459131717681885
"T = 2.269 (T_c, hs_dataDriven)",data/32Ising_T2.269185314213022_hs_dataDriven,32,2.269185314213022,16000,0,32,blockRG,moment_std,3.50704026222229
"T = 2.269 (T_c, hs_dataDriven)",data/32Ising_T2.269185314213022_hs_dataDriven,32,2.269185314213022,16000,0,32,blockRG,moment_var,12.299330711364746
"T = 2.269 (T_c, hs_dataDriven)",data/32Ising_T2.269185314213022_hs_dataDriven,32,2.269185314213022,16000,0,32,blockRG,moment_kurtosis,-1.333952273373866
"T = 2.269 (T_c, hs_dataDriven)",data/32Ising_T2.269185314213022_hs_dataDriven,32,2.269185314213022,16000,0,32,blockRG,moment_skew,0.015193538311129993
"T = 2.269 (T_c, hs_dataDriven)",data/32Ising_T2.269185314213022_hs_dataDriven,32,2.269185314213022,16000,1,16,blockRG,moment_mean,-0.03459132835268974
"T = 2.269 (T_c, hs_dataDriven)",data/32Ising_T2.269185314213022_hs_dataDriven,32,2.269185314213022,16000,1,16,blockRG,moment_std,3.178054094314575
"T = 2.269 (T_c, hs_dataDriven)",data/32Ising_T2.269185314213022_hs_dataDriven,32,2.269185314213022,16000,1,16,blockRG,moment_var,10.100027084350586
"T = 2.269 (T_c, hs_dataDriven)",data/32Ising_T2.269185314213022_hs_dataDriven,32,2.269185314213022,16000,1,16,blockRG,moment_kurtosis,-1.5319216496856525
"T = 2.269 (T_c, hs_dataDriven)",data/32Ising_T2.269185314213022_hs_dataDriven,32,2.269185314213022,16000,1,16,blockRG,moment_skew,0.017708419403094918
"T = 2.269 (T_c, hs_dataDriven)",data/32Ising_T2.269185314213022_hs_dataDriven,32,2.269185314213022,16000,2,8,blockRG,moment_mean,-0.034591324627399445
"T = 2.269 (T_c, hs_dataDriven)",data/32Ising_T2.269185314213022_hs_dataDriven,32,2.269185314213022,16000,2,8,blockRG,moment_std,2.9044411182403564
"T = 2.269 (T_c, hs_dataDriven)",data/32Ising_T2.269185314213022_hs_dataDriven,32,2.269185314213022,16000,2,8,blockRG,moment_var,8.435778617858887
"T = 2.269 (T_c, hs_dataDriven)",data/32Ising_T2.269185314213022_hs_dataDriven,32,2.269185314213022,16000,2,8,blockRG,moment_kurtosis,-1.6519473292115174
"T = 2.269 (T_c, hs_dataDriven)",data/32Ising_T2.269185314213022_hs_dataDriven,32,2.269185314213022,16000,2,8,blockRG,moment_skew,0.020201961672020208
"T = 2.269 (T_c, hs_dataDriven)",data/32Ising_T2.269185314213022_hs_dataDriven,32,2.269185314213022,16000,3,4,blockRG,moment_mean,-0.034591320902109146
"T = 2.269 (T_c, hs_dataDriven)",data/32Ising_T2.269185314213022_hs_dataDriven,32,2.269185314213022,16000,3,4,blockRG,moment_std,2.6928799152374268
"T = 2.269 (T_c, hs_dataDriven)",data/32Ising_T2.269185314213022_hs_dataDriven,32,2.269185314213022,16000,3,4,blockRG,moment_var,7.251602649688721
"T = 2.269 (T_c, hs_dataDriven)",data/32Ising_T2.269185314213022_hs_dataDriven,32,2.269185314213022,16000,3,4,blockRG,moment_kurtosis,-1.7200876821647981
"T = 2.269 (T_c, hs_dataDriven)",data/32Ising_T2.269185314213022_hs_dataDriven,32,2.269185314213022,16000,3,4,blockRG,moment_skew,0.023164850939309607
"T = 2.269 (T_c, hs_dataDriven)",data/32Ising_T2.269185314213022_hs_dataDriven,32,2.269185314213022,16000,4,2,blockRG,moment_mean,-0.03459133207798004
"T = 2.269 (T_c, hs_dataDriven)",data/32Ising_T2.269185314213022_hs_dataDriven,32,2.269185314213022,16000,4,2,blockRG,moment_std,2.537604570388794
"T = 2.269 (T_c, hs_dataDriven)",data/32Ising_T2.269185314213022_hs_dataDriven,32,2.269185314213022,16000,4,2,blockRG,moment_var,6.439437389373779
"T = 2.269 (T_c, hs_dataDriven)",data/32Ising_T2.269185314213022_hs_dataDriven,32,2.269185314213022,16000,4,2,blockRG,moment_kurtosis,-1.7778427325893864
"T = 2.269 (T_c, hs_dataDriven)",data/32Ising_T2.269185314213022_hs_dataDriven,32,2.269185314213022,16000,4,2,blockRG,moment_skew,0.02887104909514786
"T = 2.269 (T_c, hs_dataDriven)",data/32Ising_T2.269185314213022_hs_dataDriven,32,2.269185314213022,16000,5,1,blockRG,moment_mean,-0.03459133207798004
"T = 2.269 (T_c, hs_dataDriven)",data/32Ising_T2.269185314213022_hs_dataDriven,32,2.269185314213022,16000,5,1,blockRG,moment_std,2.4618563652038574
"T = 2.269 (T_c, hs_dataDriven)",data/32Ising_T2.269185314213022_hs_dataDriven,32,2.269185314213022,16000,5,1,blockRG,moment_var,6.060737133026123
"T = 2.269 (T_c, hs_dataDriven)",data/32Ising_T2.269185314213022_hs_dataDriven,32,2.269185314213022,16000,5,1,blockRG,moment_kurtosis,-1.8368664852056662
"T = 2.269 (T_c, hs_dataDriven)",data/32Ising_T2.269185314213022_hs_dataDriven,32,2.269185314213022,16000,5,1,blockRG,moment_skew,0.03380660784540168
"T = 2.269 (T_c, hs_dataDriven)",data/32Ising_T2.269185314213022_hs_dataDriven,32,2.269185314213022,16000,0,32,cross,v5_ks,0.004724999999999979
"T = 2.269 (T_c, hs_dataDriven)",data/32Ising_T2.269185314213022_hs_dataDriven,32,2.269185314213022,16000,0,32,cross,v5_w1,0.009195985288557855
"T = 2.269 (T_c, hs_dataDriven)",data/32Ising_T2.269185314213022_hs_dataDriven,32,2.269185314213022,16000,0,32,cross,v5_rms_g,0.0
"T = 2.269 (T_c, hs_dataDriven)",data/32Ising_T2.269185314213022_hs_dataDriven,32,2.269185314213022,16000,1,16,cross,v5_ks,0.10138499999999995
"T = 2.269 (T_c, hs_dataDriven)",data/32Ising_T2.269185314213022_hs_dataDriven,32,2.269185314213022,16000,1,16,cross,v5_w1,0.23562834939772356
"T = 2.269 (T_c, hs_dataDriven)",data/32Ising_T2.269185314213022_hs_dataDriven,32,2.269185314213022,16000,1,16,cross,v5_rms_g,0.11032994091510773
"T = 2.269 (T_c, hs_dataDriven)",data/32Ising_T2.269185314213022_hs_dataDriven,32,2.269185314213022,16000,2,8,cross,v5_ks,0.0845390625000001
"T = 2.269 (T_c, hs_dataDriven)",data/32Ising_T2.269185314213022_hs_dataDriven,32,2.269185314213022,16000,2,8,cross,v5_w1,0.16550414694343493
"T = 2.269 (T_c, hs_dataDriven)",data/32Ising_T2.269185314213022_hs_dataDriven,32,2.269185314213022,16000,2,8,cross,v5_rms_g,0.06815832108259201
"T = 2.269 (T_c, hs_dataDriven)",data/32Ising_T2.269185314213022_hs_dataDriven,32,2.269185314213022,16000,3,4,cross,v5_ks,0.09675
"T = 2.269 (T_c, hs_dataDriven)",data/32Ising_T2.269185314213022_hs_dataDriven,32,2.269185314213022,16000,3,4,cross,v5_w1,0.16432571807003554
"T = 2.269 (T_c, hs_dataDriven)",data/32Ising_T2.269185314213022_hs_dataDriven,32,2.269185314213022,16000,3,4,cross,v5_rms_g,0.052910126745700836
"T = 2.269 (T_c, hs_dataDriven)",data/32Ising_T2.269185314213022_hs_dataDriven,32,2.269185314213022,16000,4,2,cross,v5_ks,0.09725
"T = 2.269 (T_c, hs_dataDriven)",data/32Ising_T2.269185314213022_hs_dataDriven,32,2.269185314213022,16000,4,2,cross,v5_w1,0.1256984448522999
"T = 2.269 (T_c, hs_dataDriven)",data/32Ising_T2.269185314213022_hs_dataDriven,32,2.269185314213022,16000,4,2,cross,v5_rms_g,nan
"T = 2.269 (T_c, hs_dataDriven)",data/32Ising_T2.269185314213022_hs_dataDriven,32,2.269185314213022,16000,5,1,cross,v5_ks,0.1395
"T = 2.269 (T_c, hs_dataDriven)",data/32Ising_T2.269185314213022_hs_dataDriven,32,2.269185314213022,16000,5,1,cross,v5_w1,0.23823972726589998
"T = 2.269 (T_c, hs_dataDriven)",data/32Ising_T2.269185314213022_hs_dataDriven,32,2.269185314213022,16000,5,1,cross,v5_rms_g,nan
"T = 2.269 (T_c, hs_bignet)",data/32Ising_T2.269_hs_bignet,32,2.269185314213022,9500,0,32,mera_subsampled,moment_mean,-0.03459131717681885
"T = 2.269 (T_c, hs_bignet)",data/32Ising_T2.269_hs_bignet,32,2.269185314213022,9500,0,32,mera_subsampled,moment_std,3.50704026222229
"T = 2.269 (T_c, hs_bignet)",data/32Ising_T2.269_hs_bignet,32,2.269185314213022,9500,0,32,mera_subsampled,moment_var,12.299330711364746
"T = 2.269 (T_c, hs_bignet)",data/32Ising_T2.269_hs_bignet,32,2.269185314213022,9500,0,32,mera_subsampled,moment_kurtosis,-1.333952273373866
"T = 2.269 (T_c, hs_bignet)",data/32Ising_T2.269_hs_bignet,32,2.269185314213022,9500,0,32,mera_subsampled,moment_skew,0.015193538311129993
"T = 2.269 (T_c, hs_bignet)",data/32Ising_T2.269_hs_bignet,32,2.269185314213022,9500,1,16,mera_subsampled,moment_mean,1.3132463693618774
"T = 2.269 (T_c, hs_bignet)",data/32Ising_T2.269_hs_bignet,32,2.269185314213022,9500,1,16,mera_subsampled,moment_std,8.377580642700195
"T = 2.269 (T_c, hs_bignet)",data/32Ising_T2.269_hs_bignet,32,2.269185314213022,9500,1,16,mera_subsampled,moment_var,70.1838607788086
"T = 2.269 (T_c, hs_bignet)",data/32Ising_T2.269_hs_bignet,32,2.269185314213022,9500,1,16,mera_subsampled,moment_kurtosis,-1.0037132872870485
"T = 2.269 (T_c, hs_bignet)",data/32Ising_T2.269_hs_bignet,32,2.269185314213022,9500,1,16,mera_subsampled,moment_skew,0.10434658770044478
"T = 2.269 (T_c, hs_bignet)",data/32Ising_T2.269_hs_bignet,32,2.269185314213022,9500,2,8,mera_subsampled,moment_mean,6.449704647064209
"T = 2.269 (T_c, hs_bignet)",data/32Ising_T2.269_hs_bignet,32,2.269185314213022,9500,2,8,mera_subsampled,moment_std,15.921422004699707
"T = 2.269 (T_c, hs_bignet)",data/32Ising_T2.269_hs_bignet,32,2.269185314213022,9500,2,8,mera_subsampled,moment_var,253.49166870117188
"T = 2.269 (T_c, hs_bignet)",data/32Ising_T2.269_hs_bignet,32,2.269185314213022,9500,2,8,mera_subsampled,moment_kurtosis,-1.0578716230478329
"T = 2.269 (T_c, hs_bignet)",data/32Ising_T2.269_hs_bignet,32,2.269185314213022,9500,2,8,mera_subsampled,moment_skew,0.367232812972177
"T = 2.269 (T_c, hs_bignet)",data/32Ising_T2.269_hs_bignet,32,2.269185314213022,9500,3,4,mera_subsampled,moment_mean,-6.942422389984131
"T = 2.269 (T_c, hs_bignet)",data/32Ising_T2.269_hs_bignet,32,2.269185314213022,9500,3,4,mera_subsampled,moment_std,10.034053802490234
"T = 2.269 (T_c, hs_bignet)",data/32Ising_T2.269_hs_bignet,32,2.269185314213022,9500,3,4,mera_subsampled,moment_var,100.68223571777344
"T = 2.269 (T_c, hs_bignet)",data/32Ising_T2.269_hs_bignet,32,2.269185314213022,9500,3,4,mera_subsampled,moment_kurtosis,-1.2350607249552357
"T = 2.269 (T_c, hs_bignet)",data/32Ising_T2.269_hs_bignet,32,2.269185314213022,9500,3,4,mera_subsampled,moment_skew,-0.36500631696916264
"T = 2.269 (T_c, hs_bignet)",data/32Ising_T2.269_hs_bignet,32,2.269185314213022,9500,4,2,mera_subsampled,moment_mean,5.550717353820801
"T = 2.269 (T_c, hs_bignet)",data/32Ising_T2.269_hs_bignet,32,2.269185314213022,9500,4,2,mera_subsampled,moment_std,8.714001655578613
"T = 2.269 (T_c, hs_bignet)",data/32Ising_T2.269_hs_bignet,32,2.269185314213022,9500,4,2,mera_subsampled,moment_var,75.93382263183594
"T = 2.269 (T_c, hs_bignet)",data/32Ising_T2.269_hs_bignet,32,2.269185314213022,9500,4,2,mera_subsampled,moment_kurtosis,-1.4461139642359513
"T = 2.269 (T_c, hs_bignet)",data/32Ising_T2.269_hs_bignet,32,2.269185314213022,9500,4,2,mera_subsampled,moment_skew,0.09223421172531576
"T = 2.269 (T_c, hs_bignet)",data/32Ising_T2.269_hs_bignet,32,2.269185314213022,9500,5,1,mera_subsampled,moment_mean,3.0002076625823975
"T = 2.269 (T_c, hs_bignet)",data/32Ising_T2.269_hs_bignet,32,2.269185314213022,9500,5,1,mera_subsampled,moment_std,5.5031418800354
"T = 2.269 (T_c, hs_bignet)",data/32Ising_T2.269_hs_bignet,32,2.269185314213022,9500,5,1,mera_subsampled,moment_var,30.284568786621094
"T = 2.269 (T_c, hs_bignet)",data/32Ising_T2.269_hs_bignet,32,2.269185314213022,9500,5,1,mera_subsampled,moment_kurtosis,-1.1760358523833663
"T = 2.269 (T_c, hs_bignet)",data/32Ising_T2.269_hs_bignet,32,2.269185314213022,9500,5,1,mera_subsampled,moment_skew,0.11603495298979113
"T = 2.269 (T_c, hs_bignet)",data/32Ising_T2.269_hs_bignet,32,2.269185314213022,9500,0,32,blockRG,moment_mean,-0.03459131717681885
"T = 2.269 (T_c, hs_bignet)",data/32Ising_T2.269_hs_bignet,32,2.269185314213022,9500,0,32,blockRG,moment_std,3.50704026222229
"T = 2.269 (T_c, hs_bignet)",data/32Ising_T2.269_hs_bignet,32,2.269185314213022,9500,0,32,blockRG,moment_var,12.299330711364746
"T = 2.269 (T_c, hs_bignet)",data/32Ising_T2.269_hs_bignet,32,2.269185314213022,9500,0,32,blockRG,moment_kurtosis,-1.333952273373866
"T = 2.269 (T_c, hs_bignet)",data/32Ising_T2.269_hs_bignet,32,2.269185314213022,9500,0,32,blockRG,moment_skew,0.015193538311129993
"T = 2.269 (T_c, hs_bignet)",data/32Ising_T2.269_hs_bignet,32,2.269185314213022,9500,1,16,blockRG,moment_mean,-0.03459132835268974
"T = 2.269 (T_c, hs_bignet)",data/32Ising_T2.269_hs_bignet,32,2.269185314213022,9500,1,16,blockRG,moment_std,3.178054094314575
"T = 2.269 (T_c, hs_bignet)",data/32Ising_T2.269_hs_bignet,32,2.269185314213022,9500,1,16,blockRG,moment_var,10.100027084350586
"T = 2.269 (T_c, hs_bignet)",data/32Ising_T2.269_hs_bignet,32,2.269185314213022,9500,1,16,blockRG,moment_kurtosis,-1.5319216496856525
"T = 2.269 (T_c, hs_bignet)",data/32Ising_T2.269_hs_bignet,32,2.269185314213022,9500,1,16,blockRG,moment_skew,0.017708419403094918
"T = 2.269 (T_c, hs_bignet)",data/32Ising_T2.269_hs_bignet,32,2.269185314213022,9500,2,8,blockRG,moment_mean,-0.034591324627399445
"T = 2.269 (T_c, hs_bignet)",data/32Ising_T2.269_hs_bignet,32,2.269185314213022,9500,2,8,blockRG,moment_std,2.9044411182403564
"T = 2.269 (T_c, hs_bignet)",data/32Ising_T2.269_hs_bignet,32,2.269185314213022,9500,2,8,blockRG,moment_var,8.435778617858887
"T = 2.269 (T_c, hs_bignet)",data/32Ising_T2.269_hs_bignet,32,2.269185314213022,9500,2,8,blockRG,moment_kurtosis,-1.6519473292115174
"T = 2.269 (T_c, hs_bignet)",data/32Ising_T2.269_hs_bignet,32,2.269185314213022,9500,2,8,blockRG,moment_skew,0.020201961672020208
"T = 2.269 (T_c, hs_bignet)",data/32Ising_T2.269_hs_bignet,32,2.269185314213022,9500,3,4,blockRG,moment_mean,-0.034591320902109146
"T = 2.269 (T_c, hs_bignet)",data/32Ising_T2.269_hs_bignet,32,2.269185314213022,9500,3,4,blockRG,moment_std,2.6928799152374268
"T = 2.269 (T_c, hs_bignet)",data/32Ising_T2.269_hs_bignet,32,2.269185314213022,9500,3,4,blockRG,moment_var,7.251602649688721
"T = 2.269 (T_c, hs_bignet)",data/32Ising_T2.269_hs_bignet,32,2.269185314213022,9500,3,4,blockRG,moment_kurtosis,-1.7200876821647981
"T = 2.269 (T_c, hs_bignet)",data/32Ising_T2.269_hs_bignet,32,2.269185314213022,9500,3,4,blockRG,moment_skew,0.023164850939309607
"T = 2.269 (T_c, hs_bignet)",data/32Ising_T2.269_hs_bignet,32,2.269185314213022,9500,4,2,blockRG,moment_mean,-0.03459133207798004
"T = 2.269 (T_c, hs_bignet)",data/32Ising_T2.269_hs_bignet,32,2.269185314213022,9500,4,2,blockRG,moment_std,2.537604570388794
"T = 2.269 (T_c, hs_bignet)",data/32Ising_T2.269_hs_bignet,32,2.269185314213022,9500,4,2,blockRG,moment_var,6.439437389373779
"T = 2.269 (T_c, hs_bignet)",data/32Ising_T2.269_hs_bignet,32,2.269185314213022,9500,4,2,blockRG,moment_kurtosis,-1.7778427325893864
"T = 2.269 (T_c, hs_bignet)",data/32Ising_T2.269_hs_bignet,32,2.269185314213022,9500,4,2,blockRG,moment_skew,0.02887104909514786
"T = 2.269 (T_c, hs_bignet)",data/32Ising_T2.269_hs_bignet,32,2.269185314213022,9500,5,1,blockRG,moment_mean,-0.03459133207798004
"T = 2.269 (T_c, hs_bignet)",data/32Ising_T2.269_hs_bignet,32,2.269185314213022,9500,5,1,blockRG,moment_std,2.4618563652038574
"T = 2.269 (T_c, hs_bignet)",data/32Ising_T2.269_hs_bignet,32,2.269185314213022,9500,5,1,blockRG,moment_var,6.060737133026123
"T = 2.269 (T_c, hs_bignet)",data/32Ising_T2.269_hs_bignet,32,2.269185314213022,9500,5,1,blockRG,moment_kurtosis,-1.8368664852056662
"T = 2.269 (T_c, hs_bignet)",data/32Ising_T2.269_hs_bignet,32,2.269185314213022,9500,5,1,blockRG,moment_skew,0.03380660784540168
"T = 2.269 (T_c, hs_bignet)",data/32Ising_T2.269_hs_bignet,32,2.269185314213022,9500,0,32,cross,v5_ks,0.004724999999999979
"T = 2.269 (T_c, hs_bignet)",data/32Ising_T2.269_hs_bignet,32,2.269185314213022,9500,0,32,cross,v5_w1,0.009195985288557855
"T = 2.269 (T_c, hs_bignet)",data/32Ising_T2.269_hs_bignet,32,2.269185314213022,9500,0,32,cross,v5_rms_g,0.0
"T = 2.269 (T_c, hs_bignet)",data/32Ising_T2.269_hs_bignet,32,2.269185314213022,9500,1,16,cross,v5_ks,0.08042000000000005
"T = 2.269 (T_c, hs_bignet)",data/32Ising_T2.269_hs_bignet,32,2.269185314213022,9500,1,16,cross,v5_w1,0.13774104827371766
"T = 2.269 (T_c, hs_bignet)",data/32Ising_T2.269_hs_bignet,32,2.269185314213022,9500,1,16,cross,v5_rms_g,0.10571301728487015
"T = 2.269 (T_c, hs_bignet)",data/32Ising_T2.269_hs_bignet,32,2.269185314213022,9500,2,8,cross,v5_ks,0.08508593750000004
"T = 2.269 (T_c, hs_bignet)",data/32Ising_T2.269_hs_bignet,32,2.269185314213022,9500,2,8,cross,v5_w1,0.16643700407478101
"T = 2.269 (T_c, hs_bignet)",data/32Ising_T2.269_hs_bignet,32,2.269185314213022,9500,2,8,cross,v5_rms_g,0.049016062170267105
"T = 2.269 (T_c, hs_bignet)",data/32Ising_T2.269_hs_bignet,32,2.269185314213022,9500,3,4,cross,v5_ks,0.1211875
"T = 2.269 (T_c, hs_bignet)",data/32Ising_T2.269_hs_bignet,32,2.269185314213022,9500,3,4,cross,v5_w1,0.19226355362574124
"T = 2.269 (T_c, hs_bignet)",data/32Ising_T2.269_hs_bignet,32,2.269185314213022,9500,3,4,cross,v5_rms_g,0.015893826261162758
"T = 2.269 (T_c, hs_bignet)",data/32Ising_T2.269_hs_bignet,32,2.269185314213022,9500,4,2,cross,v5_ks,0.080625
"T = 2.269 (T_c, hs_bignet)",data/32Ising_T2.269_hs_bignet,32,2.269185314213022,9500,4,2,cross,v5_w1,0.12042679209205379
"T = 2.269 (T_c, hs_bignet)",data/32Ising_T2.269_hs_bignet,32,2.269185314213022,9500,4,2,cross,v5_rms_g,nan
"T = 2.269 (T_c, hs_bignet)",data/32Ising_T2.269_hs_bignet,32,2.269185314213022,9500,5,1,cross,v5_ks,0.128
"T = 2.269 (T_c, hs_bignet)",data/32Ising_T2.269_hs_bignet,32,2.269185314213022,9500,5,1,cross,v5_w1,0.21937021652661493
"T = 2.269 (T_c, hs_bignet)",data/32Ising_T2.269_hs_bignet,32,2.269185314213022,9500,5,1,cross,v5_rms_g,nan
T_c sym_bignet (rev-KL),data/32Ising_T2.269_sym_bignet,32,2.269,5950,0,32,mera_subsampled,moment_mean,-0.03459131717681885
T_c sym_bignet (rev-KL),data/32Ising_T2.269_sym_bignet,32,2.269,5950,0,32,mera_subsampled,moment_std,3.50704026222229
T_c sym_bignet (rev-KL),data/32Ising_T2.269_sym_bignet,32,2.269,5950,0,32,mera_subsampled,moment_var,12.299330711364746
T_c sym_bignet (rev-KL),data/32Ising_T2.269_sym_bignet,32,2.269,5950,0,32,mera_subsampled,moment_kurtosis,-1.333952273373866
T_c sym_bignet (rev-KL),data/32Ising_T2.269_sym_bignet,32,2.269,5950,0,32,mera_subsampled,moment_skew,0.015193538311129993
T_c sym_bignet (rev-KL),data/32Ising_T2.269_sym_bignet,32,2.269,5950,1,16,mera_subsampled,moment_mean,-0.08266893774271011
T_c sym_bignet (rev-KL),data/32Ising_T2.269_sym_bignet,32,2.269,5950,1,16,mera_subsampled,moment_std,2.119558095932007
T_c sym_bignet (rev-KL),data/32Ising_T2.269_sym_bignet,32,2.269,5950,1,16,mera_subsampled,moment_var,4.492526054382324
T_c sym_bignet (rev-KL),data/32Ising_T2.269_sym_bignet,32,2.269,5950,1,16,mera_subsampled,moment_kurtosis,0.26511236695341767
T_c sym_bignet (rev-KL),data/32Ising_T2.269_sym_bignet,32,2.269,5950,1,16,mera_subsampled,moment_skew,0.07634031037265077
T_c sym_bignet (rev-KL),data/32Ising_T2.269_sym_bignet,32,2.269,5950,2,8,mera_subsampled,moment_mean,-0.14570941030979156
T_c sym_bignet (rev-KL),data/32Ising_T2.269_sym_bignet,32,2.269,5950,2,8,mera_subsampled,moment_std,1.9047330617904663
T_c sym_bignet (rev-KL),data/32Ising_T2.269_sym_bignet,32,2.269,5950,2,8,mera_subsampled,moment_var,3.6280081272125244
T_c sym_bignet (rev-KL),data/32Ising_T2.269_sym_bignet,32,2.269,5950,2,8,mera_subsampled,moment_kurtosis,0.1176947957145793
T_c sym_bignet (rev-KL),data/32Ising_T2.269_sym_bignet,32,2.269,5950,2,8,mera_subsampled,moment_skew,0.09136395428609942
T_c sym_bignet (rev-KL),data/32Ising_T2.269_sym_bignet,32,2.269,5950,3,4,mera_subsampled,moment_mean,-0.08214705437421799
T_c sym_bignet (rev-KL),data/32Ising_T2.269_sym_bignet,32,2.269,5950,3,4,mera_subsampled,moment_std,1.4894979000091553
T_c sym_bignet (rev-KL),data/32Ising_T2.269_sym_bignet,32,2.269,5950,3,4,mera_subsampled,moment_var,2.2186038494110107
T_c sym_bignet (rev-KL),data/32Ising_T2.269_sym_bignet,32,2.269,5950,3,4,mera_subsampled,moment_kurtosis,0.03628968073195171
T_c sym_bignet (rev-KL),data/32Ising_T2.269_sym_bignet,32,2.269,5950,3,4,mera_subsampled,moment_skew,0.09646631591116028
T_c sym_bignet (rev-KL),data/32Ising_T2.269_sym_bignet,32,2.269,5950,4,2,mera_subsampled,moment_mean,-0.15854565799236298
T_c sym_bignet (rev-KL),data/32Ising_T2.269_sym_bignet,32,2.269,5950,4,2,mera_subsampled,moment_std,1.1665176153182983
T_c sym_bignet (rev-KL),data/32Ising_T2.269_sym_bignet,32,2.269,5950,4,2,mera_subsampled,moment_var,1.3607633113861084
T_c sym_bignet (rev-KL),data/32Ising_T2.269_sym_bignet,32,2.269,5950,4,2,mera_subsampled,moment_kurtosis,0.0713062813771197
T_c sym_bignet (rev-KL),data/32Ising_T2.269_sym_bignet,32,2.269,5950,4,2,mera_subsampled,moment_skew,0.04886075340116923
T_c sym_bignet (rev-KL),data/32Ising_T2.269_sym_bignet,32,2.269,5950,5,1,mera_subsampled,moment_mean,-0.01651407591998577
T_c sym_bignet (rev-KL),data/32Ising_T2.269_sym_bignet,32,2.269,5950,5,1,mera_subsampled,moment_std,0.9377486109733582
T_c sym_bignet (rev-KL),data/32Ising_T2.269_sym_bignet,32,2.269,5950,5,1,mera_subsampled,moment_var,0.8793724179267883
T_c sym_bignet (rev-KL),data/32Ising_T2.269_sym_bignet,32,2.269,5950,5,1,mera_subsampled,moment_kurtosis,-0.1061637794322654
T_c sym_bignet (rev-KL),data/32Ising_T2.269_sym_bignet,32,2.269,5950,5,1,mera_subsampled,moment_skew,0.05606991883681154
T_c sym_bignet (rev-KL),data/32Ising_T2.269_sym_bignet,32,2.269,5950,0,32,blockRG,moment_mean,-0.03459131717681885
T_c sym_bignet (rev-KL),data/32Ising_T2.269_sym_bignet,32,2.269,5950,0,32,blockRG,moment_std,3.50704026222229
T_c sym_bignet (rev-KL),data/32Ising_T2.269_sym_bignet,32,2.269,5950,0,32,blockRG,moment_var,12.299330711364746
T_c sym_bignet (rev-KL),data/32Ising_T2.269_sym_bignet,32,2.269,5950,0,32,blockRG,moment_kurtosis,-1.333952273373866
T_c sym_bignet (rev-KL),data/32Ising_T2.269_sym_bignet,32,2.269,5950,0,32,blockRG,moment_skew,0.015193538311129993
T_c sym_bignet (rev-KL),data/32Ising_T2.269_sym_bignet,32,2.269,5950,1,16,blockRG,moment_mean,-0.03459132835268974
T_c sym_bignet (rev-KL),data/32Ising_T2.269_sym_bignet,32,2.269,5950,1,16,blockRG,moment_std,3.178054094314575
T_c sym_bignet (rev-KL),data/32Ising_T2.269_sym_bignet,32,2.269,5950,1,16,blockRG,moment_var,10.100027084350586
T_c sym_bignet (rev-KL),data/32Ising_T2.269_sym_bignet,32,2.269,5950,1,16,blockRG,moment_kurtosis,-1.5319216496856525
T_c sym_bignet (rev-KL),data/32Ising_T2.269_sym_bignet,32,2.269,5950,1,16,blockRG,moment_skew,0.017708419403094918
T_c sym_bignet (rev-KL),data/32Ising_T2.269_sym_bignet,32,2.269,5950,2,8,blockRG,moment_mean,-0.034591324627399445
T_c sym_bignet (rev-KL),data/32Ising_T2.269_sym_bignet,32,2.269,5950,2,8,blockRG,moment_std,2.9044411182403564
T_c sym_bignet (rev-KL),data/32Ising_T2.269_sym_bignet,32,2.269,5950,2,8,blockRG,moment_var,8.435778617858887
T_c sym_bignet (rev-KL),data/32Ising_T2.269_sym_bignet,32,2.269,5950,2,8,blockRG,moment_kurtosis,-1.6519473292115174
T_c sym_bignet (rev-KL),data/32Ising_T2.269_sym_bignet,32,2.269,5950,2,8,blockRG,moment_skew,0.020201961672020208
T_c sym_bignet (rev-KL),data/32Ising_T2.269_sym_bignet,32,2.269,5950,3,4,blockRG,moment_mean,-0.034591320902109146
T_c sym_bignet (rev-KL),data/32Ising_T2.269_sym_bignet,32,2.269,5950,3,4,blockRG,moment_std,2.6928799152374268
T_c sym_bignet (rev-KL),data/32Ising_T2.269_sym_bignet,32,2.269,5950,3,4,blockRG,moment_var,7.251602649688721
T_c sym_bignet (rev-KL),data/32Ising_T2.269_sym_bignet,32,2.269,5950,3,4,blockRG,moment_kurtosis,-1.7200876821647981
T_c sym_bignet (rev-KL),data/32Ising_T2.269_sym_bignet,32,2.269,5950,3,4,blockRG,moment_skew,0.023164850939309607
T_c sym_bignet (rev-KL),data/32Ising_T2.269_sym_bignet,32,2.269,5950,4,2,blockRG,moment_mean,-0.03459133207798004
T_c sym_bignet (rev-KL),data/32Ising_T2.269_sym_bignet,32,2.269,5950,4,2,blockRG,moment_std,2.537604570388794
T_c sym_bignet (rev-KL),data/32Ising_T2.269_sym_bignet,32,2.269,5950,4,2,blockRG,moment_var,6.439437389373779
T_c sym_bignet (rev-KL),data/32Ising_T2.269_sym_bignet,32,2.269,5950,4,2,blockRG,moment_kurtosis,-1.7778427325893864
T_c sym_bignet (rev-KL),data/32Ising_T2.269_sym_bignet,32,2.269,5950,4,2,blockRG,moment_skew,0.02887104909514786
T_c sym_bignet (rev-KL),data/32Ising_T2.269_sym_bignet,32,2.269,5950,5,1,blockRG,moment_mean,-0.03459133207798004
T_c sym_bignet (rev-KL),data/32Ising_T2.269_sym_bignet,32,2.269,5950,5,1,blockRG,moment_std,2.4618563652038574
T_c sym_bignet (rev-KL),data/32Ising_T2.269_sym_bignet,32,2.269,5950,5,1,blockRG,moment_var,6.060737133026123
T_c sym_bignet (rev-KL),data/32Ising_T2.269_sym_bignet,32,2.269,5950,5,1,blockRG,moment_kurtosis,-1.8368664852056662
T_c sym_bignet (rev-KL),data/32Ising_T2.269_sym_bignet,32,2.269,5950,5,1,blockRG,moment_skew,0.03380660784540168
T_c sym_bignet (rev-KL),data/32Ising_T2.269_sym_bignet,32,2.269,5950,0,32,cross,v5_ks,0.004724999999999979
T_c sym_bignet (rev-KL),data/32Ising_T2.269_sym_bignet,32,2.269,5950,0,32,cross,v5_w1,0.009195985288557855
T_c sym_bignet (rev-KL),data/32Ising_T2.269_sym_bignet,32,2.269,5950,0,32,cross,v5_rms_g,0.0
T_c sym_bignet (rev-KL),data/32Ising_T2.269_sym_bignet,32,2.269,5950,1,16,cross,v5_ks,0.13238499999999997
T_c sym_bignet (rev-KL),data/32Ising_T2.269_sym_bignet,32,2.269,5950,1,16,cross,v5_w1,0.27239258500792984
T_c sym_bignet (rev-KL),data/32Ising_T2.269_sym_bignet,32,2.269,5950,1,16,cross,v5_rms_g,0.6198699474334717
T_c sym_bignet (rev-KL),data/32Ising_T2.269_sym_bignet,32,2.269,5950,2,8,cross,v5_ks,0.14651562500000004
T_c sym_bignet (rev-KL),data/32Ising_T2.269_sym_bignet,32,2.269,5950,2,8,cross,v5_w1,0.30744025062767655
T_c sym_bignet (rev-KL),data/32Ising_T2.269_sym_bignet,32,2.269,5950,2,8,cross,v5_rms_g,0.6688438653945923
T_c sym_bignet (rev-KL),data/32Ising_T2.269_sym_bignet,32,2.269,5950,3,4,cross,v5_ks,0.1600625
T_c sym_bignet (rev-KL),data/32Ising_T2.269_sym_bignet,32,2.269,5950,3,4,cross,v5_w1,0.3304998504516516
T_c sym_bignet (rev-KL),data/32Ising_T2.269_sym_bignet,32,2.269,5950,3,4,cross,v5_rms_g,0.6741493940353394
T_c sym_bignet (rev-KL),data/32Ising_T2.269_sym_bignet,32,2.269,5950,4,2,cross,v5_ks,0.181375
T_c sym_bignet (rev-KL),data/32Ising_T2.269_sym_bignet,32,2.269,5950,4,2,cross,v5_w1,0.36407796127785697
T_c sym_bignet (rev-KL),data/32Ising_T2.269_sym_bignet,32,2.269,5950,4,2,cross,v5_rms_g,nan
T_c sym_bignet (rev-KL),data/32Ising_T2.269_sym_bignet,32,2.269,5950,5,1,cross,v5_ks,0.2005
T_c sym_bignet (rev-KL),data/32Ising_T2.269_sym_bignet,32,2.269,5950,5,1,cross,v5_w1,0.39207963324882433
T_c sym_bignet (rev-KL),data/32Ising_T2.269_sym_bignet,32,2.269,5950,5,1,cross,v5_rms_g,nan
T_c pathgrad_bignet_long_ext (STL),data/32Ising_T2.269_pathgrad_bignet_long_ext,32,2.269,4950,0,32,mera_subsampled,moment_mean,-0.03459131717681885
T_c pathgrad_bignet_long_ext (STL),data/32Ising_T2.269_pathgrad_bignet_long_ext,32,2.269,4950,0,32,mera_subsampled,moment_std,3.50704026222229
T_c pathgrad_bignet_long_ext (STL),data/32Ising_T2.269_pathgrad_bignet_long_ext,32,2.269,4950,0,32,mera_subsampled,moment_var,12.299330711364746
T_c pathgrad_bignet_long_ext (STL),data/32Ising_T2.269_pathgrad_bignet_long_ext,32,2.269,4950,0,32,mera_subsampled,moment_kurtosis,-1.333952273373866
T_c pathgrad_bignet_long_ext (STL),data/32Ising_T2.269_pathgrad_bignet_long_ext,32,2.269,4950,0,32,mera_subsampled,moment_skew,0.015193538311129993
T_c pathgrad_bignet_long_ext (STL),data/32Ising_T2.269_pathgrad_bignet_long_ext,32,2.269,4950,1,16,mera_subsampled,moment_mean,0.1695084422826767
T_c pathgrad_bignet_long_ext (STL),data/32Ising_T2.269_pathgrad_bignet_long_ext,32,2.269,4950,1,16,mera_subsampled,moment_std,2.4545705318450928
T_c pathgrad_bignet_long_ext (STL),data/32Ising_T2.269_pathgrad_bignet_long_ext,32,2.269,4950,1,16,mera_subsampled,moment_var,6.024916648864746
T_c pathgrad_bignet_long_ext (STL),data/32Ising_T2.269_pathgrad_bignet_long_ext,32,2.269,4950,1,16,mera_subsampled,moment_kurtosis,0.15937349112835975
T_c pathgrad_bignet_long_ext (STL),data/32Ising_T2.269_pathgrad_bignet_long_ext,32,2.269,4950,1,16,mera_subsampled,moment_skew,-0.050043248304525556
T_c pathgrad_bignet_long_ext (STL),data/32Ising_T2.269_pathgrad_bignet_long_ext,32,2.269,4950,2,8,mera_subsampled,moment_mean,0.2151244729757309
T_c pathgrad_bignet_long_ext (STL),data/32Ising_T2.269_pathgrad_bignet_long_ext,32,2.269,4950,2,8,mera_subsampled,moment_std,1.929931879043579
T_c pathgrad_bignet_long_ext (STL),data/32Ising_T2.269_pathgrad_bignet_long_ext,32,2.269,4950,2,8,mera_subsampled,moment_var,3.724637031555176
T_c pathgrad_bignet_long_ext (STL),data/32Ising_T2.269_pathgrad_bignet_long_ext,32,2.269,4950,2,8,mera_subsampled,moment_kurtosis,0.037778718422931234
T_c pathgrad_bignet_long_ext (STL),data/32Ising_T2.269_pathgrad_bignet_long_ext,32,2.269,4950,2,8,mera_subsampled,moment_skew,-0.07897288044627737
T_c pathgrad_bignet_long_ext (STL),data/32Ising_T2.269_pathgrad_bignet_long_ext,32,2.269,4950,3,4,mera_subsampled,moment_mean,0.20265136659145355
T_c pathgrad_bignet_long_ext (STL),data/32Ising_T2.269_pathgrad_bignet_long_ext,32,2.269,4950,3,4,mera_subsampled,moment_std,1.343180775642395
T_c pathgrad_bignet_long_ext (STL),data/32Ising_T2.269_pathgrad_bignet_long_ext,32,2.269,4950,3,4,mera_subsampled,moment_var,1.804134726524353
T_c pathgrad_bignet_long_ext (STL),data/32Ising_T2.269_pathgrad_bignet_long_ext,32,2.269,4950,3,4,mera_subsampled,moment_kurtosis,-0.024592560306484046
T_c pathgrad_bignet_long_ext (STL),data/32Ising_T2.269_pathgrad_bignet_long_ext,32,2.269,4950,3,4,mera_subsampled,moment_skew,-0.08067455821015981
T_c pathgrad_bignet_long_ext (STL),data/32Ising_T2.269_pathgrad_bignet_long_ext,32,2.269,4950,4,2,mera_subsampled,moment_mean,0.06406731903553009
T_c pathgrad_bignet_long_ext (STL),data/32Ising_T2.269_pathgrad_bignet_long_ext,32,2.269,4950,4,2,mera_subsampled,moment_std,0.9676679968833923
T_c pathgrad_bignet_long_ext (STL),data/32Ising_T2.269_pathgrad_bignet_long_ext,32,2.269,4950,4,2,mera_subsampled,moment_var,0.9363813400268555
T_c pathgrad_bignet_long_ext (STL),data/32Ising_T2.269_pathgrad_bignet_long_ext,32,2.269,4950,4,2,mera_subsampled,moment_kurtosis,-0.03310202027366138
T_c pathgrad_bignet_long_ext (STL),data/32Ising_T2.269_pathgrad_bignet_long_ext,32,2.269,4950,4,2,mera_subsampled,moment_skew,-0.09286371343750274
T_c pathgrad_bignet_long_ext (STL),data/32Ising_T2.269_pathgrad_bignet_long_ext,32,2.269,4950,5,1,mera_subsampled,moment_mean,0.1815023124217987
T_c pathgrad_bignet_long_ext (STL),data/32Ising_T2.269_pathgrad_bignet_long_ext,32,2.269,4950,5,1,mera_subsampled,moment_std,0.959120512008667
T_c pathgrad_bignet_long_ext (STL),data/32Ising_T2.269_pathgrad_bignet_long_ext,32,2.269,4950,5,1,mera_subsampled,moment_var,0.9199120998382568
T_c pathgrad_bignet_long_ext (STL),data/32Ising_T2.269_pathgrad_bignet_long_ext,32,2.269,4950,5,1,mera_subsampled,moment_kurtosis,-0.13170176925874566
T_c pathgrad_bignet_long_ext (STL),data/32Ising_T2.269_pathgrad_bignet_long_ext,32,2.269,4950,5,1,mera_subsampled,moment_skew,-0.11230931945830828
T_c pathgrad_bignet_long_ext (STL),data/32Ising_T2.269_pathgrad_bignet_long_ext,32,2.269,4950,0,32,blockRG,moment_mean,-0.03459131717681885
T_c pathgrad_bignet_long_ext (STL),data/32Ising_T2.269_pathgrad_bignet_long_ext,32,2.269,4950,0,32,blockRG,moment_std,3.50704026222229
T_c pathgrad_bignet_long_ext (STL),data/32Ising_T2.269_pathgrad_bignet_long_ext,32,2.269,4950,0,32,blockRG,moment_var,12.299330711364746
T_c pathgrad_bignet_long_ext (STL),data/32Ising_T2.269_pathgrad_bignet_long_ext,32,2.269,4950,0,32,blockRG,moment_kurtosis,-1.333952273373866
T_c pathgrad_bignet_long_ext (STL),data/32Ising_T2.269_pathgrad_bignet_long_ext,32,2.269,4950,0,32,blockRG,moment_skew,0.015193538311129993
T_c pathgrad_bignet_long_ext (STL),data/32Ising_T2.269_pathgrad_bignet_long_ext,32,2.269,4950,1,16,blockRG,moment_mean,-0.03459132835268974
T_c pathgrad_bignet_long_ext (STL),data/32Ising_T2.269_pathgrad_bignet_long_ext,32,2.269,4950,1,16,blockRG,moment_std,3.178054094314575
T_c pathgrad_bignet_long_ext (STL),data/32Ising_T2.269_pathgrad_bignet_long_ext,32,2.269,4950,1,16,blockRG,moment_var,10.100027084350586
T_c pathgrad_bignet_long_ext (STL),data/32Ising_T2.269_pathgrad_bignet_long_ext,32,2.269,4950,1,16,blockRG,moment_kurtosis,-1.5319216496856525
T_c pathgrad_bignet_long_ext (STL),data/32Ising_T2.269_pathgrad_bignet_long_ext,32,2.269,4950,1,16,blockRG,moment_skew,0.017708419403094918
T_c pathgrad_bignet_long_ext (STL),data/32Ising_T2.269_pathgrad_bignet_long_ext,32,2.269,4950,2,8,blockRG,moment_mean,-0.034591324627399445
T_c pathgrad_bignet_long_ext (STL),data/32Ising_T2.269_pathgrad_bignet_long_ext,32,2.269,4950,2,8,blockRG,moment_std,2.9044411182403564
T_c pathgrad_bignet_long_ext (STL),data/32Ising_T2.269_pathgrad_bignet_long_ext,32,2.269,4950,2,8,blockRG,moment_var,8.435778617858887
T_c pathgrad_bignet_long_ext (STL),data/32Ising_T2.269_pathgrad_bignet_long_ext,32,2.269,4950,2,8,blockRG,moment_kurtosis,-1.6519473292115174
T_c pathgrad_bignet_long_ext (STL),data/32Ising_T2.269_pathgrad_bignet_long_ext,32,2.269,4950,2,8,blockRG,moment_skew,0.020201961672020208
T_c pathgrad_bignet_long_ext (STL),data/32Ising_T2.269_pathgrad_bignet_long_ext,32,2.269,4950,3,4,blockRG,moment_mean,-0.034591320902109146
T_c pathgrad_bignet_long_ext (STL),data/32Ising_T2.269_pathgrad_bignet_long_ext,32,2.269,4950,3,4,blockRG,moment_std,2.6928799152374268
T_c pathgrad_bignet_long_ext (STL),data/32Ising_T2.269_pathgrad_bignet_long_ext,32,2.269,4950,3,4,blockRG,moment_var,7.251602649688721
T_c pathgrad_bignet_long_ext (STL),data/32Ising_T2.269_pathgrad_bignet_long_ext,32,2.269,4950,3,4,blockRG,moment_kurtosis,-1.7200876821647981
T_c pathgrad_bignet_long_ext (STL),data/32Ising_T2.269_pathgrad_bignet_long_ext,32,2.269,4950,3,4,blockRG,moment_skew,0.023164850939309607
T_c pathgrad_bignet_long_ext (STL),data/32Ising_T2.269_pathgrad_bignet_long_ext,32,2.269,4950,4,2,blockRG,moment_mean,-0.03459133207798004
T_c pathgrad_bignet_long_ext (STL),data/32Ising_T2.269_pathgrad_bignet_long_ext,32,2.269,4950,4,2,blockRG,moment_std,2.537604570388794
T_c pathgrad_bignet_long_ext (STL),data/32Ising_T2.269_pathgrad_bignet_long_ext,32,2.269,4950,4,2,blockRG,moment_var,6.439437389373779
T_c pathgrad_bignet_long_ext (STL),data/32Ising_T2.269_pathgrad_bignet_long_ext,32,2.269,4950,4,2,blockRG,moment_kurtosis,-1.7778427325893864
T_c pathgrad_bignet_long_ext (STL),data/32Ising_T2.269_pathgrad_bignet_long_ext,32,2.269,4950,4,2,blockRG,moment_skew,0.02887104909514786
T_c pathgrad_bignet_long_ext (STL),data/32Ising_T2.269_pathgrad_bignet_long_ext,32,2.269,4950,5,1,blockRG,moment_mean,-0.03459133207798004
T_c pathgrad_bignet_long_ext (STL),data/32Ising_T2.269_pathgrad_bignet_long_ext,32,2.269,4950,5,1,blockRG,moment_std,2.4618563652038574
T_c pathgrad_bignet_long_ext (STL),data/32Ising_T2.269_pathgrad_bignet_long_ext,32,2.269,4950,5,1,blockRG,moment_var,6.060737133026123
T_c pathgrad_bignet_long_ext (STL),data/32Ising_T2.269_pathgrad_bignet_long_ext,32,2.269,4950,5,1,blockRG,moment_kurtosis,-1.8368664852056662
T_c pathgrad_bignet_long_ext (STL),data/32Ising_T2.269_pathgrad_bignet_long_ext,32,2.269,4950,5,1,blockRG,moment_skew,0.03380660784540168
T_c pathgrad_bignet_long_ext (STL),data/32Ising_T2.269_pathgrad_bignet_long_ext,32,2.269,4950,0,32,cross,v5_ks,0.004724999999999979
T_c pathgrad_bignet_long_ext (STL),data/32Ising_T2.269_pathgrad_bignet_long_ext,32,2.269,4950,0,32,cross,v5_w1,0.009195985288557855
T_c pathgrad_bignet_long_ext (STL),data/32Ising_T2.269_pathgrad_bignet_long_ext,32,2.269,4950,0,32,cross,v5_rms_g,0.0
T_c pathgrad_bignet_long_ext (STL),data/32Ising_T2.269_pathgrad_bignet_long_ext,32,2.269,4950,1,16,cross,v5_ks,0.132575
T_c pathgrad_bignet_long_ext (STL),data/32Ising_T2.269_pathgrad_bignet_long_ext,32,2.269,4950,1,16,cross,v5_w1,0.2698783178961051
T_c pathgrad_bignet_long_ext (STL),data/32Ising_T2.269_pathgrad_bignet_long_ext,32,2.269,4950,1,16,cross,v5_rms_g,0.6140830516815186
T_c pathgrad_bignet_long_ext (STL),data/32Ising_T2.269_pathgrad_bignet_long_ext,32,2.269,4950,2,8,cross,v5_ks,0.14741406250000003
T_c pathgrad_bignet_long_ext (STL),data/32Ising_T2.269_pathgrad_bignet_long_ext,32,2.269,4950,2,8,cross,v5_w1,0.3041981851898883
T_c pathgrad_bignet_long_ext (STL),data/32Ising_T2.269_pathgrad_bignet_long_ext,32,2.269,4950,2,8,cross,v5_rms_g,0.646363377571106
T_c pathgrad_bignet_long_ext (STL),data/32Ising_T2.269_pathgrad_bignet_long_ext,32,2.269,4950,3,4,cross,v5_ks,0.15893750000000004
T_c pathgrad_bignet_long_ext (STL),data/32Ising_T2.269_pathgrad_bignet_long_ext,32,2.269,4950,3,4,cross,v5_w1,0.32747971645329255
T_c pathgrad_bignet_long_ext (STL),data/32Ising_T2.269_pathgrad_bignet_long_ext,32,2.269,4950,3,4,cross,v5_rms_g,0.6398929953575134
T_c pathgrad_bignet_long_ext (STL),data/32Ising_T2.269_pathgrad_bignet_long_ext,32,2.269,4950,4,2,cross,v5_ks,0.177375
T_c pathgrad_bignet_long_ext (STL),data/32Ising_T2.269_pathgrad_bignet_long_ext,32,2.269,4950,4,2,cross,v5_w1,0.35961803490317923
T_c pathgrad_bignet_long_ext (STL),data/32Ising_T2.269_pathgrad_bignet_long_ext,32,2.269,4950,4,2,cross,v5_rms_g,nan
T_c pathgrad_bignet_long_ext (STL),data/32Ising_T2.269_pathgrad_bignet_long_ext,32,2.269,4950,5,1,cross,v5_ks,0.202
T_c pathgrad_bignet_long_ext (STL),data/32Ising_T2.269_pathgrad_bignet_long_ext,32,2.269,4950,5,1,cross,v5_w1,0.3843534483106341
T_c pathgrad_bignet_long_ext (STL),data/32Ising_T2.269_pathgrad_bignet_long_ext,32,2.269,4950,5,1,cross,v5_rms_g,nan
"T = 2.40  (high T, disorder)",data/32Ising_T2.4_hs_dataDriven,32,2.4,17000,0,32,mera_subsampled,moment_mean,0.0014502692501991987
"T = 2.40  (high T, disorder)",data/32Ising_T2.4_hs_dataDriven,32,2.4,17000,0,32,mera_subsampled,moment_std,3.185211181640625
"T = 2.40  (high T, disorder)",data/32Ising_T2.4_hs_dataDriven,32,2.4,17000,0,32,mera_subsampled,moment_var,10.145570755004883
"T = 2.40  (high T, disorder)",data/32Ising_T2.4_hs_dataDriven,32,2.4,17000,0,32,mera_subsampled,moment_kurtosis,-1.2209148590956334
"T = 2.40  (high T, disorder)",data/32Ising_T2.4_hs_dataDriven,32,2.4,17000,0,32,mera_subsampled,moment_skew,0.000264151239856686
"T = 2.40  (high T, disorder)",data/32Ising_T2.4_hs_dataDriven,32,2.4,17000,1,16,mera_subsampled,moment_mean,-0.5667105317115784
"T = 2.40  (high T, disorder)",data/32Ising_T2.4_hs_dataDriven,32,2.4,17000,1,16,mera_subsampled,moment_std,9.226865768432617
"T = 2.40  (high T, disorder)",data/32Ising_T2.4_hs_dataDriven,32,2.4,17000,1,16,mera_subsampled,moment_var,85.13504791259766
"T = 2.40  (high T, disorder)",data/32Ising_T2.4_hs_dataDriven,32,2.4,17000,1,16,mera_subsampled,moment_kurtosis,-0.37473005904533796
"T = 2.40  (high T, disorder)",data/32Ising_T2.4_hs_dataDriven,32,2.4,17000,1,16,mera_subsampled,moment_skew,-0.016432327222128614
"T = 2.40  (high T, disorder)",data/32Ising_T2.4_hs_dataDriven,32,2.4,17000,2,8,mera_subsampled,moment_mean,-1.4969122409820557
"T = 2.40  (high T, disorder)",data/32Ising_T2.4_hs_dataDriven,32,2.4,17000,2,8,mera_subsampled,moment_std,7.926527976989746
"T = 2.40  (high T, disorder)",data/32Ising_T2.4_hs_dataDriven,32,2.4,17000,2,8,mera_subsampled,moment_var,62.8298454284668
"T = 2.40  (high T, disorder)",data/32Ising_T2.4_hs_dataDriven,32,2.4,17000,2,8,mera_subsampled,moment_kurtosis,-0.26318841969584295
"T = 2.40  (high T, disorder)",data/32Ising_T2.4_hs_dataDriven,32,2.4,17000,2,8,mera_subsampled,moment_skew,-0.1682581339794842
"T = 2.40  (high T, disorder)",data/32Ising_T2.4_hs_dataDriven,32,2.4,17000,3,4,mera_subsampled,moment_mean,-1.1461936235427856
"T = 2.40  (high T, disorder)",data/32Ising_T2.4_hs_dataDriven,32,2.4,17000,3,4,mera_subsampled,moment_std,6.7628631591796875
"T = 2.40  (high T, disorder)",data/32Ising_T2.4_hs_dataDriven,32,2.4,17000,3,4,mera_subsampled,moment_var,45.7363166809082
"T = 2.40  (high T, disorder)",data/32Ising_T2.4_hs_dataDriven,32,2.4,17000,3,4,mera_subsampled,moment_kurtosis,-0.32959510022332106
"T = 2.40  (high T, disorder)",data/32Ising_T2.4_hs_dataDriven,32,2.4,17000,3,4,mera_subsampled,moment_skew,0.256724680735363
"T = 2.40  (high T, disorder)",data/32Ising_T2.4_hs_dataDriven,32,2.4,17000,4,2,mera_subsampled,moment_mean,-0.3575054705142975
"T = 2.40  (high T, disorder)",data/32Ising_T2.4_hs_dataDriven,32,2.4,17000,4,2,mera_subsampled,moment_std,4.879273891448975
"T = 2.40  (high T, disorder)",data/32Ising_T2.4_hs_dataDriven,32,2.4,17000,4,2,mera_subsampled,moment_var,23.807315826416016
"T = 2.40  (high T, disorder)",data/32Ising_T2.4_hs_dataDriven,32,2.4,17000,4,2,mera_subsampled,moment_kurtosis,-0.40670842337741053
"T = 2.40  (high T, disorder)",data/32Ising_T2.4_hs_dataDriven,32,2.4,17000,4,2,mera_subsampled,moment_skew,0.23846017893963814
"T = 2.40  (high T, disorder)",data/32Ising_T2.4_hs_dataDriven,32,2.4,17000,5,1,mera_subsampled,moment_mean,-0.14950351417064667
"T = 2.40  (high T, disorder)",data/32Ising_T2.4_hs_dataDriven,32,2.4,17000,5,1,mera_subsampled,moment_std,3.4993340969085693
"T = 2.40  (high T, disorder)",data/32Ising_T2.4_hs_dataDriven,32,2.4,17000,5,1,mera_subsampled,moment_var,12.245339393615723
"T = 2.40  (high T, disorder)",data/32Ising_T2.4_hs_dataDriven,32,2.4,17000,5,1,mera_subsampled,moment_kurtosis,-0.37887607942127
"T = 2.40  (high T, disorder)",data/32Ising_T2.4_hs_dataDriven,32,2.4,17000,5,1,mera_subsampled,moment_skew,0.20235632875605825
"T = 2.40  (high T, disorder)",data/32Ising_T2.4_hs_dataDriven,32,2.4,17000,0,32,blockRG,moment_mean,0.0014502692501991987
"T = 2.40  (high T, disorder)",data/32Ising_T2.4_hs_dataDriven,32,2.4,17000,0,32,blockRG,moment_std,3.185211181640625
"T = 2.40  (high T, disorder)",data/32Ising_T2.4_hs_dataDriven,32,2.4,17000,0,32,blockRG,moment_var,10.145570755004883
"T = 2.40  (high T, disorder)",data/32Ising_T2.4_hs_dataDriven,32,2.4,17000,0,32,blockRG,moment_kurtosis,-1.2209148590956334
"T = 2.40  (high T, disorder)",data/32Ising_T2.4_hs_dataDriven,32,2.4,17000,0,32,blockRG,moment_skew,0.000264151239856686
"T = 2.40  (high T, disorder)",data/32Ising_T2.4_hs_dataDriven,32,2.4,17000,1,16,blockRG,moment_mean,0.0014502658741548657
"T = 2.40  (high T, disorder)",data/32Ising_T2.4_hs_dataDriven,32,2.4,17000,1,16,blockRG,moment_std,2.771944046020508
"T = 2.40  (high T, disorder)",data/32Ising_T2.4_hs_dataDriven,32,2.4,17000,1,16,blockRG,moment_var,7.683674335479736
"T = 2.40  (high T, disorder)",data/32Ising_T2.4_hs_dataDriven,32,2.4,17000,1,16,blockRG,moment_kurtosis,-1.3504813076857103
"T = 2.40  (high T, disorder)",data/32Ising_T2.4_hs_dataDriven,32,2.4,17000,1,16,blockRG,moment_skew,-5.385996408780225e-05
"T = 2.40  (high T, disorder)",data/32Ising_T2.4_hs_dataDriven,32,2.4,17000,2,8,blockRG,moment_mean,0.0014502668054774404
"T = 2.40  (high T, disorder)",data/32Ising_T2.4_hs_dataDriven,32,2.4,17000,2,8,blockRG,moment_std,2.355219841003418
"T = 2.40  (high T, disorder)",data/32Ising_T2.4_hs_dataDriven,32,2.4,17000,2,8,blockRG,moment_var,5.547060966491699
"T = 2.40  (high T, disorder)",data/32Ising_T2.4_hs_dataDriven,32,2.4,17000,2,8,blockRG,moment_kurtosis,-1.3695802889901287
"T = 2.40  (high T, disorder)",data/32Ising_T2.4_hs_dataDriven,32,2.4,17000,2,8,blockRG,moment_skew,-0.0008929870721636726
"T = 2.40  (high T, disorder)",data/32Ising_T2.4_hs_dataDriven,32,2.4,17000,3,4,blockRG,moment_mean,0.0014502644771710038
"T = 2.40  (high T, disorder)",data/32Ising_T2.4_hs_dataDriven,32,2.4,17000,3,4,blockRG,moment_std,1.9339351654052734
"T = 2.40  (high T, disorder)",data/32Ising_T2.4_hs_dataDriven,32,2.4,17000,3,4,blockRG,moment_var,3.740105152130127
"T = 2.40  (high T, disorder)",data/32Ising_T2.4_hs_dataDriven,32,2.4,17000,3,4,blockRG,moment_kurtosis,-1.262795928410692
"T = 2.40  (high T, disorder)",data/32Ising_T2.4_hs_dataDriven,32,2.4,17000,3,4,blockRG,moment_skew,0.005174110552547974
"T = 2.40  (high T, disorder)",data/32Ising_T2.4_hs_dataDriven,32,2.4,17000,4,2,blockRG,moment_mean,0.0014502613339573145
"T = 2.40  (high T, disorder)",data/32Ising_T2.4_hs_dataDriven,32,2.4,17000,4,2,blockRG,moment_std,1.5232592821121216
"T = 2.40  (high T, disorder)",data/32Ising_T2.4_hs_dataDriven,32,2.4,17000,4,2,blockRG,moment_var,2.3203189373016357
"T = 2.40  (high T, disorder)",data/32Ising_T2.4_hs_dataDriven,32,2.4,17000,4,2,blockRG,moment_kurtosis,-1.088637120367537
"T = 2.40  (high T, disorder)",data/32Ising_T2.4_hs_dataDriven,32,2.4,17000,4,2,blockRG,moment_skew,0.016330254472037356
"T = 2.40  (high T, disorder)",data/32Ising_T2.4_hs_dataDriven,32,2.4,17000,5,1,blockRG,moment_mean,0.0014502649428322911
"T = 2.40  (high T, disorder)",data/32Ising_T2.4_hs_dataDriven,32,2.4,17000,5,1,blockRG,moment_std,1.265730619430542
"T = 2.40  (high T, disorder)",data/32Ising_T2.4_hs_dataDriven,32,2.4,17000,5,1,blockRG,moment_var,1.6020739078521729
"T = 2.40  (high T, disorder)",data/32Ising_T2.4_hs_dataDriven,32,2.4,17000,5,1,blockRG,moment_kurtosis,-0.9806757875069647
"T = 2.40  (high T, disorder)",data/32Ising_T2.4_hs_dataDriven,32,2.4,17000,5,1,blockRG,moment_skew,0.04281516600274939
"T = 2.40  (high T, disorder)",data/32Ising_T2.4_hs_dataDriven,32,2.4,17000,0,32,cross,v5_ks,0.0011250000000000426
"T = 2.40  (high T, disorder)",data/32Ising_T2.4_hs_dataDriven,32,2.4,17000,0,32,cross,v5_w1,0.012124372282431798
"T = 2.40  (high T, disorder)",data/32Ising_T2.4_hs_dataDriven,32,2.4,17000,0,32,cross,v5_rms_g,0.0
"T = 2.40  (high T, disorder)",data/32Ising_T2.4_hs_dataDriven,32,2.4,17000,1,16,cross,v5_ks,0.08349000000000001
"T = 2.40  (high T, disorder)",data/32Ising_T2.4_hs_dataDriven,32,2.4,17000,1,16,cross,v5_w1,0.18201443414900093
"T = 2.40  (high T, disorder)",data/32Ising_T2.4_hs_dataDriven,32,2.4,17000,1,16,cross,v5_rms_g,0.10041414201259613
"T = 2.40  (high T, disorder)",data/32Ising_T2.4_hs_dataDriven,32,2.4,17000,2,8,cross,v5_ks,0.07673437500000002
"T = 2.40  (high T, disorder)",data/32Ising_T2.4_hs_dataDriven,32,2.4,17000,2,8,cross,v5_w1,0.1703127328624402
"T = 2.40  (high T, disorder)",data/32Ising_T2.4_hs_dataDriven,32,2.4,17000,2,8,cross,v5_rms_g,0.06487297266721725
"T = 2.40  (high T, disorder)",data/32Ising_T2.4_hs_dataDriven,32,2.4,17000,3,4,cross,v5_ks,0.06781250000000005
"T = 2.40  (high T, disorder)",data/32Ising_T2.4_hs_dataDriven,32,2.4,17000,3,4,cross,v5_w1,0.15180870475509883
"T = 2.40  (high T, disorder)",data/32Ising_T2.4_hs_dataDriven,32,2.4,17000,3,4,cross,v5_rms_g,0.06976597756147385
"T = 2.40  (high T, disorder)",data/32Ising_T2.4_hs_dataDriven,32,2.4,17000,4,2,cross,v5_ks,0.04375
"T = 2.40  (high T, disorder)",data/32Ising_T2.4_hs_dataDriven,32,2.4,17000,4,2,cross,v5_w1,0.09581131538092223
"T = 2.40  (high T, disorder)",data/32Ising_T2.4_hs_dataDriven,32,2.4,17000,4,2,cross,v5_rms_g,nan
"T = 2.40  (high T, disorder)",data/32Ising_T2.4_hs_dataDriven,32,2.4,17000,5,1,cross,v5_ks,0.037
"T = 2.40  (high T, disorder)",data/32Ising_T2.4_hs_dataDriven,32,2.4,17000,5,1,cross,v5_w1,0.07918533009613576
"T = 2.40  (high T, disorder)",data/32Ising_T2.4_hs_dataDriven,32,2.4,17000,5,1,cross,v5_rms_g,nan
L=32 baseline_b64,data/32Ising_T2.269_hsBignet_baseline_b64,32,2.269185314213022,19800,0,32,mera_subsampled,moment_mean,-0.03459131717681885
L=32 baseline_b64,data/32Ising_T2.269_hsBignet_baseline_b64,32,2.269185314213022,19800,0,32,mera_subsampled,moment_std,3.50704026222229
L=32 baseline_b64,data/32Ising_T2.269_hsBignet_baseline_b64,32,2.269185314213022,19800,0,32,mera_subsampled,moment_var,12.299330711364746
L=32 baseline_b64,data/32Ising_T2.269_hsBignet_baseline_b64,32,2.269185314213022,19800,0,32,mera_subsampled,moment_kurtosis,-1.333952273373866
L=32 baseline_b64,data/32Ising_T2.269_hsBignet_baseline_b64,32,2.269185314213022,19800,0,32,mera_subsampled,moment_skew,0.015193538311129993
L=32 baseline_b64,data/32Ising_T2.269_hsBignet_baseline_b64,32,2.269185314213022,19800,1,16,mera_subsampled,moment_mean,-0.00400914391502738
L=32 baseline_b64,data/32Ising_T2.269_hsBignet_baseline_b64,32,2.269185314213022,19800,1,16,mera_subsampled,moment_std,12.274746894836426
L=32 baseline_b64,data/32Ising_T2.269_hsBignet_baseline_b64,32,2.269185314213022,19800,1,16,mera_subsampled,moment_var,150.66940307617188
L=32 baseline_b64,data/32Ising_T2.269_hsBignet_baseline_b64,32,2.269185314213022,19800,1,16,mera_subsampled,moment_kurtosis,-0.9406681950486604
L=32 baseline_b64,data/32Ising_T2.269_hsBignet_baseline_b64,32,2.269185314213022,19800,1,16,mera_subsampled,moment_skew,-0.23223671204915575
L=32 baseline_b64,data/32Ising_T2.269_hsBignet_baseline_b64,32,2.269185314213022,19800,2,8,mera_subsampled,moment_mean,8.631104469299316
L=32 baseline_b64,data/32Ising_T2.269_hsBignet_baseline_b64,32,2.269185314213022,19800,2,8,mera_subsampled,moment_std,22.83641242980957
L=32 baseline_b64,data/32Ising_T2.269_hsBignet_baseline_b64,32,2.269185314213022,19800,2,8,mera_subsampled,moment_var,521.5017700195312
L=32 baseline_b64,data/32Ising_T2.269_hsBignet_baseline_b64,32,2.269185314213022,19800,2,8,mera_subsampled,moment_kurtosis,-0.9727236689016832
L=32 baseline_b64,data/32Ising_T2.269_hsBignet_baseline_b64,32,2.269185314213022,19800,2,8,mera_subsampled,moment_skew,0.42327627907606286
L=32 baseline_b64,data/32Ising_T2.269_hsBignet_baseline_b64,32,2.269185314213022,19800,3,4,mera_subsampled,moment_mean,-7.666705131530762
L=32 baseline_b64,data/32Ising_T2.269_hsBignet_baseline_b64,32,2.269185314213022,19800,3,4,mera_subsampled,moment_std,17.718191146850586
L=32 baseline_b64,data/32Ising_T2.269_hsBignet_baseline_b64,32,2.269185314213022,19800,3,4,mera_subsampled,moment_var,313.93426513671875
L=32 baseline_b64,data/32Ising_T2.269_hsBignet_baseline_b64,32,2.269185314213022,19800,3,4,mera_subsampled,moment_kurtosis,-1.251787864062484
L=32 baseline_b64,data/32Ising_T2.269_hsBignet_baseline_b64,32,2.269185314213022,19800,3,4,mera_subsampled,moment_skew,-0.0774991082828331
L=32 baseline_b64,data/32Ising_T2.269_hsBignet_baseline_b64,32,2.269185314213022,19800,4,2,mera_subsampled,moment_mean,8.243742942810059
L=32 baseline_b64,data/32Ising_T2.269_hsBignet_baseline_b64,32,2.269185314213022,19800,4,2,mera_subsampled,moment_std,9.770732879638672
L=32 baseline_b64,data/32Ising_T2.269_hsBignet_baseline_b64,32,2.269185314213022,19800,4,2,mera_subsampled,moment_var,95.46721649169922
L=32 baseline_b64,data/32Ising_T2.269_hsBignet_baseline_b64,32,2.269185314213022,19800,4,2,mera_subsampled,moment_kurtosis,-0.6321398524637449
L=32 baseline_b64,data/32Ising_T2.269_hsBignet_baseline_b64,32,2.269185314213022,19800,4,2,mera_subsampled,moment_skew,0.02607056825527002
L=32 baseline_b64,data/32Ising_T2.269_hsBignet_baseline_b64,32,2.269185314213022,19800,5,1,mera_subsampled,moment_mean,4.767383575439453
L=32 baseline_b64,data/32Ising_T2.269_hsBignet_baseline_b64,32,2.269185314213022,19800,5,1,mera_subsampled,moment_std,5.806387901306152
L=32 baseline_b64,data/32Ising_T2.269_hsBignet_baseline_b64,32,2.269185314213022,19800,5,1,mera_subsampled,moment_var,33.71413803100586
L=32 baseline_b64,data/32Ising_T2.269_hsBignet_baseline_b64,32,2.269185314213022,19800,5,1,mera_subsampled,moment_kurtosis,-0.4704633214297038
L=32 baseline_b64,data/32Ising_T2.269_hsBignet_baseline_b64,32,2.269185314213022,19800,5,1,mera_subsampled,moment_skew,-0.041647041476178134
L=32 baseline_b64,data/32Ising_T2.269_hsBignet_baseline_b64,32,2.269185314213022,19800,0,32,blockRG,moment_mean,-0.03459131717681885
L=32 baseline_b64,data/32Ising_T2.269_hsBignet_baseline_b64,32,2.269185314213022,19800,0,32,blockRG,moment_std,3.50704026222229
L=32 baseline_b64,data/32Ising_T2.269_hsBignet_baseline_b64,32,2.269185314213022,19800,0,32,blockRG,moment_var,12.299330711364746
L=32 baseline_b64,data/32Ising_T2.269_hsBignet_baseline_b64,32,2.269185314213022,19800,0,32,blockRG,moment_kurtosis,-1.333952273373866
L=32 baseline_b64,data/32Ising_T2.269_hsBignet_baseline_b64,32,2.269185314213022,19800,0,32,blockRG,moment_skew,0.015193538311129993
L=32 baseline_b64,data/32Ising_T2.269_hsBignet_baseline_b64,32,2.269185314213022,19800,1,16,blockRG,moment_mean,-0.03459132835268974
L=32 baseline_b64,data/32Ising_T2.269_hsBignet_baseline_b64,32,2.269185314213022,19800,1,16,blockRG,moment_std,3.178054094314575
L=32 baseline_b64,data/32Ising_T2.269_hsBignet_baseline_b64,32,2.269185314213022,19800,1,16,blockRG,moment_var,10.100027084350586
L=32 baseline_b64,data/32Ising_T2.269_hsBignet_baseline_b64,32,2.269185314213022,19800,1,16,blockRG,moment_kurtosis,-1.5319216496856525
L=32 baseline_b64,data/32Ising_T2.269_hsBignet_baseline_b64,32,2.269185314213022,19800,1,16,blockRG,moment_skew,0.017708419403094918
L=32 baseline_b64,data/32Ising_T2.269_hsBignet_baseline_b64,32,2.269185314213022,19800,2,8,blockRG,moment_mean,-0.034591324627399445
L=32 baseline_b64,data/32Ising_T2.269_hsBignet_baseline_b64,32,2.269185314213022,19800,2,8,blockRG,moment_std,2.9044411182403564
L=32 baseline_b64,data/32Ising_T2.269_hsBignet_baseline_b64,32,2.269185314213022,19800,2,8,blockRG,moment_var,8.435778617858887
L=32 baseline_b64,data/32Ising_T2.269_hsBignet_baseline_b64,32,2.269185314213022,19800,2,8,blockRG,moment_kurtosis,-1.6519473292115174
L=32 baseline_b64,data/32Ising_T2.269_hsBignet_baseline_b64,32,2.269185314213022,19800,2,8,blockRG,moment_skew,0.020201961672020208
L=32 baseline_b64,data/32Ising_T2.269_hsBignet_baseline_b64,32,2.269185314213022,19800,3,4,blockRG,moment_mean,-0.034591320902109146
L=32 baseline_b64,data/32Ising_T2.269_hsBignet_baseline_b64,32,2.269185314213022,19800,3,4,blockRG,moment_std,2.6928799152374268
L=32 baseline_b64,data/32Ising_T2.269_hsBignet_baseline_b64,32,2.269185314213022,19800,3,4,blockRG,moment_var,7.251602649688721
L=32 baseline_b64,data/32Ising_T2.269_hsBignet_baseline_b64,32,2.269185314213022,19800,3,4,blockRG,moment_kurtosis,-1.7200876821647981
L=32 baseline_b64,data/32Ising_T2.269_hsBignet_baseline_b64,32,2.269185314213022,19800,3,4,blockRG,moment_skew,0.023164850939309607
L=32 baseline_b64,data/32Ising_T2.269_hsBignet_baseline_b64,32,2.269185314213022,19800,4,2,blockRG,moment_mean,-0.03459133207798004
L=32 baseline_b64,data/32Ising_T2.269_hsBignet_baseline_b64,32,2.269185314213022,19800,4,2,blockRG,moment_std,2.537604570388794
L=32 baseline_b64,data/32Ising_T2.269_hsBignet_baseline_b64,32,2.269185314213022,19800,4,2,blockRG,moment_var,6.439437389373779
L=32 baseline_b64,data/32Ising_T2.269_hsBignet_baseline_b64,32,2.269185314213022,19800,4,2,blockRG,moment_kurtosis,-1.7778427325893864
L=32 baseline_b64,data/32Ising_T2.269_hsBignet_baseline_b64,32,2.269185314213022,19800,4,2,blockRG,moment_skew,0.02887104909514786
L=32 baseline_b64,data/32Ising_T2.269_hsBignet_baseline_b64,32,2.269185314213022,19800,5,1,blockRG,moment_mean,-0.03459133207798004
L=32 baseline_b64,data/32Ising_T2.269_hsBignet_baseline_b64,32,2.269185314213022,19800,5,1,blockRG,moment_std,2.4618563652038574
L=32 baseline_b64,data/32Ising_T2.269_hsBignet_baseline_b64,32,2.269185314213022,19800,5,1,blockRG,moment_var,6.060737133026123
L=32 baseline_b64,data/32Ising_T2.269_hsBignet_baseline_b64,32,2.269185314213022,19800,5,1,blockRG,moment_kurtosis,-1.8368664852056662
L=32 baseline_b64,data/32Ising_T2.269_hsBignet_baseline_b64,32,2.269185314213022,19800,5,1,blockRG,moment_skew,0.03380660784540168
L=32 baseline_b64,data/32Ising_T2.269_hsBignet_baseline_b64,32,2.269185314213022,19800,0,32,cross,v5_ks,0.004724999999999979
L=32 baseline_b64,data/32Ising_T2.269_hsBignet_baseline_b64,32,2.269185314213022,19800,0,32,cross,v5_w1,0.009195985288557855
L=32 baseline_b64,data/32Ising_T2.269_hsBignet_baseline_b64,32,2.269185314213022,19800,0,32,cross,v5_rms_g,0.0
L=32 baseline_b64,data/32Ising_T2.269_hsBignet_baseline_b64,32,2.269185314213022,19800,1,16,cross,v5_ks,0.08683000000000002
L=32 baseline_b64,data/32Ising_T2.269_hsBignet_baseline_b64,32,2.269185314213022,19800,1,16,cross,v5_w1,0.16040267491779986
L=32 baseline_b64,data/32Ising_T2.269_hsBignet_baseline_b64,32,2.269185314213022,19800,1,16,cross,v5_rms_g,0.10756561160087585
L=32 baseline_b64,data/32Ising_T2.269_hsBignet_baseline_b64,32,2.269185314213022,19800,2,8,cross,v5_ks,0.09209374999999997
L=32 baseline_b64,data/32Ising_T2.269_hsBignet_baseline_b64,32,2.269185314213022,19800,2,8,cross,v5_w1,0.18787136179304728
L=32 baseline_b64,data/32Ising_T2.269_hsBignet_baseline_b64,32,2.269185314213022,19800,2,8,cross,v5_rms_g,0.05301540344953537
L=32 baseline_b64,data/32Ising_T2.269_hsBignet_baseline_b64,32,2.269185314213022,19800,3,4,cross,v5_ks,0.07953125
L=32 baseline_b64,data/32Ising_T2.269_hsBignet_baseline_b64,32,2.269185314213022,19800,3,4,cross,v5_w1,0.15080102612642968
L=32 baseline_b64,data/32Ising_T2.269_hsBignet_baseline_b64,32,2.269185314213022,19800,3,4,cross,v5_rms_g,0.05064747855067253
L=32 baseline_b64,data/32Ising_T2.269_hsBignet_baseline_b64,32,2.269185314213022,19800,4,2,cross,v5_ks,0.145
L=32 baseline_b64,data/32Ising_T2.269_hsBignet_baseline_b64,32,2.269185314213022,19800,4,2,cross,v5_w1,0.2879947895487398
L=32 baseline_b64,data/32Ising_T2.269_hsBignet_baseline_b64,32,2.269185314213022,19800,4,2,cross,v5_rms_g,nan
L=32 baseline_b64,data/32Ising_T2.269_hsBignet_baseline_b64,32,2.269185314213022,19800,5,1,cross,v5_ks,0.1845
L=32 baseline_b64,data/32Ising_T2.269_hsBignet_baseline_b64,32,2.269185314213022,19800,5,1,cross,v5_w1,0.3489946671339567
L=32 baseline_b64,data/32Ising_T2.269_hsBignet_baseline_b64,32,2.269185314213022,19800,5,1,cross,v5_rms_g,nan
L=32 iii1_lam1.0_b64 (+III.1),data/32Ising_T2.269_hsBignet_iii1_lam1.0_b64,32,2.269185314213022,19800,0,32,mera_subsampled,moment_mean,-0.03459131717681885
L=32 iii1_lam1.0_b64 (+III.1),data/32Ising_T2.269_hsBignet_iii1_lam1.0_b64,32,2.269185314213022,19800,0,32,mera_subsampled,moment_std,3.50704026222229
L=32 iii1_lam1.0_b64 (+III.1),data/32Ising_T2.269_hsBignet_iii1_lam1.0_b64,32,2.269185314213022,19800,0,32,mera_subsampled,moment_var,12.299330711364746
L=32 iii1_lam1.0_b64 (+III.1),data/32Ising_T2.269_hsBignet_iii1_lam1.0_b64,32,2.269185314213022,19800,0,32,mera_subsampled,moment_kurtosis,-1.333952273373866
L=32 iii1_lam1.0_b64 (+III.1),data/32Ising_T2.269_hsBignet_iii1_lam1.0_b64,32,2.269185314213022,19800,0,32,mera_subsampled,moment_skew,0.015193538311129993
L=32 iii1_lam1.0_b64 (+III.1),data/32Ising_T2.269_hsBignet_iii1_lam1.0_b64,32,2.269185314213022,19800,1,16,mera_subsampled,moment_mean,1.5705645084381104
L=32 iii1_lam1.0_b64 (+III.1),data/32Ising_T2.269_hsBignet_iii1_lam1.0_b64,32,2.269185314213022,19800,1,16,mera_subsampled,moment_std,13.778428077697754
L=32 iii1_lam1.0_b64 (+III.1),data/32Ising_T2.269_hsBignet_iii1_lam1.0_b64,32,2.269185314213022,19800,1,16,mera_subsampled,moment_var,189.8450927734375
L=32 iii1_lam1.0_b64 (+III.1),data/32Ising_T2.269_hsBignet_iii1_lam1.0_b64,32,2.269185314213022,19800,1,16,mera_subsampled,moment_kurtosis,-1.0222475172689327
L=32 iii1_lam1.0_b64 (+III.1),data/32Ising_T2.269_hsBignet_iii1_lam1.0_b64,32,2.269185314213022,19800,1,16,mera_subsampled,moment_skew,0.022034188063326743
L=32 iii1_lam1.0_b64 (+III.1),data/32Ising_T2.269_hsBignet_iii1_lam1.0_b64,32,2.269185314213022,19800,2,8,mera_subsampled,moment_mean,4.84649658203125
L=32 iii1_lam1.0_b64 (+III.1),data/32Ising_T2.269_hsBignet_iii1_lam1.0_b64,32,2.269185314213022,19800,2,8,mera_subsampled,moment_std,14.604766845703125
L=32 iii1_lam1.0_b64 (+III.1),data/32Ising_T2.269_hsBignet_iii1_lam1.0_b64,32,2.269185314213022,19800,2,8,mera_subsampled,moment_var,213.29922485351562
L=32 iii1_lam1.0_b64 (+III.1),data/32Ising_T2.269_hsBignet_iii1_lam1.0_b64,32,2.269185314213022,19800,2,8,mera_subsampled,moment_kurtosis,-0.6946314732810683
L=32 iii1_lam1.0_b64 (+III.1),data/32Ising_T2.269_hsBignet_iii1_lam1.0_b64,32,2.269185314213022,19800,2,8,mera_subsampled,moment_skew,0.4879751680678782
L=32 iii1_lam1.0_b64 (+III.1),data/32Ising_T2.269_hsBignet_iii1_lam1.0_b64,32,2.269185314213022,19800,3,4,mera_subsampled,moment_mean,7.4263386726379395
L=32 iii1_lam1.0_b64 (+III.1),data/32Ising_T2.269_hsBignet_iii1_lam1.0_b64,32,2.269185314213022,19800,3,4,mera_subsampled,moment_std,14.68531608581543
L=32 iii1_lam1.0_b64 (+III.1),data/32Ising_T2.269_hsBignet_iii1_lam1.0_b64,32,2.269185314213022,19800,3,4,mera_subsampled,moment_var,215.65850830078125
L=32 iii1_lam1.0_b64 (+III.1),data/32Ising_T2.269_hsBignet_iii1_lam1.0_b64,32,2.269185314213022,19800,3,4,mera_subsampled,moment_kurtosis,-1.2826195864046084
L=32 iii1_lam1.0_b64 (+III.1),data/32Ising_T2.269_hsBignet_iii1_lam1.0_b64,32,2.269185314213022,19800,3,4,mera_subsampled,moment_skew,0.27327615646391695
L=32 iii1_lam1.0_b64 (+III.1),data/32Ising_T2.269_hsBignet_iii1_lam1.0_b64,32,2.269185314213022,19800,4,2,mera_subsampled,moment_mean,-8.507363319396973
L=32 iii1_lam1.0_b64 (+III.1),data/32Ising_T2.269_hsBignet_iii1_lam1.0_b64,32,2.269185314213022,19800,4,2,mera_subsampled,moment_std,14.822654724121094
L=32 iii1_lam1.0_b64 (+III.1),data/32Ising_T2.269_hsBignet_iii1_lam1.0_b64,32,2.269185314213022,19800,4,2,mera_subsampled,moment_var,219.71109008789062
L=32 iii1_lam1.0_b64 (+III.1),data/32Ising_T2.269_hsBignet_iii1_lam1.0_b64,32,2.269185314213022,19800,4,2,mera_subsampled,moment_kurtosis,-1.163086334117688
L=32 iii1_lam1.0_b64 (+III.1),data/32Ising_T2.269_hsBignet_iii1_lam1.0_b64,32,2.269185314213022,19800,4,2,mera_subsampled,moment_skew,-0.24318205058027678
L=32 iii1_lam1.0_b64 (+III.1),data/32Ising_T2.269_hsBignet_iii1_lam1.0_b64,32,2.269185314213022,19800,5,1,mera_subsampled,moment_mean,-8.315430641174316
L=32 iii1_lam1.0_b64 (+III.1),data/32Ising_T2.269_hsBignet_iii1_lam1.0_b64,32,2.269185314213022,19800,5,1,mera_subsampled,moment_std,14.716313362121582
L=32 iii1_lam1.0_b64 (+III.1),data/32Ising_T2.269_hsBignet_iii1_lam1.0_b64,32,2.269185314213022,19800,5,1,mera_subsampled,moment_var,216.5698699951172
L=32 iii1_lam1.0_b64 (+III.1),data/32Ising_T2.269_hsBignet_iii1_lam1.0_b64,32,2.269185314213022,19800,5,1,mera_subsampled,moment_kurtosis,-1.1806936597686528
L=32 iii1_lam1.0_b64 (+III.1),data/32Ising_T2.269_hsBignet_iii1_lam1.0_b64,32,2.269185314213022,19800,5,1,mera_subsampled,moment_skew,-0.2493350982041043
L=32 iii1_lam1.0_b64 (+III.1),data/32Ising_T2.269_hsBignet_iii1_lam1.0_b64,32,2.269185314213022,19800,0,32,blockRG,moment_mean,-0.03459131717681885
L=32 iii1_lam1.0_b64 (+III.1),data/32Ising_T2.269_hsBignet_iii1_lam1.0_b64,32,2.269185314213022,19800,0,32,blockRG,moment_std,3.50704026222229
L=32 iii1_lam1.0_b64 (+III.1),data/32Ising_T2.269_hsBignet_iii1_lam1.0_b64,32,2.269185314213022,19800,0,32,blockRG,moment_var,12.299330711364746
L=32 iii1_lam1.0_b64 (+III.1),data/32Ising_T2.269_hsBignet_iii1_lam1.0_b64,32,2.269185314213022,19800,0,32,blockRG,moment_kurtosis,-1.333952273373866
L=32 iii1_lam1.0_b64 (+III.1),data/32Ising_T2.269_hsBignet_iii1_lam1.0_b64,32,2.269185314213022,19800,0,32,blockRG,moment_skew,0.015193538311129993
L=32 iii1_lam1.0_b64 (+III.1),data/32Ising_T2.269_hsBignet_iii1_lam1.0_b64,32,2.269185314213022,19800,1,16,blockRG,moment_mean,-0.03459132835268974
L=32 iii1_lam1.0_b64 (+III.1),data/32Ising_T2.269_hsBignet_iii1_lam1.0_b64,32,2.269185314213022,19800,1,16,blockRG,moment_std,3.178054094314575
L=32 iii1_lam1.0_b64 (+III.1),data/32Ising_T2.269_hsBignet_iii1_lam1.0_b64,32,2.269185314213022,19800,1,16,blockRG,moment_var,10.100027084350586
L=32 iii1_lam1.0_b64 (+III.1),data/32Ising_T2.269_hsBignet_iii1_lam1.0_b64,32,2.269185314213022,19800,1,16,blockRG,moment_kurtosis,-1.5319216496856525
L=32 iii1_lam1.0_b64 (+III.1),data/32Ising_T2.269_hsBignet_iii1_lam1.0_b64,32,2.269185314213022,19800,1,16,blockRG,moment_skew,0.017708419403094918
L=32 iii1_lam1.0_b64 (+III.1),data/32Ising_T2.269_hsBignet_iii1_lam1.0_b64,32,2.269185314213022,19800,2,8,blockRG,moment_mean,-0.034591324627399445
L=32 iii1_lam1.0_b64 (+III.1),data/32Ising_T2.269_hsBignet_iii1_lam1.0_b64,32,2.269185314213022,19800,2,8,blockRG,moment_std,2.9044411182403564
L=32 iii1_lam1.0_b64 (+III.1),data/32Ising_T2.269_hsBignet_iii1_lam1.0_b64,32,2.269185314213022,19800,2,8,blockRG,moment_var,8.435778617858887
L=32 iii1_lam1.0_b64 (+III.1),data/32Ising_T2.269_hsBignet_iii1_lam1.0_b64,32,2.269185314213022,19800,2,8,blockRG,moment_kurtosis,-1.6519473292115174
L=32 iii1_lam1.0_b64 (+III.1),data/32Ising_T2.269_hsBignet_iii1_lam1.0_b64,32,2.269185314213022,19800,2,8,blockRG,moment_skew,0.020201961672020208
L=32 iii1_lam1.0_b64 (+III.1),data/32Ising_T2.269_hsBignet_iii1_lam1.0_b64,32,2.269185314213022,19800,3,4,blockRG,moment_mean,-0.034591320902109146
L=32 iii1_lam1.0_b64 (+III.1),data/32Ising_T2.269_hsBignet_iii1_lam1.0_b64,32,2.269185314213022,19800,3,4,blockRG,moment_std,2.6928799152374268
L=32 iii1_lam1.0_b64 (+III.1),data/32Ising_T2.269_hsBignet_iii1_lam1.0_b64,32,2.269185314213022,19800,3,4,blockRG,moment_var,7.251602649688721
L=32 iii1_lam1.0_b64 (+III.1),data/32Ising_T2.269_hsBignet_iii1_lam1.0_b64,32,2.269185314213022,19800,3,4,blockRG,moment_kurtosis,-1.7200876821647981
L=32 iii1_lam1.0_b64 (+III.1),data/32Ising_T2.269_hsBignet_iii1_lam1.0_b64,32,2.269185314213022,19800,3,4,blockRG,moment_skew,0.023164850939309607
L=32 iii1_lam1.0_b64 (+III.1),data/32Ising_T2.269_hsBignet_iii1_lam1.0_b64,32,2.269185314213022,19800,4,2,blockRG,moment_mean,-0.03459133207798004
L=32 iii1_lam1.0_b64 (+III.1),data/32Ising_T2.269_hsBignet_iii1_lam1.0_b64,32,2.269185314213022,19800,4,2,blockRG,moment_std,2.537604570388794
L=32 iii1_lam1.0_b64 (+III.1),data/32Ising_T2.269_hsBignet_iii1_lam1.0_b64,32,2.269185314213022,19800,4,2,blockRG,moment_var,6.439437389373779
L=32 iii1_lam1.0_b64 (+III.1),data/32Ising_T2.269_hsBignet_iii1_lam1.0_b64,32,2.269185314213022,19800,4,2,blockRG,moment_kurtosis,-1.7778427325893864
L=32 iii1_lam1.0_b64 (+III.1),data/32Ising_T2.269_hsBignet_iii1_lam1.0_b64,32,2.269185314213022,19800,4,2,blockRG,moment_skew,0.02887104909514786
L=32 iii1_lam1.0_b64 (+III.1),data/32Ising_T2.269_hsBignet_iii1_lam1.0_b64,32,2.269185314213022,19800,5,1,blockRG,moment_mean,-0.03459133207798004
L=32 iii1_lam1.0_b64 (+III.1),data/32Ising_T2.269_hsBignet_iii1_lam1.0_b64,32,2.269185314213022,19800,5,1,blockRG,moment_std,2.4618563652038574
L=32 iii1_lam1.0_b64 (+III.1),data/32Ising_T2.269_hsBignet_iii1_lam1.0_b64,32,2.269185314213022,19800,5,1,blockRG,moment_var,6.060737133026123
L=32 iii1_lam1.0_b64 (+III.1),data/32Ising_T2.269_hsBignet_iii1_lam1.0_b64,32,2.269185314213022,19800,5,1,blockRG,moment_kurtosis,-1.8368664852056662
L=32 iii1_lam1.0_b64 (+III.1),data/32Ising_T2.269_hsBignet_iii1_lam1.0_b64,32,2.269185314213022,19800,5,1,blockRG,moment_skew,0.03380660784540168
L=32 iii1_lam1.0_b64 (+III.1),data/32Ising_T2.269_hsBignet_iii1_lam1.0_b64,32,2.269185314213022,19800,0,32,cross,v5_ks,0.004724999999999979
L=32 iii1_lam1.0_b64 (+III.1),data/32Ising_T2.269_hsBignet_iii1_lam1.0_b64,32,2.269185314213022,19800,0,32,cross,v5_w1,0.009195985288557855
L=32 iii1_lam1.0_b64 (+III.1),data/32Ising_T2.269_hsBignet_iii1_lam1.0_b64,32,2.269185314213022,19800,0,32,cross,v5_rms_g,0.0
L=32 iii1_lam1.0_b64 (+III.1),data/32Ising_T2.269_hsBignet_iii1_lam1.0_b64,32,2.269185314213022,19800,1,16,cross,v5_ks,0.06921999999999995
L=32 iii1_lam1.0_b64 (+III.1),data/32Ising_T2.269_hsBignet_iii1_lam1.0_b64,32,2.269185314213022,19800,1,16,cross,v5_w1,0.14468368774746235
L=32 iii1_lam1.0_b64 (+III.1),data/32Ising_T2.269_hsBignet_iii1_lam1.0_b64,32,2.269185314213022,19800,1,16,cross,v5_rms_g,0.09184117615222931
L=32 iii1_lam1.0_b64 (+III.1),data/32Ising_T2.269_hsBignet_iii1_lam1.0_b64,32,2.269185314213022,19800,2,8,cross,v5_ks,0.11235937499999993
L=32 iii1_lam1.0_b64 (+III.1),data/32Ising_T2.269_hsBignet_iii1_lam1.0_b64,32,2.269185314213022,19800,2,8,cross,v5_w1,0.23209500219246837
L=32 iii1_lam1.0_b64 (+III.1),data/32Ising_T2.269_hsBignet_iii1_lam1.0_b64,32,2.269185314213022,19800,2,8,cross,v5_rms_g,0.1006924957036972
L=32 iii1_lam1.0_b64 (+III.1),data/32Ising_T2.269_hsBignet_iii1_lam1.0_b64,32,2.269185314213022,19800,3,4,cross,v5_ks,0.08465624999999999
L=32 iii1_lam1.0_b64 (+III.1),data/32Ising_T2.269_hsBignet_iii1_lam1.0_b64,32,2.269185314213022,19800,3,4,cross,v5_w1,0.15080674150112025
L=32 iii1_lam1.0_b64 (+III.1),data/32Ising_T2.269_hsBignet_iii1_lam1.0_b64,32,2.269185314213022,19800,3,4,cross,v5_rms_g,0.02188432216644287
L=32 iii1_lam1.0_b64 (+III.1),data/32Ising_T2.269_hsBignet_iii1_lam1.0_b64,32,2.269185314213022,19800,4,2,cross,v5_ks,0.1125
L=32 iii1_lam1.0_b64 (+III.1),data/32Ising_T2.269_hsBignet_iii1_lam1.0_b64,32,2.269185314213022,19800,4,2,cross,v5_w1,0.21075668326991215
L=32 iii1_lam1.0_b64 (+III.1),data/32Ising_T2.269_hsBignet_iii1_lam1.0_b64,32,2.269185314213022,19800,4,2,cross,v5_rms_g,nan
L=32 iii1_lam1.0_b64 (+III.1),data/32Ising_T2.269_hsBignet_iii1_lam1.0_b64,32,2.269185314213022,19800,5,1,cross,v5_ks,0.1275
L=32 iii1_lam1.0_b64 (+III.1),data/32Ising_T2.269_hsBignet_iii1_lam1.0_b64,32,2.269185314213022,19800,5,1,cross,v5_w1,0.2375146032926641
L=32 iii1_lam1.0_b64 (+III.1),data/32Ising_T2.269_hsBignet_iii1_lam1.0_b64,32,2.269185314213022,19800,5,1,cross,v5_rms_g,nan
L=32 i2_stride8h32_b64 (+I.2 cond),data/32Ising_T2.269_hsBignet_i2_stride8h32_b64,32,2.269185314213022,19800,0,32,mera_subsampled,moment_mean,-0.03459131717681885
L=32 i2_stride8h32_b64 (+I.2 cond),data/32Ising_T2.269_hsBignet_i2_stride8h32_b64,32,2.269185314213022,19800,0,32,mera_subsampled,moment_std,3.50704026222229
L=32 i2_stride8h32_b64 (+I.2 cond),data/32Ising_T2.269_hsBignet_i2_stride8h32_b64,32,2.269185314213022,19800,0,32,mera_subsampled,moment_var,12.299330711364746
L=32 i2_stride8h32_b64 (+I.2 cond),data/32Ising_T2.269_hsBignet_i2_stride8h32_b64,32,2.269185314213022,19800,0,32,mera_subsampled,moment_kurtosis,-1.333952273373866
L=32 i2_stride8h32_b64 (+I.2 cond),data/32Ising_T2.269_hsBignet_i2_stride8h32_b64,32,2.269185314213022,19800,0,32,mera_subsampled,moment_skew,0.015193538311129993
L=32 i2_stride8h32_b64 (+I.2 cond),data/32Ising_T2.269_hsBignet_i2_stride8h32_b64,32,2.269185314213022,19800,1,16,mera_subsampled,moment_mean,-0.043154601007699966
L=32 i2_stride8h32_b64 (+I.2 cond),data/32Ising_T2.269_hsBignet_i2_stride8h32_b64,32,2.269185314213022,19800,1,16,mera_subsampled,moment_std,13.436908721923828
L=32 i2_stride8h32_b64 (+I.2 cond),data/32Ising_T2.269_hsBignet_i2_stride8h32_b64,32,2.269185314213022,19800,1,16,mera_subsampled,moment_var,180.55052185058594
L=32 i2_stride8h32_b64 (+I.2 cond),data/32Ising_T2.269_hsBignet_i2_stride8h32_b64,32,2.269185314213022,19800,1,16,mera_subsampled,moment_kurtosis,-1.1457669519413705
L=32 i2_stride8h32_b64 (+I.2 cond),data/32Ising_T2.269_hsBignet_i2_stride8h32_b64,32,2.269185314213022,19800,1,16,mera_subsampled,moment_skew,0.1940286965166828
L=32 i2_stride8h32_b64 (+I.2 cond),data/32Ising_T2.269_hsBignet_i2_stride8h32_b64,32,2.269185314213022,19800,2,8,mera_subsampled,moment_mean,-9.685755729675293
L=32 i2_stride8h32_b64 (+I.2 cond),data/32Ising_T2.269_hsBignet_i2_stride8h32_b64,32,2.269185314213022,19800,2,8,mera_subsampled,moment_std,23.725818634033203
L=32 i2_stride8h32_b64 (+I.2 cond),data/32Ising_T2.269_hsBignet_i2_stride8h32_b64,32,2.269185314213022,19800,2,8,mera_subsampled,moment_var,562.9144287109375
L=32 i2_stride8h32_b64 (+I.2 cond),data/32Ising_T2.269_hsBignet_i2_stride8h32_b64,32,2.269185314213022,19800,2,8,mera_subsampled,moment_kurtosis,-1.0816173556515323
L=32 i2_stride8h32_b64 (+I.2 cond),data/32Ising_T2.269_hsBignet_i2_stride8h32_b64,32,2.269185314213022,19800,2,8,mera_subsampled,moment_skew,-0.35464382598508737
L=32 i2_stride8h32_b64 (+I.2 cond),data/32Ising_T2.269_hsBignet_i2_stride8h32_b64,32,2.269185314213022,19800,3,4,mera_subsampled,moment_mean,-16.057130813598633
L=32 i2_stride8h32_b64 (+I.2 cond),data/32Ising_T2.269_hsBignet_i2_stride8h32_b64,32,2.269185314213022,19800,3,4,mera_subsampled,moment_std,26.15703582763672
L=32 i2_stride8h32_b64 (+I.2 cond),data/32Ising_T2.269_hsBignet_i2_stride8h32_b64,32,2.269185314213022,19800,3,4,mera_subsampled,moment_var,684.1904907226562
L=32 i2_stride8h32_b64 (+I.2 cond),data/32Ising_T2.269_hsBignet_i2_stride8h32_b64,32,2.269185314213022,19800,3,4,mera_subsampled,moment_kurtosis,-1.41395801551861
L=32 i2_stride8h32_b64 (+I.2 cond),data/32Ising_T2.269_hsBignet_i2_stride8h32_b64,32,2.269185314213022,19800,3,4,mera_subsampled,moment_skew,-0.21366198889113514
L=32 i2_stride8h32_b64 (+I.2 cond),data/32Ising_T2.269_hsBignet_i2_stride8h32_b64,32,2.269185314213022,19800,4,2,mera_subsampled,moment_mean,5.087467193603516
L=32 i2_stride8h32_b64 (+I.2 cond),data/32Ising_T2.269_hsBignet_i2_stride8h32_b64,32,2.269185314213022,19800,4,2,mera_subsampled,moment_std,8.416229248046875
L=32 i2_stride8h32_b64 (+I.2 cond),data/32Ising_T2.269_hsBignet_i2_stride8h32_b64,32,2.269185314213022,19800,4,2,mera_subsampled,moment_var,70.8329086303711
L=32 i2_stride8h32_b64 (+I.2 cond),data/32Ising_T2.269_hsBignet_i2_stride8h32_b64,32,2.269185314213022,19800,4,2,mera_subsampled,moment_kurtosis,-0.05863626820241352
L=32 i2_stride8h32_b64 (+I.2 cond),data/32Ising_T2.269_hsBignet_i2_stride8h32_b64,32,2.269185314213022,19800,4,2,mera_subsampled,moment_skew,-0.26651043108862726
L=32 i2_stride8h32_b64 (+I.2 cond),data/32Ising_T2.269_hsBignet_i2_stride8h32_b64,32,2.269185314213022,19800,5,1,mera_subsampled,moment_mean,1.6874949932098389
L=32 i2_stride8h32_b64 (+I.2 cond),data/32Ising_T2.269_hsBignet_i2_stride8h32_b64,32,2.269185314213022,19800,5,1,mera_subsampled,moment_std,5.438225746154785
L=32 i2_stride8h32_b64 (+I.2 cond),data/32Ising_T2.269_hsBignet_i2_stride8h32_b64,32,2.269185314213022,19800,5,1,mera_subsampled,moment_var,29.57430076599121
L=32 i2_stride8h32_b64 (+I.2 cond),data/32Ising_T2.269_hsBignet_i2_stride8h32_b64,32,2.269185314213022,19800,5,1,mera_subsampled,moment_kurtosis,-0.006784130057482685
L=32 i2_stride8h32_b64 (+I.2 cond),data/32Ising_T2.269_hsBignet_i2_stride8h32_b64,32,2.269185314213022,19800,5,1,mera_subsampled,moment_skew,-0.13254397173713467
L=32 i2_stride8h32_b64 (+I.2 cond),data/32Ising_T2.269_hsBignet_i2_stride8h32_b64,32,2.269185314213022,19800,0,32,blockRG,moment_mean,-0.03459131717681885
L=32 i2_stride8h32_b64 (+I.2 cond),data/32Ising_T2.269_hsBignet_i2_stride8h32_b64,32,2.269185314213022,19800,0,32,blockRG,moment_std,3.50704026222229
L=32 i2_stride8h32_b64 (+I.2 cond),data/32Ising_T2.269_hsBignet_i2_stride8h32_b64,32,2.269185314213022,19800,0,32,blockRG,moment_var,12.299330711364746
L=32 i2_stride8h32_b64 (+I.2 cond),data/32Ising_T2.269_hsBignet_i2_stride8h32_b64,32,2.269185314213022,19800,0,32,blockRG,moment_kurtosis,-1.333952273373866
L=32 i2_stride8h32_b64 (+I.2 cond),data/32Ising_T2.269_hsBignet_i2_stride8h32_b64,32,2.269185314213022,19800,0,32,blockRG,moment_skew,0.015193538311129993
L=32 i2_stride8h32_b64 (+I.2 cond),data/32Ising_T2.269_hsBignet_i2_stride8h32_b64,32,2.269185314213022,19800,1,16,blockRG,moment_mean,-0.03459132835268974
L=32 i2_stride8h32_b64 (+I.2 cond),data/32Ising_T2.269_hsBignet_i2_stride8h32_b64,32,2.269185314213022,19800,1,16,blockRG,moment_std,3.178054094314575
L=32 i2_stride8h32_b64 (+I.2 cond),data/32Ising_T2.269_hsBignet_i2_stride8h32_b64,32,2.269185314213022,19800,1,16,blockRG,moment_var,10.100027084350586
L=32 i2_stride8h32_b64 (+I.2 cond),data/32Ising_T2.269_hsBignet_i2_stride8h32_b64,32,2.269185314213022,19800,1,16,blockRG,moment_kurtosis,-1.5319216496856525
L=32 i2_stride8h32_b64 (+I.2 cond),data/32Ising_T2.269_hsBignet_i2_stride8h32_b64,32,2.269185314213022,19800,1,16,blockRG,moment_skew,0.017708419403094918
L=32 i2_stride8h32_b64 (+I.2 cond),data/32Ising_T2.269_hsBignet_i2_stride8h32_b64,32,2.269185314213022,19800,2,8,blockRG,moment_mean,-0.034591324627399445
L=32 i2_stride8h32_b64 (+I.2 cond),data/32Ising_T2.269_hsBignet_i2_stride8h32_b64,32,2.269185314213022,19800,2,8,blockRG,moment_std,2.9044411182403564
L=32 i2_stride8h32_b64 (+I.2 cond),data/32Ising_T2.269_hsBignet_i2_stride8h32_b64,32,2.269185314213022,19800,2,8,blockRG,moment_var,8.435778617858887
L=32 i2_stride8h32_b64 (+I.2 cond),data/32Ising_T2.269_hsBignet_i2_stride8h32_b64,32,2.269185314213022,19800,2,8,blockRG,moment_kurtosis,-1.6519473292115174
L=32 i2_stride8h32_b64 (+I.2 cond),data/32Ising_T2.269_hsBignet_i2_stride8h32_b64,32,2.269185314213022,19800,2,8,blockRG,moment_skew,0.020201961672020208
L=32 i2_stride8h32_b64 (+I.2 cond),data/32Ising_T2.269_hsBignet_i2_stride8h32_b64,32,2.269185314213022,19800,3,4,blockRG,moment_mean,-0.034591320902109146
L=32 i2_stride8h32_b64 (+I.2 cond),data/32Ising_T2.269_hsBignet_i2_stride8h32_b64,32,2.269185314213022,19800,3,4,blockRG,moment_std,2.6928799152374268
L=32 i2_stride8h32_b64 (+I.2 cond),data/32Ising_T2.269_hsBignet_i2_stride8h32_b64,32,2.269185314213022,19800,3,4,blockRG,moment_var,7.251602649688721
L=32 i2_stride8h32_b64 (+I.2 cond),data/32Ising_T2.269_hsBignet_i2_stride8h32_b64,32,2.269185314213022,19800,3,4,blockRG,moment_kurtosis,-1.7200876821647981
L=32 i2_stride8h32_b64 (+I.2 cond),data/32Ising_T2.269_hsBignet_i2_stride8h32_b64,32,2.269185314213022,19800,3,4,blockRG,moment_skew,0.023164850939309607
L=32 i2_stride8h32_b64 (+I.2 cond),data/32Ising_T2.269_hsBignet_i2_stride8h32_b64,32,2.269185314213022,19800,4,2,blockRG,moment_mean,-0.03459133207798004
L=32 i2_stride8h32_b64 (+I.2 cond),data/32Ising_T2.269_hsBignet_i2_stride8h32_b64,32,2.269185314213022,19800,4,2,blockRG,moment_std,2.537604570388794
L=32 i2_stride8h32_b64 (+I.2 cond),data/32Ising_T2.269_hsBignet_i2_stride8h32_b64,32,2.269185314213022,19800,4,2,blockRG,moment_var,6.439437389373779
L=32 i2_stride8h32_b64 (+I.2 cond),data/32Ising_T2.269_hsBignet_i2_stride8h32_b64,32,2.269185314213022,19800,4,2,blockRG,moment_kurtosis,-1.7778427325893864
L=32 i2_stride8h32_b64 (+I.2 cond),data/32Ising_T2.269_hsBignet_i2_stride8h32_b64,32,2.269185314213022,19800,4,2,blockRG,moment_skew,0.02887104909514786
L=32 i2_stride8h32_b64 (+I.2 cond),data/32Ising_T2.269_hsBignet_i2_stride8h32_b64,32,2.269185314213022,19800,5,1,blockRG,moment_mean,-0.03459133207798004
L=32 i2_stride8h32_b64 (+I.2 cond),data/32Ising_T2.269_hsBignet_i2_stride8h32_b64,32,2.269185314213022,19800,5,1,blockRG,moment_std,2.4618563652038574
L=32 i2_stride8h32_b64 (+I.2 cond),data/32Ising_T2.269_hsBignet_i2_stride8h32_b64,32,2.269185314213022,19800,5,1,blockRG,moment_var,6.060737133026123
L=32 i2_stride8h32_b64 (+I.2 cond),data/32Ising_T2.269_hsBignet_i2_stride8h32_b64,32,2.269185314213022,19800,5,1,blockRG,moment_kurtosis,-1.8368664852056662
L=32 i2_stride8h32_b64 (+I.2 cond),data/32Ising_T2.269_hsBignet_i2_stride8h32_b64,32,2.269185314213022,19800,5,1,blockRG,moment_skew,0.03380660784540168
L=32 i2_stride8h32_b64 (+I.2 cond),data/32Ising_T2.269_hsBignet_i2_stride8h32_b64,32,2.269185314213022,19800,0,32,cross,v5_ks,0.004724999999999979
L=32 i2_stride8h32_b64 (+I.2 cond),data/32Ising_T2.269_hsBignet_i2_stride8h32_b64,32,2.269185314213022,19800,0,32,cross,v5_w1,0.009195985288557855
L=32 i2_stride8h32_b64 (+I.2 cond),data/32Ising_T2.269_hsBignet_i2_stride8h32_b64,32,2.269185314213022,19800,0,32,cross,v5_rms_g,0.0
L=32 i2_stride8h32_b64 (+I.2 cond),data/32Ising_T2.269_hsBignet_i2_stride8h32_b64,32,2.269185314213022,19800,1,16,cross,v5_ks,0.060209999999999986
L=32 i2_stride8h32_b64 (+I.2 cond),data/32Ising_T2.269_hsBignet_i2_stride8h32_b64,32,2.269185314213022,19800,1,16,cross,v5_w1,0.10700949856374081
L=32 i2_stride8h32_b64 (+I.2 cond),data/32Ising_T2.269_hsBignet_i2_stride8h32_b64,32,2.269185314213022,19800,1,16,cross,v5_rms_g,0.10473255068063736
L=32 i2_stride8h32_b64 (+I.2 cond),data/32Ising_T2.269_hsBignet_i2_stride8h32_b64,32,2.269185314213022,19800,2,8,cross,v5_ks,0.08669531250000001
L=32 i2_stride8h32_b64 (+I.2 cond),data/32Ising_T2.269_hsBignet_i2_stride8h32_b64,32,2.269185314213022,19800,2,8,cross,v5_w1,0.17676343503328898
L=32 i2_stride8h32_b64 (+I.2 cond),data/32Ising_T2.269_hsBignet_i2_stride8h32_b64,32,2.269185314213022,19800,2,8,cross,v5_rms_g,0.054053641855716705
L=32 i2_stride8h32_b64 (+I.2 cond),data/32Ising_T2.269_hsBignet_i2_stride8h32_b64,32,2.269185314213022,19800,3,4,cross,v5_ks,0.08403125
L=32 i2_stride8h32_b64 (+I.2 cond),data/32Ising_T2.269_hsBignet_i2_stride8h32_b64,32,2.269185314213022,19800,3,4,cross,v5_w1,0.12119366851139712
L=32 i2_stride8h32_b64 (+I.2 cond),data/32Ising_T2.269_hsBignet_i2_stride8h32_b64,32,2.269185314213022,19800,3,4,cross,v5_rms_g,0.009757662191987038
L=32 i2_stride8h32_b64 (+I.2 cond),data/32Ising_T2.269_hsBignet_i2_stride8h32_b64,32,2.269185314213022,19800,4,2,cross,v5_ks,0.170375
L=32 i2_stride8h32_b64 (+I.2 cond),data/32Ising_T2.269_hsBignet_i2_stride8h32_b64,32,2.269185314213022,19800,4,2,cross,v5_w1,0.33958139697109435
L=32 i2_stride8h32_b64 (+I.2 cond),data/32Ising_T2.269_hsBignet_i2_stride8h32_b64,32,2.269185314213022,19800,4,2,cross,v5_rms_g,nan
L=32 i2_stride8h32_b64 (+I.2 cond),data/32Ising_T2.269_hsBignet_i2_stride8h32_b64,32,2.269185314213022,19800,5,1,cross,v5_ks,0.208
L=32 i2_stride8h32_b64 (+I.2 cond),data/32Ising_T2.269_hsBignet_i2_stride8h32_b64,32,2.269185314213022,19800,5,1,cross,v5_w1,0.3906424194689607
L=32 i2_stride8h32_b64 (+I.2 cond),data/32Ising_T2.269_hsBignet_i2_stride8h32_b64,32,2.269185314213022,19800,5,1,cross,v5_rms_g,nan
L=32 combined_lam1.0_b64 (I.2+III.1),data/32Ising_T2.269_hsBignet_combined_lam1.0_stride8h32_b64,32,2.269185314213022,19800,0,32,mera_subsampled,moment_mean,-0.03459131717681885
L=32 combined_lam1.0_b64 (I.2+III.1),data/32Ising_T2.269_hsBignet_combined_lam1.0_stride8h32_b64,32,2.269185314213022,19800,0,32,mera_subsampled,moment_std,3.50704026222229
L=32 combined_lam1.0_b64 (I.2+III.1),data/32Ising_T2.269_hsBignet_combined_lam1.0_stride8h32_b64,32,2.269185314213022,19800,0,32,mera_subsampled,moment_var,12.299330711364746
L=32 combined_lam1.0_b64 (I.2+III.1),data/32Ising_T2.269_hsBignet_combined_lam1.0_stride8h32_b64,32,2.269185314213022,19800,0,32,mera_subsampled,moment_kurtosis,-1.333952273373866
L=32 combined_lam1.0_b64 (I.2+III.1),data/32Ising_T2.269_hsBignet_combined_lam1.0_stride8h32_b64,32,2.269185314213022,19800,0,32,mera_subsampled,moment_skew,0.015193538311129993
L=32 combined_lam1.0_b64 (I.2+III.1),data/32Ising_T2.269_hsBignet_combined_lam1.0_stride8h32_b64,32,2.269185314213022,19800,1,16,mera_subsampled,moment_mean,0.05575495585799217
L=32 combined_lam1.0_b64 (I.2+III.1),data/32Ising_T2.269_hsBignet_combined_lam1.0_stride8h32_b64,32,2.269185314213022,19800,1,16,mera_subsampled,moment_std,8.980266571044922
L=32 combined_lam1.0_b64 (I.2+III.1),data/32Ising_T2.269_hsBignet_combined_lam1.0_stride8h32_b64,32,2.269185314213022,19800,1,16,mera_subsampled,moment_var,80.64517974853516
L=32 combined_lam1.0_b64 (I.2+III.1),data/32Ising_T2.269_hsBignet_combined_lam1.0_stride8h32_b64,32,2.269185314213022,19800,1,16,mera_subsampled,moment_kurtosis,-0.7747810431557669
L=32 combined_lam1.0_b64 (I.2+III.1),data/32Ising_T2.269_hsBignet_combined_lam1.0_stride8h32_b64,32,2.269185314213022,19800,1,16,mera_subsampled,moment_skew,0.09759189079057595
L=32 combined_lam1.0_b64 (I.2+III.1),data/32Ising_T2.269_hsBignet_combined_lam1.0_stride8h32_b64,32,2.269185314213022,19800,2,8,mera_subsampled,moment_mean,-3.5558018684387207
L=32 combined_lam1.0_b64 (I.2+III.1),data/32Ising_T2.269_hsBignet_combined_lam1.0_stride8h32_b64,32,2.269185314213022,19800,2,8,mera_subsampled,moment_std,10.226122856140137
L=32 combined_lam1.0_b64 (I.2+III.1),data/32Ising_T2.269_hsBignet_combined_lam1.0_stride8h32_b64,32,2.269185314213022,19800,2,8,mera_subsampled,moment_var,104.57359313964844
L=32 combined_lam1.0_b64 (I.2+III.1),data/32Ising_T2.269_hsBignet_combined_lam1.0_stride8h32_b64,32,2.269185314213022,19800,2,8,mera_subsampled,moment_kurtosis,-1.0425607617160468
L=32 combined_lam1.0_b64 (I.2+III.1),data/32Ising_T2.269_hsBignet_combined_lam1.0_stride8h32_b64,32,2.269185314213022,19800,2,8,mera_subsampled,moment_skew,-0.2842069059606071
L=32 combined_lam1.0_b64 (I.2+III.1),data/32Ising_T2.269_hsBignet_combined_lam1.0_stride8h32_b64,32,2.269185314213022,19800,3,4,mera_subsampled,moment_mean,-3.7871577739715576
L=32 combined_lam1.0_b64 (I.2+III.1),data/32Ising_T2.269_hsBignet_combined_lam1.0_stride8h32_b64,32,2.269185314213022,19800,3,4,mera_subsampled,moment_std,8.50519847869873
L=32 combined_lam1.0_b64 (I.2+III.1),data/32Ising_T2.269_hsBignet_combined_lam1.0_stride8h32_b64,32,2.269185314213022,19800,3,4,mera_subsampled,moment_var,72.33839416503906
L=32 combined_lam1.0_b64 (I.2+III.1),data/32Ising_T2.269_hsBignet_combined_lam1.0_stride8h32_b64,32,2.269185314213022,19800,3,4,mera_subsampled,moment_kurtosis,-1.334388526710967
L=32 combined_lam1.0_b64 (I.2+III.1),data/32Ising_T2.269_hsBignet_combined_lam1.0_stride8h32_b64,32,2.269185314213022,19800,3,4,mera_subsampled,moment_skew,-0.15296203140568682
L=32 combined_lam1.0_b64 (I.2+III.1),data/32Ising_T2.269_hsBignet_combined_lam1.0_stride8h32_b64,32,2.269185314213022,19800,4,2,mera_subsampled,moment_mean,-2.6041836738586426
L=32 combined_lam1.0_b64 (I.2+III.1),data/32Ising_T2.269_hsBignet_combined_lam1.0_stride8h32_b64,32,2.269185314213022,19800,4,2,mera_subsampled,moment_std,7.010369777679443
L=32 combined_lam1.0_b64 (I.2+III.1),data/32Ising_T2.269_hsBignet_combined_lam1.0_stride8h32_b64,32,2.269185314213022,19800,4,2,mera_subsampled,moment_var,49.145286560058594
L=32 combined_lam1.0_b64 (I.2+III.1),data/32Ising_T2.269_hsBignet_combined_lam1.0_stride8h32_b64,32,2.269185314213022,19800,4,2,mera_subsampled,moment_kurtosis,-1.1649448616326412
L=32 combined_lam1.0_b64 (I.2+III.1),data/32Ising_T2.269_hsBignet_combined_lam1.0_stride8h32_b64,32,2.269185314213022,19800,4,2,mera_subsampled,moment_skew,-0.15762403586645438
L=32 combined_lam1.0_b64 (I.2+III.1),data/32Ising_T2.269_hsBignet_combined_lam1.0_stride8h32_b64,32,2.269185314213022,19800,5,1,mera_subsampled,moment_mean,-2.6158061027526855
L=32 combined_lam1.0_b64 (I.2+III.1),data/32Ising_T2.269_hsBignet_combined_lam1.0_stride8h32_b64,32,2.269185314213022,19800,5,1,mera_subsampled,moment_std,6.919120788574219
L=32 combined_lam1.0_b64 (I.2+III.1),data/32Ising_T2.269_hsBignet_combined_lam1.0_stride8h32_b64,32,2.269185314213022,19800,5,1,mera_subsampled,moment_var,47.87423324584961
L=32 combined_lam1.0_b64 (I.2+III.1),data/32Ising_T2.269_hsBignet_combined_lam1.0_stride8h32_b64,32,2.269185314213022,19800,5,1,mera_subsampled,moment_kurtosis,-1.1375403420693546
L=32 combined_lam1.0_b64 (I.2+III.1),data/32Ising_T2.269_hsBignet_combined_lam1.0_stride8h32_b64,32,2.269185314213022,19800,5,1,mera_subsampled,moment_skew,-0.15834322266386924
L=32 combined_lam1.0_b64 (I.2+III.1),data/32Ising_T2.269_hsBignet_combined_lam1.0_stride8h32_b64,32,2.269185314213022,19800,0,32,blockRG,moment_mean,-0.03459131717681885
L=32 combined_lam1.0_b64 (I.2+III.1),data/32Ising_T2.269_hsBignet_combined_lam1.0_stride8h32_b64,32,2.269185314213022,19800,0,32,blockRG,moment_std,3.50704026222229
L=32 combined_lam1.0_b64 (I.2+III.1),data/32Ising_T2.269_hsBignet_combined_lam1.0_stride8h32_b64,32,2.269185314213022,19800,0,32,blockRG,moment_var,12.299330711364746
L=32 combined_lam1.0_b64 (I.2+III.1),data/32Ising_T2.269_hsBignet_combined_lam1.0_stride8h32_b64,32,2.269185314213022,19800,0,32,blockRG,moment_kurtosis,-1.333952273373866
L=32 combined_lam1.0_b64 (I.2+III.1),data/32Ising_T2.269_hsBignet_combined_lam1.0_stride8h32_b64,32,2.269185314213022,19800,0,32,blockRG,moment_skew,0.015193538311129993
L=32 combined_lam1.0_b64 (I.2+III.1),data/32Ising_T2.269_hsBignet_combined_lam1.0_stride8h32_b64,32,2.269185314213022,19800,1,16,blockRG,moment_mean,-0.03459132835268974
L=32 combined_lam1.0_b64 (I.2+III.1),data/32Ising_T2.269_hsBignet_combined_lam1.0_stride8h32_b64,32,2.269185314213022,19800,1,16,blockRG,moment_std,3.178054094314575
L=32 combined_lam1.0_b64 (I.2+III.1),data/32Ising_T2.269_hsBignet_combined_lam1.0_stride8h32_b64,32,2.269185314213022,19800,1,16,blockRG,moment_var,10.100027084350586
L=32 combined_lam1.0_b64 (I.2+III.1),data/32Ising_T2.269_hsBignet_combined_lam1.0_stride8h32_b64,32,2.269185314213022,19800,1,16,blockRG,moment_kurtosis,-1.5319216496856525
L=32 combined_lam1.0_b64 (I.2+III.1),data/32Ising_T2.269_hsBignet_combined_lam1.0_stride8h32_b64,32,2.269185314213022,19800,1,16,blockRG,moment_skew,0.017708419403094918
L=32 combined_lam1.0_b64 (I.2+III.1),data/32Ising_T2.269_hsBignet_combined_lam1.0_stride8h32_b64,32,2.269185314213022,19800,2,8,blockRG,moment_mean,-0.034591324627399445
L=32 combined_lam1.0_b64 (I.2+III.1),data/32Ising_T2.269_hsBignet_combined_lam1.0_stride8h32_b64,32,2.269185314213022,19800,2,8,blockRG,moment_std,2.9044411182403564
L=32 combined_lam1.0_b64 (I.2+III.1),data/32Ising_T2.269_hsBignet_combined_lam1.0_stride8h32_b64,32,2.269185314213022,19800,2,8,blockRG,moment_var,8.435778617858887
L=32 combined_lam1.0_b64 (I.2+III.1),data/32Ising_T2.269_hsBignet_combined_lam1.0_stride8h32_b64,32,2.269185314213022,19800,2,8,blockRG,moment_kurtosis,-1.6519473292115174
L=32 combined_lam1.0_b64 (I.2+III.1),data/32Ising_T2.269_hsBignet_combined_lam1.0_stride8h32_b64,32,2.269185314213022,19800,2,8,blockRG,moment_skew,0.020201961672020208
L=32 combined_lam1.0_b64 (I.2+III.1),data/32Ising_T2.269_hsBignet_combined_lam1.0_stride8h32_b64,32,2.269185314213022,19800,3,4,blockRG,moment_mean,-0.034591320902109146
L=32 combined_lam1.0_b64 (I.2+III.1),data/32Ising_T2.269_hsBignet_combined_lam1.0_stride8h32_b64,32,2.269185314213022,19800,3,4,blockRG,moment_std,2.6928799152374268
L=32 combined_lam1.0_b64 (I.2+III.1),data/32Ising_T2.269_hsBignet_combined_lam1.0_stride8h32_b64,32,2.269185314213022,19800,3,4,blockRG,moment_var,7.251602649688721
L=32 combined_lam1.0_b64 (I.2+III.1),data/32Ising_T2.269_hsBignet_combined_lam1.0_stride8h32_b64,32,2.269185314213022,19800,3,4,blockRG,moment_kurtosis,-1.7200876821647981
L=32 combined_lam1.0_b64 (I.2+III.1),data/32Ising_T2.269_hsBignet_combined_lam1.0_stride8h32_b64,32,2.269185314213022,19800,3,4,blockRG,moment_skew,0.023164850939309607
L=32 combined_lam1.0_b64 (I.2+III.1),data/32Ising_T2.269_hsBignet_combined_lam1.0_stride8h32_b64,32,2.269185314213022,19800,4,2,blockRG,moment_mean,-0.03459133207798004
L=32 combined_lam1.0_b64 (I.2+III.1),data/32Ising_T2.269_hsBignet_combined_lam1.0_stride8h32_b64,32,2.269185314213022,19800,4,2,blockRG,moment_std,2.537604570388794
L=32 combined_lam1.0_b64 (I.2+III.1),data/32Ising_T2.269_hsBignet_combined_lam1.0_stride8h32_b64,32,2.269185314213022,19800,4,2,blockRG,moment_var,6.439437389373779
L=32 combined_lam1.0_b64 (I.2+III.1),data/32Ising_T2.269_hsBignet_combined_lam1.0_stride8h32_b64,32,2.269185314213022,19800,4,2,blockRG,moment_kurtosis,-1.7778427325893864
L=32 combined_lam1.0_b64 (I.2+III.1),data/32Ising_T2.269_hsBignet_combined_lam1.0_stride8h32_b64,32,2.269185314213022,19800,4,2,blockRG,moment_skew,0.02887104909514786
L=32 combined_lam1.0_b64 (I.2+III.1),data/32Ising_T2.269_hsBignet_combined_lam1.0_stride8h32_b64,32,2.269185314213022,19800,5,1,blockRG,moment_mean,-0.03459133207798004
L=32 combined_lam1.0_b64 (I.2+III.1),data/32Ising_T2.269_hsBignet_combined_lam1.0_stride8h32_b64,32,2.269185314213022,19800,5,1,blockRG,moment_std,2.4618563652038574
L=32 combined_lam1.0_b64 (I.2+III.1),data/32Ising_T2.269_hsBignet_combined_lam1.0_stride8h32_b64,32,2.269185314213022,19800,5,1,blockRG,moment_var,6.060737133026123
L=32 combined_lam1.0_b64 (I.2+III.1),data/32Ising_T2.269_hsBignet_combined_lam1.0_stride8h32_b64,32,2.269185314213022,19800,5,1,blockRG,moment_kurtosis,-1.8368664852056662
L=32 combined_lam1.0_b64 (I.2+III.1),data/32Ising_T2.269_hsBignet_combined_lam1.0_stride8h32_b64,32,2.269185314213022,19800,5,1,blockRG,moment_skew,0.03380660784540168
L=32 combined_lam1.0_b64 (I.2+III.1),data/32Ising_T2.269_hsBignet_combined_lam1.0_stride8h32_b64,32,2.269185314213022,19800,0,32,cross,v5_ks,0.004724999999999979
L=32 combined_lam1.0_b64 (I.2+III.1),data/32Ising_T2.269_hsBignet_combined_lam1.0_stride8h32_b64,32,2.269185314213022,19800,0,32,cross,v5_w1,0.009195985288557855
L=32 combined_lam1.0_b64 (I.2+III.1),data/32Ising_T2.269_hsBignet_combined_lam1.0_stride8h32_b64,32,2.269185314213022,19800,0,32,cross,v5_rms_g,0.0
L=32 combined_lam1.0_b64 (I.2+III.1),data/32Ising_T2.269_hsBignet_combined_lam1.0_stride8h32_b64,32,2.269185314213022,19800,1,16,cross,v5_ks,0.08647000000000005
L=32 combined_lam1.0_b64 (I.2+III.1),data/32Ising_T2.269_hsBignet_combined_lam1.0_stride8h32_b64,32,2.269185314213022,19800,1,16,cross,v5_w1,0.17060903478393002
L=32 combined_lam1.0_b64 (I.2+III.1),data/32Ising_T2.269_hsBignet_combined_lam1.0_stride8h32_b64,32,2.269185314213022,19800,1,16,cross,v5_rms_g,0.1603264957666397
L=32 combined_lam1.0_b64 (I.2+III.1),data/32Ising_T2.269_hsBignet_combined_lam1.0_stride8h32_b64,32,2.269185314213022,19800,2,8,cross,v5_ks,0.08590625000000002
L=32 combined_lam1.0_b64 (I.2+III.1),data/32Ising_T2.269_hsBignet_combined_lam1.0_stride8h32_b64,32,2.269185314213022,19800,2,8,cross,v5_w1,0.1689567125826542
L=32 combined_lam1.0_b64 (I.2+III.1),data/32Ising_T2.269_hsBignet_combined_lam1.0_stride8h32_b64,32,2.269185314213022,19800,2,8,cross,v5_rms_g,0.07666528970003128
L=32 combined_lam1.0_b64 (I.2+III.1),data/32Ising_T2.269_hsBignet_combined_lam1.0_stride8h32_b64,32,2.269185314213022,19800,3,4,cross,v5_ks,0.07846875
L=32 combined_lam1.0_b64 (I.2+III.1),data/32Ising_T2.269_hsBignet_combined_lam1.0_stride8h32_b64,32,2.269185314213022,19800,3,4,cross,v5_w1,0.12966470643018183
L=32 combined_lam1.0_b64 (I.2+III.1),data/32Ising_T2.269_hsBignet_combined_lam1.0_stride8h32_b64,32,2.269185314213022,19800,3,4,cross,v5_rms_g,0.02984696440398693
L=32 combined_lam1.0_b64 (I.2+III.1),data/32Ising_T2.269_hsBignet_combined_lam1.0_stride8h32_b64,32,2.269185314213022,19800,4,2,cross,v5_ks,0.111125
L=32 combined_lam1.0_b64 (I.2+III.1),data/32Ising_T2.269_hsBignet_combined_lam1.0_stride8h32_b64,32,2.269185314213022,19800,4,2,cross,v5_w1,0.20348185627913337
L=32 combined_lam1.0_b64 (I.2+III.1),data/32Ising_T2.269_hsBignet_combined_lam1.0_stride8h32_b64,32,2.269185314213022,19800,4,2,cross,v5_rms_g,nan
L=32 combined_lam1.0_b64 (I.2+III.1),data/32Ising_T2.269_hsBignet_combined_lam1.0_stride8h32_b64,32,2.269185314213022,19800,5,1,cross,v5_ks,0.142
L=32 combined_lam1.0_b64 (I.2+III.1),data/32Ising_T2.269_hsBignet_combined_lam1.0_stride8h32_b64,32,2.269185314213022,19800,5,1,cross,v5_w1,0.24281475895846955
L=32 combined_lam1.0_b64 (I.2+III.1),data/32Ising_T2.269_hsBignet_combined_lam1.0_stride8h32_b64,32,2.269185314213022,19800,5,1,cross,v5_rms_g,nan
L=32 iii1_lam0.1_b64,data/32Ising_T2.269_hsBignet_iii1_lam0.1_b64,32,2.269185314213022,19800,0,32,mera_subsampled,moment_mean,-0.03459131717681885
L=32 iii1_lam0.1_b64,data/32Ising_T2.269_hsBignet_iii1_lam0.1_b64,32,2.269185314213022,19800,0,32,mera_subsampled,moment_std,3.50704026222229
L=32 iii1_lam0.1_b64,data/32Ising_T2.269_hsBignet_iii1_lam0.1_b64,32,2.269185314213022,19800,0,32,mera_subsampled,moment_var,12.299330711364746
L=32 iii1_lam0.1_b64,data/32Ising_T2.269_hsBignet_iii1_lam0.1_b64,32,2.269185314213022,19800,0,32,mera_subsampled,moment_kurtosis,-1.333952273373866
L=32 iii1_lam0.1_b64,data/32Ising_T2.269_hsBignet_iii1_lam0.1_b64,32,2.269185314213022,19800,0,32,mera_subsampled,moment_skew,0.015193538311129993
L=32 iii1_lam0.1_b64,data/32Ising_T2.269_hsBignet_iii1_lam0.1_b64,32,2.269185314213022,19800,1,16,mera_subsampled,moment_mean,2.2082550525665283
L=32 iii1_lam0.1_b64,data/32Ising_T2.269_hsBignet_iii1_lam0.1_b64,32,2.269185314213022,19800,1,16,mera_subsampled,moment_std,11.902057647705078
L=32 iii1_lam0.1_b64,data/32Ising_T2.269_hsBignet_iii1_lam0.1_b64,32,2.269185314213022,19800,1,16,mera_subsampled,moment_var,141.65896606445312
L=32 iii1_lam0.1_b64,data/32Ising_T2.269_hsBignet_iii1_lam0.1_b64,32,2.269185314213022,19800,1,16,mera_subsampled,moment_kurtosis,-0.8278542392268706
L=32 iii1_lam0.1_b64,data/32Ising_T2.269_hsBignet_iii1_lam0.1_b64,32,2.269185314213022,19800,1,16,mera_subsampled,moment_skew,0.21576676799484493
L=32 iii1_lam0.1_b64,data/32Ising_T2.269_hsBignet_iii1_lam0.1_b64,32,2.269185314213022,19800,2,8,mera_subsampled,moment_mean,6.588074207305908
L=32 iii1_lam0.1_b64,data/32Ising_T2.269_hsBignet_iii1_lam0.1_b64,32,2.269185314213022,19800,2,8,mera_subsampled,moment_std,14.226871490478516
L=32 iii1_lam0.1_b64,data/32Ising_T2.269_hsBignet_iii1_lam0.1_b64,32,2.269185314213022,19800,2,8,mera_subsampled,moment_var,202.40386962890625
L=32 iii1_lam0.1_b64,data/32Ising_T2.269_hsBignet_iii1_lam0.1_b64,32,2.269185314213022,19800,2,8,mera_subsampled,moment_kurtosis,-0.3986998479358106
L=32 iii1_lam0.1_b64,data/32Ising_T2.269_hsBignet_iii1_lam0.1_b64,32,2.269185314213022,19800,2,8,mera_subsampled,moment_skew,0.5069630912092792
L=32 iii1_lam0.1_b64,data/32Ising_T2.269_hsBignet_iii1_lam0.1_b64,32,2.269185314213022,19800,3,4,mera_subsampled,moment_mean,8.813323020935059
L=32 iii1_lam0.1_b64,data/32Ising_T2.269_hsBignet_iii1_lam0.1_b64,32,2.269185314213022,19800,3,4,mera_subsampled,moment_std,13.422723770141602
L=32 iii1_lam0.1_b64,data/32Ising_T2.269_hsBignet_iii1_lam0.1_b64,32,2.269185314213022,19800,3,4,mera_subsampled,moment_var,180.1695098876953
L=32 iii1_lam0.1_b64,data/32Ising_T2.269_hsBignet_iii1_lam0.1_b64,32,2.269185314213022,19800,3,4,mera_subsampled,moment_kurtosis,-1.1957629387735924
L=32 iii1_lam0.1_b64,data/32Ising_T2.269_hsBignet_iii1_lam0.1_b64,32,2.269185314213022,19800,3,4,mera_subsampled,moment_skew,0.3293801166382236
L=32 iii1_lam0.1_b64,data/32Ising_T2.269_hsBignet_iii1_lam0.1_b64,32,2.269185314213022,19800,4,2,mera_subsampled,moment_mean,-6.963744163513184
L=32 iii1_lam0.1_b64,data/32Ising_T2.269_hsBignet_iii1_lam0.1_b64,32,2.269185314213022,19800,4,2,mera_subsampled,moment_std,10.203033447265625
L=32 iii1_lam0.1_b64,data/32Ising_T2.269_hsBignet_iii1_lam0.1_b64,32,2.269185314213022,19800,4,2,mera_subsampled,moment_var,104.10189056396484
L=32 iii1_lam0.1_b64,data/32Ising_T2.269_hsBignet_iii1_lam0.1_b64,32,2.269185314213022,19800,4,2,mera_subsampled,moment_kurtosis,-1.512991881283455
L=32 iii1_lam0.1_b64,data/32Ising_T2.269_hsBignet_iii1_lam0.1_b64,32,2.269185314213022,19800,4,2,mera_subsampled,moment_skew,-0.004499250820175778
L=32 iii1_lam0.1_b64,data/32Ising_T2.269_hsBignet_iii1_lam0.1_b64,32,2.269185314213022,19800,5,1,mera_subsampled,moment_mean,-3.2287983894348145
L=32 iii1_lam0.1_b64,data/32Ising_T2.269_hsBignet_iii1_lam0.1_b64,32,2.269185314213022,19800,5,1,mera_subsampled,moment_std,6.015490531921387
L=32 iii1_lam0.1_b64,data/32Ising_T2.269_hsBignet_iii1_lam0.1_b64,32,2.269185314213022,19800,5,1,mera_subsampled,moment_var,36.186126708984375
L=32 iii1_lam0.1_b64,data/32Ising_T2.269_hsBignet_iii1_lam0.1_b64,32,2.269185314213022,19800,5,1,mera_subsampled,moment_kurtosis,-1.106295185710623
L=32 iii1_lam0.1_b64,data/32Ising_T2.269_hsBignet_iii1_lam0.1_b64,32,2.269185314213022,19800,5,1,mera_subsampled,moment_skew,-0.001493764760475207
L=32 iii1_lam0.1_b64,data/32Ising_T2.269_hsBignet_iii1_lam0.1_b64,32,2.269185314213022,19800,0,32,blockRG,moment_mean,-0.03459131717681885
L=32 iii1_lam0.1_b64,data/32Ising_T2.269_hsBignet_iii1_lam0.1_b64,32,2.269185314213022,19800,0,32,blockRG,moment_std,3.50704026222229
L=32 iii1_lam0.1_b64,data/32Ising_T2.269_hsBignet_iii1_lam0.1_b64,32,2.269185314213022,19800,0,32,blockRG,moment_var,12.299330711364746
L=32 iii1_lam0.1_b64,data/32Ising_T2.269_hsBignet_iii1_lam0.1_b64,32,2.269185314213022,19800,0,32,blockRG,moment_kurtosis,-1.333952273373866
L=32 iii1_lam0.1_b64,data/32Ising_T2.269_hsBignet_iii1_lam0.1_b64,32,2.269185314213022,19800,0,32,blockRG,moment_skew,0.015193538311129993
L=32 iii1_lam0.1_b64,data/32Ising_T2.269_hsBignet_iii1_lam0.1_b64,32,2.269185314213022,19800,1,16,blockRG,moment_mean,-0.03459132835268974
L=32 iii1_lam0.1_b64,data/32Ising_T2.269_hsBignet_iii1_lam0.1_b64,32,2.269185314213022,19800,1,16,blockRG,moment_std,3.178054094314575
L=32 iii1_lam0.1_b64,data/32Ising_T2.269_hsBignet_iii1_lam0.1_b64,32,2.269185314213022,19800,1,16,blockRG,moment_var,10.100027084350586
L=32 iii1_lam0.1_b64,data/32Ising_T2.269_hsBignet_iii1_lam0.1_b64,32,2.269185314213022,19800,1,16,blockRG,moment_kurtosis,-1.5319216496856525
L=32 iii1_lam0.1_b64,data/32Ising_T2.269_hsBignet_iii1_lam0.1_b64,32,2.269185314213022,19800,1,16,blockRG,moment_skew,0.017708419403094918
L=32 iii1_lam0.1_b64,data/32Ising_T2.269_hsBignet_iii1_lam0.1_b64,32,2.269185314213022,19800,2,8,blockRG,moment_mean,-0.034591324627399445
L=32 iii1_lam0.1_b64,data/32Ising_T2.269_hsBignet_iii1_lam0.1_b64,32,2.269185314213022,19800,2,8,blockRG,moment_std,2.9044411182403564
L=32 iii1_lam0.1_b64,data/32Ising_T2.269_hsBignet_iii1_lam0.1_b64,32,2.269185314213022,19800,2,8,blockRG,moment_var,8.435778617858887
L=32 iii1_lam0.1_b64,data/32Ising_T2.269_hsBignet_iii1_lam0.1_b64,32,2.269185314213022,19800,2,8,blockRG,moment_kurtosis,-1.6519473292115174
L=32 iii1_lam0.1_b64,data/32Ising_T2.269_hsBignet_iii1_lam0.1_b64,32,2.269185314213022,19800,2,8,blockRG,moment_skew,0.020201961672020208
L=32 iii1_lam0.1_b64,data/32Ising_T2.269_hsBignet_iii1_lam0.1_b64,32,2.269185314213022,19800,3,4,blockRG,moment_mean,-0.034591320902109146
L=32 iii1_lam0.1_b64,data/32Ising_T2.269_hsBignet_iii1_lam0.1_b64,32,2.269185314213022,19800,3,4,blockRG,moment_std,2.6928799152374268
L=32 iii1_lam0.1_b64,data/32Ising_T2.269_hsBignet_iii1_lam0.1_b64,32,2.269185314213022,19800,3,4,blockRG,moment_var,7.251602649688721
L=32 iii1_lam0.1_b64,data/32Ising_T2.269_hsBignet_iii1_lam0.1_b64,32,2.269185314213022,19800,3,4,blockRG,moment_kurtosis,-1.7200876821647981
L=32 iii1_lam0.1_b64,data/32Ising_T2.269_hsBignet_iii1_lam0.1_b64,32,2.269185314213022,19800,3,4,blockRG,moment_skew,0.023164850939309607
L=32 iii1_lam0.1_b64,data/32Ising_T2.269_hsBignet_iii1_lam0.1_b64,32,2.269185314213022,19800,4,2,blockRG,moment_mean,-0.03459133207798004
L=32 iii1_lam0.1_b64,data/32Ising_T2.269_hsBignet_iii1_lam0.1_b64,32,2.269185314213022,19800,4,2,blockRG,moment_std,2.537604570388794
L=32 iii1_lam0.1_b64,data/32Ising_T2.269_hsBignet_iii1_lam0.1_b64,32,2.269185314213022,19800,4,2,blockRG,moment_var,6.439437389373779
L=32 iii1_lam0.1_b64,data/32Ising_T2.269_hsBignet_iii1_lam0.1_b64,32,2.269185314213022,19800,4,2,blockRG,moment_kurtosis,-1.7778427325893864
L=32 iii1_lam0.1_b64,data/32Ising_T2.269_hsBignet_iii1_lam0.1_b64,32,2.269185314213022,19800,4,2,blockRG,moment_skew,0.02887104909514786
L=32 iii1_lam0.1_b64,data/32Ising_T2.269_hsBignet_iii1_lam0.1_b64,32,2.269185314213022,19800,5,1,blockRG,moment_mean,-0.03459133207798004
L=32 iii1_lam0.1_b64,data/32Ising_T2.269_hsBignet_iii1_lam0.1_b64,32,2.269185314213022,19800,5,1,blockRG,moment_std,2.4618563652038574
L=32 iii1_lam0.1_b64,data/32Ising_T2.269_hsBignet_iii1_lam0.1_b64,32,2.269185314213022,19800,5,1,blockRG,moment_var,6.060737133026123
L=32 iii1_lam0.1_b64,data/32Ising_T2.269_hsBignet_iii1_lam0.1_b64,32,2.269185314213022,19800,5,1,blockRG,moment_kurtosis,-1.8368664852056662
L=32 iii1_lam0.1_b64,data/32Ising_T2.269_hsBignet_iii1_lam0.1_b64,32,2.269185314213022,19800,5,1,blockRG,moment_skew,0.03380660784540168
L=32 iii1_lam0.1_b64,data/32Ising_T2.269_hsBignet_iii1_lam0.1_b64,32,2.269185314213022,19800,0,32,cross,v5_ks,0.004724999999999979
L=32 iii1_lam0.1_b64,data/32Ising_T2.269_hsBignet_iii1_lam0.1_b64,32,2.269185314213022,19800,0,32,cross,v5_w1,0.009195985288557855
L=32 iii1_lam0.1_b64,data/32Ising_T2.269_hsBignet_iii1_lam0.1_b64,32,2.269185314213022,19800,0,32,cross,v5_rms_g,0.0
L=32 iii1_lam0.1_b64,data/32Ising_T2.269_hsBignet_iii1_lam0.1_b64,32,2.269185314213022,19800,1,16,cross,v5_ks,0.08867000000000003
L=32 iii1_lam0.1_b64,data/32Ising_T2.269_hsBignet_iii1_lam0.1_b64,32,2.269185314213022,19800,1,16,cross,v5_w1,0.1596421186932984
L=32 iii1_lam0.1_b64,data/32Ising_T2.269_hsBignet_iii1_lam0.1_b64,32,2.269185314213022,19800,1,16,cross,v5_rms_g,0.10930555313825607
L=32 iii1_lam0.1_b64,data/32Ising_T2.269_hsBignet_iii1_lam0.1_b64,32,2.269185314213022,19800,2,8,cross,v5_ks,0.11310937500000001
L=32 iii1_lam0.1_b64,data/32Ising_T2.269_hsBignet_iii1_lam0.1_b64,32,2.269185314213022,19800,2,8,cross,v5_w1,0.22816526947176607
L=32 iii1_lam0.1_b64,data/32Ising_T2.269_hsBignet_iii1_lam0.1_b64,32,2.269185314213022,19800,2,8,cross,v5_rms_g,0.07997572422027588
L=32 iii1_lam0.1_b64,data/32Ising_T2.269_hsBignet_iii1_lam0.1_b64,32,2.269185314213022,19800,3,4,cross,v5_ks,0.08350000000000002
L=32 iii1_lam0.1_b64,data/32Ising_T2.269_hsBignet_iii1_lam0.1_b64,32,2.269185314213022,19800,3,4,cross,v5_w1,0.154445378699273
L=32 iii1_lam0.1_b64,data/32Ising_T2.269_hsBignet_iii1_lam0.1_b64,32,2.269185314213022,19800,3,4,cross,v5_rms_g,0.008902736008167267
L=32 iii1_lam0.1_b64,data/32Ising_T2.269_hsBignet_iii1_lam0.1_b64,32,2.269185314213022,19800,4,2,cross,v5_ks,0.06675
L=32 iii1_lam0.1_b64,data/32Ising_T2.269_hsBignet_iii1_lam0.1_b64,32,2.269185314213022,19800,4,2,cross,v5_w1,0.10667671161422959
L=32 iii1_lam0.1_b64,data/32Ising_T2.269_hsBignet_iii1_lam0.1_b64,32,2.269185314213022,19800,4,2,cross,v5_rms_g,nan
L=32 iii1_lam0.1_b64,data/32Ising_T2.269_hsBignet_iii1_lam0.1_b64,32,2.269185314213022,19800,5,1,cross,v5_ks,0.141
L=32 iii1_lam0.1_b64,data/32Ising_T2.269_hsBignet_iii1_lam0.1_b64,32,2.269185314213022,19800,5,1,cross,v5_w1,0.2394608752245549
L=32 iii1_lam0.1_b64,data/32Ising_T2.269_hsBignet_iii1_lam0.1_b64,32,2.269185314213022,19800,5,1,cross,v5_rms_g,nan
L=32 iii1_lam10.0_b64,data/32Ising_T2.269_hsBignet_iii1_lam10.0_b64,32,2.269185314213022,19800,0,32,mera_subsampled,moment_mean,-0.03459131717681885
L=32 iii1_lam10.0_b64,data/32Ising_T2.269_hsBignet_iii1_lam10.0_b64,32,2.269185314213022,19800,0,32,mera_subsampled,moment_std,3.50704026222229
L=32 iii1_lam10.0_b64,data/32Ising_T2.269_hsBignet_iii1_lam10.0_b64,32,2.269185314213022,19800,0,32,mera_subsampled,moment_var,12.299330711364746
L=32 iii1_lam10.0_b64,data/32Ising_T2.269_hsBignet_iii1_lam10.0_b64,32,2.269185314213022,19800,0,32,mera_subsampled,moment_kurtosis,-1.333952273373866
L=32 iii1_lam10.0_b64,data/32Ising_T2.269_hsBignet_iii1_lam10.0_b64,32,2.269185314213022,19800,0,32,mera_subsampled,moment_skew,0.015193538311129993
L=32 iii1_lam10.0_b64,data/32Ising_T2.269_hsBignet_iii1_lam10.0_b64,32,2.269185314213022,19800,1,16,mera_subsampled,moment_mean,-0.04113542661070824
L=32 iii1_lam10.0_b64,data/32Ising_T2.269_hsBignet_iii1_lam10.0_b64,32,2.269185314213022,19800,1,16,mera_subsampled,moment_std,5.070573806762695
L=32 iii1_lam10.0_b64,data/32Ising_T2.269_hsBignet_iii1_lam10.0_b64,32,2.269185314213022,19800,1,16,mera_subsampled,moment_var,25.71072006225586
L=32 iii1_lam10.0_b64,data/32Ising_T2.269_hsBignet_iii1_lam10.0_b64,32,2.269185314213022,19800,1,16,mera_subsampled,moment_kurtosis,0.8820546143170263
L=32 iii1_lam10.0_b64,data/32Ising_T2.269_hsBignet_iii1_lam10.0_b64,32,2.269185314213022,19800,1,16,mera_subsampled,moment_skew,-0.3207986354583259
L=32 iii1_lam10.0_b64,data/32Ising_T2.269_hsBignet_iii1_lam10.0_b64,32,2.269185314213022,19800,2,8,mera_subsampled,moment_mean,-0.11277960985898972
L=32 iii1_lam10.0_b64,data/32Ising_T2.269_hsBignet_iii1_lam10.0_b64,32,2.269185314213022,19800,2,8,mera_subsampled,moment_std,4.014880657196045
L=32 iii1_lam10.0_b64,data/32Ising_T2.269_hsBignet_iii1_lam10.0_b64,32,2.269185314213022,19800,2,8,mera_subsampled,moment_var,16.1192684173584
L=32 iii1_lam10.0_b64,data/32Ising_T2.269_hsBignet_iii1_lam10.0_b64,32,2.269185314213022,19800,2,8,mera_subsampled,moment_kurtosis,0.6533099247426346
L=32 iii1_lam10.0_b64,data/32Ising_T2.269_hsBignet_iii1_lam10.0_b64,32,2.269185314213022,19800,2,8,mera_subsampled,moment_skew,-0.4237800162223773
L=32 iii1_lam10.0_b64,data/32Ising_T2.269_hsBignet_iii1_lam10.0_b64,32,2.269185314213022,19800,3,4,mera_subsampled,moment_mean,-0.13948307931423187
L=32 iii1_lam10.0_b64,data/32Ising_T2.269_hsBignet_iii1_lam10.0_b64,32,2.269185314213022,19800,3,4,mera_subsampled,moment_std,4.084291934967041
L=32 iii1_lam10.0_b64,data/32Ising_T2.269_hsBignet_iii1_lam10.0_b64,32,2.269185314213022,19800,3,4,mera_subsampled,moment_var,16.681440353393555
L=32 iii1_lam10.0_b64,data/32Ising_T2.269_hsBignet_iii1_lam10.0_b64,32,2.269185314213022,19800,3,4,mera_subsampled,moment_kurtosis,0.6235405936278453
L=32 iii1_lam10.0_b64,data/32Ising_T2.269_hsBignet_iii1_lam10.0_b64,32,2.269185314213022,19800,3,4,mera_subsampled,moment_skew,-0.40548860350645133
L=32 iii1_lam10.0_b64,data/32Ising_T2.269_hsBignet_iii1_lam10.0_b64,32,2.269185314213022,19800,4,2,mera_subsampled,moment_mean,-0.1277514547109604
L=32 iii1_lam10.0_b64,data/32Ising_T2.269_hsBignet_iii1_lam10.0_b64,32,2.269185314213022,19800,4,2,mera_subsampled,moment_std,4.067453861236572
L=32 iii1_lam10.0_b64,data/32Ising_T2.269_hsBignet_iii1_lam10.0_b64,32,2.269185314213022,19800,4,2,mera_subsampled,moment_var,16.544179916381836
L=32 iii1_lam10.0_b64,data/32Ising_T2.269_hsBignet_iii1_lam10.0_b64,32,2.269185314213022,19800,4,2,mera_subsampled,moment_kurtosis,0.47114417356623717
L=32 iii1_lam10.0_b64,data/32Ising_T2.269_hsBignet_iii1_lam10.0_b64,32,2.269185314213022,19800,4,2,mera_subsampled,moment_skew,-0.35853945050983377
L=32 iii1_lam10.0_b64,data/32Ising_T2.269_hsBignet_iii1_lam10.0_b64,32,2.269185314213022,19800,5,1,mera_subsampled,moment_mean,0.015701118856668472
L=32 iii1_lam10.0_b64,data/32Ising_T2.269_hsBignet_iii1_lam10.0_b64,32,2.269185314213022,19800,5,1,mera_subsampled,moment_std,4.045309066772461
L=32 iii1_lam10.0_b64,data/32Ising_T2.269_hsBignet_iii1_lam10.0_b64,32,2.269185314213022,19800,5,1,mera_subsampled,moment_var,16.364524841308594
L=32 iii1_lam10.0_b64,data/32Ising_T2.269_hsBignet_iii1_lam10.0_b64,32,2.269185314213022,19800,5,1,mera_subsampled,moment_kurtosis,0.63471046057315
L=32 iii1_lam10.0_b64,data/32Ising_T2.269_hsBignet_iii1_lam10.0_b64,32,2.269185314213022,19800,5,1,mera_subsampled,moment_skew,-0.3657544839697136
L=32 iii1_lam10.0_b64,data/32Ising_T2.269_hsBignet_iii1_lam10.0_b64,32,2.269185314213022,19800,0,32,blockRG,moment_mean,-0.03459131717681885
L=32 iii1_lam10.0_b64,data/32Ising_T2.269_hsBignet_iii1_lam10.0_b64,32,2.269185314213022,19800,0,32,blockRG,moment_std,3.50704026222229
L=32 iii1_lam10.0_b64,data/32Ising_T2.269_hsBignet_iii1_lam10.0_b64,32,2.269185314213022,19800,0,32,blockRG,moment_var,12.299330711364746
L=32 iii1_lam10.0_b64,data/32Ising_T2.269_hsBignet_iii1_lam10.0_b64,32,2.269185314213022,19800,0,32,blockRG,moment_kurtosis,-1.333952273373866
L=32 iii1_lam10.0_b64,data/32Ising_T2.269_hsBignet_iii1_lam10.0_b64,32,2.269185314213022,19800,0,32,blockRG,moment_skew,0.015193538311129993
L=32 iii1_lam10.0_b64,data/32Ising_T2.269_hsBignet_iii1_lam10.0_b64,32,2.269185314213022,19800,1,16,blockRG,moment_mean,-0.03459132835268974
L=32 iii1_lam10.0_b64,data/32Ising_T2.269_hsBignet_iii1_lam10.0_b64,32,2.269185314213022,19800,1,16,blockRG,moment_std,3.178054094314575
L=32 iii1_lam10.0_b64,data/32Ising_T2.269_hsBignet_iii1_lam10.0_b64,32,2.269185314213022,19800,1,16,blockRG,moment_var,10.100027084350586
L=32 iii1_lam10.0_b64,data/32Ising_T2.269_hsBignet_iii1_lam10.0_b64,32,2.269185314213022,19800,1,16,blockRG,moment_kurtosis,-1.5319216496856525
L=32 iii1_lam10.0_b64,data/32Ising_T2.269_hsBignet_iii1_lam10.0_b64,32,2.269185314213022,19800,1,16,blockRG,moment_skew,0.017708419403094918
L=32 iii1_lam10.0_b64,data/32Ising_T2.269_hsBignet_iii1_lam10.0_b64,32,2.269185314213022,19800,2,8,blockRG,moment_mean,-0.034591324627399445
L=32 iii1_lam10.0_b64,data/32Ising_T2.269_hsBignet_iii1_lam10.0_b64,32,2.269185314213022,19800,2,8,blockRG,moment_std,2.9044411182403564
L=32 iii1_lam10.0_b64,data/32Ising_T2.269_hsBignet_iii1_lam10.0_b64,32,2.269185314213022,19800,2,8,blockRG,moment_var,8.435778617858887
L=32 iii1_lam10.0_b64,data/32Ising_T2.269_hsBignet_iii1_lam10.0_b64,32,2.269185314213022,19800,2,8,blockRG,moment_kurtosis,-1.6519473292115174
L=32 iii1_lam10.0_b64,data/32Ising_T2.269_hsBignet_iii1_lam10.0_b64,32,2.269185314213022,19800,2,8,blockRG,moment_skew,0.020201961672020208
L=32 iii1_lam10.0_b64,data/32Ising_T2.269_hsBignet_iii1_lam10.0_b64,32,2.269185314213022,19800,3,4,blockRG,moment_mean,-0.034591320902109146
L=32 iii1_lam10.0_b64,data/32Ising_T2.269_hsBignet_iii1_lam10.0_b64,32,2.269185314213022,19800,3,4,blockRG,moment_std,2.6928799152374268
L=32 iii1_lam10.0_b64,data/32Ising_T2.269_hsBignet_iii1_lam10.0_b64,32,2.269185314213022,19800,3,4,blockRG,moment_var,7.251602649688721
L=32 iii1_lam10.0_b64,data/32Ising_T2.269_hsBignet_iii1_lam10.0_b64,32,2.269185314213022,19800,3,4,blockRG,moment_kurtosis,-1.7200876821647981
L=32 iii1_lam10.0_b64,data/32Ising_T2.269_hsBignet_iii1_lam10.0_b64,32,2.269185314213022,19800,3,4,blockRG,moment_skew,0.023164850939309607
L=32 iii1_lam10.0_b64,data/32Ising_T2.269_hsBignet_iii1_lam10.0_b64,32,2.269185314213022,19800,4,2,blockRG,moment_mean,-0.03459133207798004
L=32 iii1_lam10.0_b64,data/32Ising_T2.269_hsBignet_iii1_lam10.0_b64,32,2.269185314213022,19800,4,2,blockRG,moment_std,2.537604570388794
L=32 iii1_lam10.0_b64,data/32Ising_T2.269_hsBignet_iii1_lam10.0_b64,32,2.269185314213022,19800,4,2,blockRG,moment_var,6.439437389373779
L=32 iii1_lam10.0_b64,data/32Ising_T2.269_hsBignet_iii1_lam10.0_b64,32,2.269185314213022,19800,4,2,blockRG,moment_kurtosis,-1.7778427325893864
L=32 iii1_lam10.0_b64,data/32Ising_T2.269_hsBignet_iii1_lam10.0_b64,32,2.269185314213022,19800,4,2,blockRG,moment_skew,0.02887104909514786
L=32 iii1_lam10.0_b64,data/32Ising_T2.269_hsBignet_iii1_lam10.0_b64,32,2.269185314213022,19800,5,1,blockRG,moment_mean,-0.03459133207798004
L=32 iii1_lam10.0_b64,data/32Ising_T2.269_hsBignet_iii1_lam10.0_b64,32,2.269185314213022,19800,5,1,blockRG,moment_std,2.4618563652038574
L=32 iii1_lam10.0_b64,data/32Ising_T2.269_hsBignet_iii1_lam10.0_b64,32,2.269185314213022,19800,5,1,blockRG,moment_var,6.060737133026123
L=32 iii1_lam10.0_b64,data/32Ising_T2.269_hsBignet_iii1_lam10.0_b64,32,2.269185314213022,19800,5,1,blockRG,moment_kurtosis,-1.8368664852056662
L=32 iii1_lam10.0_b64,data/32Ising_T2.269_hsBignet_iii1_lam10.0_b64,32,2.269185314213022,19800,5,1,blockRG,moment_skew,0.03380660784540168
L=32 iii1_lam10.0_b64,data/32Ising_T2.269_hsBignet_iii1_lam10.0_b64,32,2.269185314213022,19800,0,32,cross,v5_ks,0.004724999999999979
L=32 iii1_lam10.0_b64,data/32Ising_T2.269_hsBignet_iii1_lam10.0_b64,32,2.269185314213022,19800,0,32,cross,v5_w1,0.009195985288557855
L=32 iii1_lam10.0_b64,data/32Ising_T2.269_hsBignet_iii1_lam10.0_b64,32,2.269185314213022,19800,0,32,cross,v5_rms_g,0.0
L=32 iii1_lam10.0_b64,data/32Ising_T2.269_hsBignet_iii1_lam10.0_b64,32,2.269185314213022,19800,1,16,cross,v5_ks,0.152505
L=32 iii1_lam10.0_b64,data/32Ising_T2.269_hsBignet_iii1_lam10.0_b64,32,2.269185314213022,19800,1,16,cross,v5_w1,0.29986939131129026
L=32 iii1_lam10.0_b64,data/32Ising_T2.269_hsBignet_iii1_lam10.0_b64,32,2.269185314213022,19800,1,16,cross,v5_rms_g,0.5775840878486633
L=32 iii1_lam10.0_b64,data/32Ising_T2.269_hsBignet_iii1_lam10.0_b64,32,2.269185314213022,19800,2,8,cross,v5_ks,0.16166406249999998
L=32 iii1_lam10.0_b64,data/32Ising_T2.269_hsBignet_iii1_lam10.0_b64,32,2.269185314213022,19800,2,8,cross,v5_w1,0.3277042211796081
L=32 iii1_lam10.0_b64,data/32Ising_T2.269_hsBignet_iii1_lam10.0_b64,32,2.269185314213022,19800,2,8,cross,v5_rms_g,0.5267071723937988
L=32 iii1_lam10.0_b64,data/32Ising_T2.269_hsBignet_iii1_lam10.0_b64,32,2.269185314213022,19800,3,4,cross,v5_ks,0.172
L=32 iii1_lam10.0_b64,data/32Ising_T2.269_hsBignet_iii1_lam10.0_b64,32,2.269185314213022,19800,3,4,cross,v5_w1,0.35232172687355706
L=32 iii1_lam10.0_b64,data/32Ising_T2.269_hsBignet_iii1_lam10.0_b64,32,2.269185314213022,19800,3,4,cross,v5_rms_g,0.5330864787101746
L=32 iii1_lam10.0_b64,data/32Ising_T2.269_hsBignet_iii1_lam10.0_b64,32,2.269185314213022,19800,4,2,cross,v5_ks,0.188125
L=32 iii1_lam10.0_b64,data/32Ising_T2.269_hsBignet_iii1_lam10.0_b64,32,2.269185314213022,19800,4,2,cross,v5_w1,0.3793411688163415
L=32 iii1_lam10.0_b64,data/32Ising_T2.269_hsBignet_iii1_lam10.0_b64,32,2.269185314213022,19800,4,2,cross,v5_rms_g,nan
L=32 iii1_lam10.0_b64,data/32Ising_T2.269_hsBignet_iii1_lam10.0_b64,32,2.269185314213022,19800,5,1,cross,v5_ks,0.2195
L=32 iii1_lam10.0_b64,data/32Ising_T2.269_hsBignet_iii1_lam10.0_b64,32,2.269185314213022,19800,5,1,cross,v5_w1,0.4160373999039221
L=32 iii1_lam10.0_b64,data/32Ising_T2.269_hsBignet_iii1_lam10.0_b64,32,2.269185314213022,19800,5,1,cross,v5_rms_g,nan
L=32 i2_stride4h32 (b128),data/32Ising_T2.269_hsBignet_i2_stride4h32,32,2.269185314213022,19800,0,32,mera_subsampled,moment_mean,-0.03459131717681885
L=32 i2_stride4h32 (b128),data/32Ising_T2.269_hsBignet_i2_stride4h32,32,2.269185314213022,19800,0,32,mera_subsampled,moment_std,3.50704026222229
L=32 i2_stride4h32 (b128),data/32Ising_T2.269_hsBignet_i2_stride4h32,32,2.269185314213022,19800,0,32,mera_subsampled,moment_var,12.299330711364746
L=32 i2_stride4h32 (b128),data/32Ising_T2.269_hsBignet_i2_stride4h32,32,2.269185314213022,19800,0,32,mera_subsampled,moment_kurtosis,-1.333952273373866
L=32 i2_stride4h32 (b128),data/32Ising_T2.269_hsBignet_i2_stride4h32,32,2.269185314213022,19800,0,32,mera_subsampled,moment_skew,0.015193538311129993
L=32 i2_stride4h32 (b128),data/32Ising_T2.269_hsBignet_i2_stride4h32,32,2.269185314213022,19800,1,16,mera_subsampled,moment_mean,-2.8997621536254883
L=32 i2_stride4h32 (b128),data/32Ising_T2.269_hsBignet_i2_stride4h32,32,2.269185314213022,19800,1,16,mera_subsampled,moment_std,8.218063354492188
L=32 i2_stride4h32 (b128),data/32Ising_T2.269_hsBignet_i2_stride4h32,32,2.269185314213022,19800,1,16,mera_subsampled,moment_var,67.53656768798828
L=32 i2_stride4h32 (b128),data/32Ising_T2.269_hsBignet_i2_stride4h32,32,2.269185314213022,19800,1,16,mera_subsampled,moment_kurtosis,-0.6886150734357877
L=32 i2_stride4h32 (b128),data/32Ising_T2.269_hsBignet_i2_stride4h32,32,2.269185314213022,19800,1,16,mera_subsampled,moment_skew,-0.41112575960779635
L=32 i2_stride4h32 (b128),data/32Ising_T2.269_hsBignet_i2_stride4h32,32,2.269185314213022,19800,2,8,mera_subsampled,moment_mean,-8.26325798034668
L=32 i2_stride4h32 (b128),data/32Ising_T2.269_hsBignet_i2_stride4h32,32,2.269185314213022,19800,2,8,mera_subsampled,moment_std,18.425111770629883
L=32 i2_stride4h32 (b128),data/32Ising_T2.269_hsBignet_i2_stride4h32,32,2.269185314213022,19800,2,8,mera_subsampled,moment_var,339.4847412109375
L=32 i2_stride4h32 (b128),data/32Ising_T2.269_hsBignet_i2_stride4h32,32,2.269185314213022,19800,2,8,mera_subsampled,moment_kurtosis,-0.9606728009548902
L=32 i2_stride4h32 (b128),data/32Ising_T2.269_hsBignet_i2_stride4h32,32,2.269185314213022,19800,2,8,mera_subsampled,moment_skew,-0.49290281081099174
L=32 i2_stride4h32 (b128),data/32Ising_T2.269_hsBignet_i2_stride4h32,32,2.269185314213022,19800,3,4,mera_subsampled,moment_mean,-18.160058975219727
L=32 i2_stride4h32 (b128),data/32Ising_T2.269_hsBignet_i2_stride4h32,32,2.269185314213022,19800,3,4,mera_subsampled,moment_std,26.00078010559082
L=32 i2_stride4h32 (b128),data/32Ising_T2.269_hsBignet_i2_stride4h32,32,2.269185314213022,19800,3,4,mera_subsampled,moment_var,676.04052734375
L=32 i2_stride4h32 (b128),data/32Ising_T2.269_hsBignet_i2_stride4h32,32,2.269185314213022,19800,3,4,mera_subsampled,moment_kurtosis,-1.1138597274756903
L=32 i2_stride4h32 (b128),data/32Ising_T2.269_hsBignet_i2_stride4h32,32,2.269185314213022,19800,3,4,mera_subsampled,moment_skew,-0.5111335524753654
L=32 i2_stride4h32 (b128),data/32Ising_T2.269_hsBignet_i2_stride4h32,32,2.269185314213022,19800,4,2,mera_subsampled,moment_mean,-2.8924145698547363
L=32 i2_stride4h32 (b128),data/32Ising_T2.269_hsBignet_i2_stride4h32,32,2.269185314213022,19800,4,2,mera_subsampled,moment_std,7.114567279815674
L=32 i2_stride4h32 (b128),data/32Ising_T2.269_hsBignet_i2_stride4h32,32,2.269185314213022,19800,4,2,mera_subsampled,moment_var,50.617069244384766
L=32 i2_stride4h32 (b128),data/32Ising_T2.269_hsBignet_i2_stride4h32,32,2.269185314213022,19800,4,2,mera_subsampled,moment_kurtosis,-0.6027400478781662
L=32 i2_stride4h32 (b128),data/32Ising_T2.269_hsBignet_i2_stride4h32,32,2.269185314213022,19800,4,2,mera_subsampled,moment_skew,-0.5942173991235302
L=32 i2_stride4h32 (b128),data/32Ising_T2.269_hsBignet_i2_stride4h32,32,2.269185314213022,19800,5,1,mera_subsampled,moment_mean,-2.7427570819854736
L=32 i2_stride4h32 (b128),data/32Ising_T2.269_hsBignet_i2_stride4h32,32,2.269185314213022,19800,5,1,mera_subsampled,moment_std,5.649372577667236
L=32 i2_stride4h32 (b128),data/32Ising_T2.269_hsBignet_i2_stride4h32,32,2.269185314213022,19800,5,1,mera_subsampled,moment_var,31.9154109954834
L=32 i2_stride4h32 (b128),data/32Ising_T2.269_hsBignet_i2_stride4h32,32,2.269185314213022,19800,5,1,mera_subsampled,moment_kurtosis,-0.6844088529836587
L=32 i2_stride4h32 (b128),data/32Ising_T2.269_hsBignet_i2_stride4h32,32,2.269185314213022,19800,5,1,mera_subsampled,moment_skew,-0.5635745150016722
L=32 i2_stride4h32 (b128),data/32Ising_T2.269_hsBignet_i2_stride4h32,32,2.269185314213022,19800,0,32,blockRG,moment_mean,-0.03459131717681885
L=32 i2_stride4h32 (b128),data/32Ising_T2.269_hsBignet_i2_stride4h32,32,2.269185314213022,19800,0,32,blockRG,moment_std,3.50704026222229
L=32 i2_stride4h32 (b128),data/32Ising_T2.269_hsBignet_i2_stride4h32,32,2.269185314213022,19800,0,32,blockRG,moment_var,12.299330711364746
L=32 i2_stride4h32 (b128),data/32Ising_T2.269_hsBignet_i2_stride4h32,32,2.269185314213022,19800,0,32,blockRG,moment_kurtosis,-1.333952273373866
L=32 i2_stride4h32 (b128),data/32Ising_T2.269_hsBignet_i2_stride4h32,32,2.269185314213022,19800,0,32,blockRG,moment_skew,0.015193538311129993
L=32 i2_stride4h32 (b128),data/32Ising_T2.269_hsBignet_i2_stride4h32,32,2.269185314213022,19800,1,16,blockRG,moment_mean,-0.03459132835268974
L=32 i2_stride4h32 (b128),data/32Ising_T2.269_hsBignet_i2_stride4h32,32,2.269185314213022,19800,1,16,blockRG,moment_std,3.178054094314575
L=32 i2_stride4h32 (b128),data/32Ising_T2.269_hsBignet_i2_stride4h32,32,2.269185314213022,19800,1,16,blockRG,moment_var,10.100027084350586
L=32 i2_stride4h32 (b128),data/32Ising_T2.269_hsBignet_i2_stride4h32,32,2.269185314213022,19800,1,16,blockRG,moment_kurtosis,-1.5319216496856525
L=32 i2_stride4h32 (b128),data/32Ising_T2.269_hsBignet_i2_stride4h32,32,2.269185314213022,19800,1,16,blockRG,moment_skew,0.017708419403094918
L=32 i2_stride4h32 (b128),data/32Ising_T2.269_hsBignet_i2_stride4h32,32,2.269185314213022,19800,2,8,blockRG,moment_mean,-0.034591324627399445
L=32 i2_stride4h32 (b128),data/32Ising_T2.269_hsBignet_i2_stride4h32,32,2.269185314213022,19800,2,8,blockRG,moment_std,2.9044411182403564
L=32 i2_stride4h32 (b128),data/32Ising_T2.269_hsBignet_i2_stride4h32,32,2.269185314213022,19800,2,8,blockRG,moment_var,8.435778617858887
L=32 i2_stride4h32 (b128),data/32Ising_T2.269_hsBignet_i2_stride4h32,32,2.269185314213022,19800,2,8,blockRG,moment_kurtosis,-1.6519473292115174
L=32 i2_stride4h32 (b128),data/32Ising_T2.269_hsBignet_i2_stride4h32,32,2.269185314213022,19800,2,8,blockRG,moment_skew,0.020201961672020208
L=32 i2_stride4h32 (b128),data/32Ising_T2.269_hsBignet_i2_stride4h32,32,2.269185314213022,19800,3,4,blockRG,moment_mean,-0.034591320902109146
L=32 i2_stride4h32 (b128),data/32Ising_T2.269_hsBignet_i2_stride4h32,32,2.269185314213022,19800,3,4,blockRG,moment_std,2.6928799152374268
L=32 i2_stride4h32 (b128),data/32Ising_T2.269_hsBignet_i2_stride4h32,32,2.269185314213022,19800,3,4,blockRG,moment_var,7.251602649688721
L=32 i2_stride4h32 (b128),data/32Ising_T2.269_hsBignet_i2_stride4h32,32,2.269185314213022,19800,3,4,blockRG,moment_kurtosis,-1.7200876821647981
L=32 i2_stride4h32 (b128),data/32Ising_T2.269_hsBignet_i2_stride4h32,32,2.269185314213022,19800,3,4,blockRG,moment_skew,0.023164850939309607
L=32 i2_stride4h32 (b128),data/32Ising_T2.269_hsBignet_i2_stride4h32,32,2.269185314213022,19800,4,2,blockRG,moment_mean,-0.03459133207798004
L=32 i2_stride4h32 (b128),data/32Ising_T2.269_hsBignet_i2_stride4h32,32,2.269185314213022,19800,4,2,blockRG,moment_std,2.537604570388794
L=32 i2_stride4h32 (b128),data/32Ising_T2.269_hsBignet_i2_stride4h32,32,2.269185314213022,19800,4,2,blockRG,moment_var,6.439437389373779
L=32 i2_stride4h32 (b128),data/32Ising_T2.269_hsBignet_i2_stride4h32,32,2.269185314213022,19800,4,2,blockRG,moment_kurtosis,-1.7778427325893864
L=32 i2_stride4h32 (b128),data/32Ising_T2.269_hsBignet_i2_stride4h32,32,2.269185314213022,19800,4,2,blockRG,moment_skew,0.02887104909514786
L=32 i2_stride4h32 (b128),data/32Ising_T2.269_hsBignet_i2_stride4h32,32,2.269185314213022,19800,5,1,blockRG,moment_mean,-0.03459133207798004
L=32 i2_stride4h32 (b128),data/32Ising_T2.269_hsBignet_i2_stride4h32,32,2.269185314213022,19800,5,1,blockRG,moment_std,2.4618563652038574
L=32 i2_stride4h32 (b128),data/32Ising_T2.269_hsBignet_i2_stride4h32,32,2.269185314213022,19800,5,1,blockRG,moment_var,6.060737133026123
L=32 i2_stride4h32 (b128),data/32Ising_T2.269_hsBignet_i2_stride4h32,32,2.269185314213022,19800,5,1,blockRG,moment_kurtosis,-1.8368664852056662
L=32 i2_stride4h32 (b128),data/32Ising_T2.269_hsBignet_i2_stride4h32,32,2.269185314213022,19800,5,1,blockRG,moment_skew,0.03380660784540168
L=32 i2_stride4h32 (b128),data/32Ising_T2.269_hsBignet_i2_stride4h32,32,2.269185314213022,19800,0,32,cross,v5_ks,0.004724999999999979
L=32 i2_stride4h32 (b128),data/32Ising_T2.269_hsBignet_i2_stride4h32,32,2.269185314213022,19800,0,32,cross,v5_w1,0.009195985288557855
L=32 i2_stride4h32 (b128),data/32Ising_T2.269_hsBignet_i2_stride4h32,32,2.269185314213022,19800,0,32,cross,v5_rms_g,0.0
L=32 i2_stride4h32 (b128),data/32Ising_T2.269_hsBignet_i2_stride4h32,32,2.269185314213022,19800,1,16,cross,v5_ks,0.10140499999999997
L=32 i2_stride4h32 (b128),data/32Ising_T2.269_hsBignet_i2_stride4h32,32,2.269185314213022,19800,1,16,cross,v5_w1,0.21164393311907342
L=32 i2_stride4h32 (b128),data/32Ising_T2.269_hsBignet_i2_stride4h32,32,2.269185314213022,19800,1,16,cross,v5_rms_g,0.10437360405921936
L=32 i2_stride4h32 (b128),data/32Ising_T2.269_hsBignet_i2_stride4h32,32,2.269185314213022,19800,2,8,cross,v5_ks,0.11065625000000001
L=32 i2_stride4h32 (b128),data/32Ising_T2.269_hsBignet_i2_stride4h32,32,2.269185314213022,19800,2,8,cross,v5_w1,0.21363615388073956
L=32 i2_stride4h32 (b128),data/32Ising_T2.269_hsBignet_i2_stride4h32,32,2.269185314213022,19800,2,8,cross,v5_rms_g,0.06429192423820496
L=32 i2_stride4h32 (b128),data/32Ising_T2.269_hsBignet_i2_stride4h32,32,2.269185314213022,19800,3,4,cross,v5_ks,0.15890625000000003
L=32 i2_stride4h32 (b128),data/32Ising_T2.269_hsBignet_i2_stride4h32,32,2.269185314213022,19800,3,4,cross,v5_w1,0.2233939497960488
L=32 i2_stride4h32 (b128),data/32Ising_T2.269_hsBignet_i2_stride4h32,32,2.269185314213022,19800,3,4,cross,v5_rms_g,0.01674404926598072
L=32 i2_stride4h32 (b128),data/32Ising_T2.269_hsBignet_i2_stride4h32,32,2.269185314213022,19800,4,2,cross,v5_ks,0.1495
L=32 i2_stride4h32 (b128),data/32Ising_T2.269_hsBignet_i2_stride4h32,32,2.269185314213022,19800,4,2,cross,v5_w1,0.2966232261019395
L=32 i2_stride4h32 (b128),data/32Ising_T2.269_hsBignet_i2_stride4h32,32,2.269185314213022,19800,4,2,cross,v5_rms_g,nan
L=32 i2_stride4h32 (b128),data/32Ising_T2.269_hsBignet_i2_stride4h32,32,2.269185314213022,19800,5,1,cross,v5_ks,0.172
L=32 i2_stride4h32 (b128),data/32Ising_T2.269_hsBignet_i2_stride4h32,32,2.269185314213022,19800,5,1,cross,v5_w1,0.3179428243595175
L=32 i2_stride4h32 (b128),data/32Ising_T2.269_hsBignet_i2_stride4h32,32,2.269185314213022,19800,5,1,cross,v5_rms_g,nan
L=32 i2_stride16h32 (b128),data/32Ising_T2.269_hsBignet_i2_stride16h32,32,2.269185314213022,19800,0,32,mera_subsampled,moment_mean,-0.03459131717681885
L=32 i2_stride16h32 (b128),data/32Ising_T2.269_hsBignet_i2_stride16h32,32,2.269185314213022,19800,0,32,mera_subsampled,moment_std,3.50704026222229
L=32 i2_stride16h32 (b128),data/32Ising_T2.269_hsBignet_i2_stride16h32,32,2.269185314213022,19800,0,32,mera_subsampled,moment_var,12.299330711364746
L=32 i2_stride16h32 (b128),data/32Ising_T2.269_hsBignet_i2_stride16h32,32,2.269185314213022,19800,0,32,mera_subsampled,moment_kurtosis,-1.333952273373866
L=32 i2_stride16h32 (b128),data/32Ising_T2.269_hsBignet_i2_stride16h32,32,2.269185314213022,19800,0,32,mera_subsampled,moment_skew,0.015193538311129993
L=32 i2_stride16h32 (b128),data/32Ising_T2.269_hsBignet_i2_stride16h32,32,2.269185314213022,19800,1,16,mera_subsampled,moment_mean,2.5467989444732666
L=32 i2_stride16h32 (b128),data/32Ising_T2.269_hsBignet_i2_stride16h32,32,2.269185314213022,19800,1,16,mera_subsampled,moment_std,15.88700008392334
L=32 i2_stride16h32 (b128),data/32Ising_T2.269_hsBignet_i2_stride16h32,32,2.269185314213022,19800,1,16,mera_subsampled,moment_var,252.39675903320312
L=32 i2_stride16h32 (b128),data/32Ising_T2.269_hsBignet_i2_stride16h32,32,2.269185314213022,19800,1,16,mera_subsampled,moment_kurtosis,-0.9566380035639277
L=32 i2_stride16h32 (b128),data/32Ising_T2.269_hsBignet_i2_stride16h32,32,2.269185314213022,19800,1,16,mera_subsampled,moment_skew,0.4042617503867248
L=32 i2_stride16h32 (b128),data/32Ising_T2.269_hsBignet_i2_stride16h32,32,2.269185314213022,19800,2,8,mera_subsampled,moment_mean,8.99927043914795
L=32 i2_stride16h32 (b128),data/32Ising_T2.269_hsBignet_i2_stride16h32,32,2.269185314213022,19800,2,8,mera_subsampled,moment_std,30.6984806060791
L=32 i2_stride16h32 (b128),data/32Ising_T2.269_hsBignet_i2_stride16h32,32,2.269185314213022,19800,2,8,mera_subsampled,moment_var,942.396728515625
L=32 i2_stride16h32 (b128),data/32Ising_T2.269_hsBignet_i2_stride16h32,32,2.269185314213022,19800,2,8,mera_subsampled,moment_kurtosis,-1.015009586548818
L=32 i2_stride16h32 (b128),data/32Ising_T2.269_hsBignet_i2_stride16h32,32,2.269185314213022,19800,2,8,mera_subsampled,moment_skew,0.4771294568904961
L=32 i2_stride16h32 (b128),data/32Ising_T2.269_hsBignet_i2_stride16h32,32,2.269185314213022,19800,3,4,mera_subsampled,moment_mean,-2.123037338256836
L=32 i2_stride16h32 (b128),data/32Ising_T2.269_hsBignet_i2_stride16h32,32,2.269185314213022,19800,3,4,mera_subsampled,moment_std,29.043041229248047
L=32 i2_stride16h32 (b128),data/32Ising_T2.269_hsBignet_i2_stride16h32,32,2.269185314213022,19800,3,4,mera_subsampled,moment_var,843.4982299804688
L=32 i2_stride16h32 (b128),data/32Ising_T2.269_hsBignet_i2_stride16h32,32,2.269185314213022,19800,3,4,mera_subsampled,moment_kurtosis,-1.2771403771538279
L=32 i2_stride16h32 (b128),data/32Ising_T2.269_hsBignet_i2_stride16h32,32,2.269185314213022,19800,3,4,mera_subsampled,moment_skew,0.11367341862651269
L=32 i2_stride16h32 (b128),data/32Ising_T2.269_hsBignet_i2_stride16h32,32,2.269185314213022,19800,4,2,mera_subsampled,moment_mean,2.2716870307922363
L=32 i2_stride16h32 (b128),data/32Ising_T2.269_hsBignet_i2_stride16h32,32,2.269185314213022,19800,4,2,mera_subsampled,moment_std,12.673043251037598
L=32 i2_stride16h32 (b128),data/32Ising_T2.269_hsBignet_i2_stride16h32,32,2.269185314213022,19800,4,2,mera_subsampled,moment_var,160.6060333251953
L=32 i2_stride16h32 (b128),data/32Ising_T2.269_hsBignet_i2_stride16h32,32,2.269185314213022,19800,4,2,mera_subsampled,moment_kurtosis,-1.0131990086701892
L=32 i2_stride16h32 (b128),data/32Ising_T2.269_hsBignet_i2_stride16h32,32,2.269185314213022,19800,4,2,mera_subsampled,moment_skew,0.393314846751427
L=32 i2_stride16h32 (b128),data/32Ising_T2.269_hsBignet_i2_stride16h32,32,2.269185314213022,19800,5,1,mera_subsampled,moment_mean,1.1680794954299927
L=32 i2_stride16h32 (b128),data/32Ising_T2.269_hsBignet_i2_stride16h32,32,2.269185314213022,19800,5,1,mera_subsampled,moment_std,8.588127136230469
L=32 i2_stride16h32 (b128),data/32Ising_T2.269_hsBignet_i2_stride16h32,32,2.269185314213022,19800,5,1,mera_subsampled,moment_var,73.75592041015625
L=32 i2_stride16h32 (b128),data/32Ising_T2.269_hsBignet_i2_stride16h32,32,2.269185314213022,19800,5,1,mera_subsampled,moment_kurtosis,-0.968644704988348
L=32 i2_stride16h32 (b128),data/32Ising_T2.269_hsBignet_i2_stride16h32,32,2.269185314213022,19800,5,1,mera_subsampled,moment_skew,0.43955407188109025
L=32 i2_stride16h32 (b128),data/32Ising_T2.269_hsBignet_i2_stride16h32,32,2.269185314213022,19800,0,32,blockRG,moment_mean,-0.03459131717681885
L=32 i2_stride16h32 (b128),data/32Ising_T2.269_hsBignet_i2_stride16h32,32,2.269185314213022,19800,0,32,blockRG,moment_std,3.50704026222229
L=32 i2_stride16h32 (b128),data/32Ising_T2.269_hsBignet_i2_stride16h32,32,2.269185314213022,19800,0,32,blockRG,moment_var,12.299330711364746
L=32 i2_stride16h32 (b128),data/32Ising_T2.269_hsBignet_i2_stride16h32,32,2.269185314213022,19800,0,32,blockRG,moment_kurtosis,-1.333952273373866
L=32 i2_stride16h32 (b128),data/32Ising_T2.269_hsBignet_i2_stride16h32,32,2.269185314213022,19800,0,32,blockRG,moment_skew,0.015193538311129993
L=32 i2_stride16h32 (b128),data/32Ising_T2.269_hsBignet_i2_stride16h32,32,2.269185314213022,19800,1,16,blockRG,moment_mean,-0.03459132835268974
L=32 i2_stride16h32 (b128),data/32Ising_T2.269_hsBignet_i2_stride16h32,32,2.269185314213022,19800,1,16,blockRG,moment_std,3.178054094314575
L=32 i2_stride16h32 (b128),data/32Ising_T2.269_hsBignet_i2_stride16h32,32,2.269185314213022,19800,1,16,blockRG,moment_var,10.100027084350586
L=32 i2_stride16h32 (b128),data/32Ising_T2.269_hsBignet_i2_stride16h32,32,2.269185314213022,19800,1,16,blockRG,moment_kurtosis,-1.5319216496856525
L=32 i2_stride16h32 (b128),data/32Ising_T2.269_hsBignet_i2_stride16h32,32,2.269185314213022,19800,1,16,blockRG,moment_skew,0.017708419403094918
L=32 i2_stride16h32 (b128),data/32Ising_T2.269_hsBignet_i2_stride16h32,32,2.269185314213022,19800,2,8,blockRG,moment_mean,-0.034591324627399445
L=32 i2_stride16h32 (b128),data/32Ising_T2.269_hsBignet_i2_stride16h32,32,2.269185314213022,19800,2,8,blockRG,moment_std,2.9044411182403564
L=32 i2_stride16h32 (b128),data/32Ising_T2.269_hsBignet_i2_stride16h32,32,2.269185314213022,19800,2,8,blockRG,moment_var,8.435778617858887
L=32 i2_stride16h32 (b128),data/32Ising_T2.269_hsBignet_i2_stride16h32,32,2.269185314213022,19800,2,8,blockRG,moment_kurtosis,-1.6519473292115174
L=32 i2_stride16h32 (b128),data/32Ising_T2.269_hsBignet_i2_stride16h32,32,2.269185314213022,19800,2,8,blockRG,moment_skew,0.020201961672020208
L=32 i2_stride16h32 (b128),data/32Ising_T2.269_hsBignet_i2_stride16h32,32,2.269185314213022,19800,3,4,blockRG,moment_mean,-0.034591320902109146
L=32 i2_stride16h32 (b128),data/32Ising_T2.269_hsBignet_i2_stride16h32,32,2.269185314213022,19800,3,4,blockRG,moment_std,2.6928799152374268
L=32 i2_stride16h32 (b128),data/32Ising_T2.269_hsBignet_i2_stride16h32,32,2.269185314213022,19800,3,4,blockRG,moment_var,7.251602649688721
L=32 i2_stride16h32 (b128),data/32Ising_T2.269_hsBignet_i2_stride16h32,32,2.269185314213022,19800,3,4,blockRG,moment_kurtosis,-1.7200876821647981
L=32 i2_stride16h32 (b128),data/32Ising_T2.269_hsBignet_i2_stride16h32,32,2.269185314213022,19800,3,4,blockRG,moment_skew,0.023164850939309607
L=32 i2_stride16h32 (b128),data/32Ising_T2.269_hsBignet_i2_stride16h32,32,2.269185314213022,19800,4,2,blockRG,moment_mean,-0.03459133207798004
L=32 i2_stride16h32 (b128),data/32Ising_T2.269_hsBignet_i2_stride16h32,32,2.269185314213022,19800,4,2,blockRG,moment_std,2.537604570388794
L=32 i2_stride16h32 (b128),data/32Ising_T2.269_hsBignet_i2_stride16h32,32,2.269185314213022,19800,4,2,blockRG,moment_var,6.439437389373779
L=32 i2_stride16h32 (b128),data/32Ising_T2.269_hsBignet_i2_stride16h32,32,2.269185314213022,19800,4,2,blockRG,moment_kurtosis,-1.7778427325893864
L=32 i2_stride16h32 (b128),data/32Ising_T2.269_hsBignet_i2_stride16h32,32,2.269185314213022,19800,4,2,blockRG,moment_skew,0.02887104909514786
L=32 i2_stride16h32 (b128),data/32Ising_T2.269_hsBignet_i2_stride16h32,32,2.269185314213022,19800,5,1,blockRG,moment_mean,-0.03459133207798004
L=32 i2_stride16h32 (b128),data/32Ising_T2.269_hsBignet_i2_stride16h32,32,2.269185314213022,19800,5,1,blockRG,moment_std,2.4618563652038574
L=32 i2_stride16h32 (b128),data/32Ising_T2.269_hsBignet_i2_stride16h32,32,2.269185314213022,19800,5,1,blockRG,moment_var,6.060737133026123
L=32 i2_stride16h32 (b128),data/32Ising_T2.269_hsBignet_i2_stride16h32,32,2.269185314213022,19800,5,1,blockRG,moment_kurtosis,-1.8368664852056662
L=32 i2_stride16h32 (b128),data/32Ising_T2.269_hsBignet_i2_stride16h32,32,2.269185314213022,19800,5,1,blockRG,moment_skew,0.03380660784540168
L=32 i2_stride16h32 (b128),data/32Ising_T2.269_hsBignet_i2_stride16h32,32,2.269185314213022,19800,0,32,cross,v5_ks,0.004724999999999979
L=32 i2_stride16h32 (b128),data/32Ising_T2.269_hsBignet_i2_stride16h32,32,2.269185314213022,19800,0,32,cross,v5_w1,0.009195985288557855
L=32 i2_stride16h32 (b128),data/32Ising_T2.269_hsBignet_i2_stride16h32,32,2.269185314213022,19800,0,32,cross,v5_rms_g,0.0
L=32 i2_stride16h32 (b128),data/32Ising_T2.269_hsBignet_i2_stride16h32,32,2.269185314213022,19800,1,16,cross,v5_ks,0.07569499999999996
L=32 i2_stride16h32 (b128),data/32Ising_T2.269_hsBignet_i2_stride16h32,32,2.269185314213022,19800,1,16,cross,v5_w1,0.1509124706651085
L=32 i2_stride16h32 (b128),data/32Ising_T2.269_hsBignet_i2_stride16h32,32,2.269185314213022,19800,1,16,cross,v5_rms_g,0.12209803611040115
L=32 i2_stride16h32 (b128),data/32Ising_T2.269_hsBignet_i2_stride16h32,32,2.269185314213022,19800,2,8,cross,v5_ks,0.09924218749999997
L=32 i2_stride16h32 (b128),data/32Ising_T2.269_hsBignet_i2_stride16h32,32,2.269185314213022,19800,2,8,cross,v5_w1,0.1989053962203947
L=32 i2_stride16h32 (b128),data/32Ising_T2.269_hsBignet_i2_stride16h32,32,2.269185314213022,19800,2,8,cross,v5_rms_g,0.09206628054380417
L=32 i2_stride16h32 (b128),data/32Ising_T2.269_hsBignet_i2_stride16h32,32,2.269185314213022,19800,3,4,cross,v5_ks,0.07796875
L=32 i2_stride16h32 (b128),data/32Ising_T2.269_hsBignet_i2_stride16h32,32,2.269185314213022,19800,3,4,cross,v5_w1,0.1500223105756084
L=32 i2_stride16h32 (b128),data/32Ising_T2.269_hsBignet_i2_stride16h32,32,2.269185314213022,19800,3,4,cross,v5_rms_g,0.08497139066457748
L=32 i2_stride16h32 (b128),data/32Ising_T2.269_hsBignet_i2_stride16h32,32,2.269185314213022,19800,4,2,cross,v5_ks,0.123625
L=32 i2_stride16h32 (b128),data/32Ising_T2.269_hsBignet_i2_stride16h32,32,2.269185314213022,19800,4,2,cross,v5_w1,0.2349797350251465
L=32 i2_stride16h32 (b128),data/32Ising_T2.269_hsBignet_i2_stride16h32,32,2.269185314213022,19800,4,2,cross,v5_rms_g,nan
L=32 i2_stride16h32 (b128),data/32Ising_T2.269_hsBignet_i2_stride16h32,32,2.269185314213022,19800,5,1,cross,v5_ks,0.1425
L=32 i2_stride16h32 (b128),data/32Ising_T2.269_hsBignet_i2_stride16h32,32,2.269185314213022,19800,5,1,cross,v5_w1,0.26805979342717906
L=32 i2_stride16h32 (b128),data/32Ising_T2.269_hsBignet_i2_stride16h32,32,2.269185314213022,19800,5,1,cross,v5_rms_g,nan
L=32 i1_df4.0 (Student-t b128),data/32Ising_T2.269_hsBignet_i1_df4.0,32,2.269185314213022,19800,0,32,mera_subsampled,moment_mean,-0.03459131717681885
L=32 i1_df4.0 (Student-t b128),data/32Ising_T2.269_hsBignet_i1_df4.0,32,2.269185314213022,19800,0,32,mera_subsampled,moment_std,3.50704026222229
L=32 i1_df4.0 (Student-t b128),data/32Ising_T2.269_hsBignet_i1_df4.0,32,2.269185314213022,19800,0,32,mera_subsampled,moment_var,12.299330711364746
L=32 i1_df4.0 (Student-t b128),data/32Ising_T2.269_hsBignet_i1_df4.0,32,2.269185314213022,19800,0,32,mera_subsampled,moment_kurtosis,-1.333952273373866
L=32 i1_df4.0 (Student-t b128),data/32Ising_T2.269_hsBignet_i1_df4.0,32,2.269185314213022,19800,0,32,mera_subsampled,moment_skew,0.015193538311129993
L=32 i1_df4.0 (Student-t b128),data/32Ising_T2.269_hsBignet_i1_df4.0,32,2.269185314213022,19800,1,16,mera_subsampled,moment_mean,6.572023868560791
L=32 i1_df4.0 (Student-t b128),data/32Ising_T2.269_hsBignet_i1_df4.0,32,2.269185314213022,19800,1,16,mera_subsampled,moment_std,40.849090576171875
L=32 i1_df4.0 (Student-t b128),data/32Ising_T2.269_hsBignet_i1_df4.0,32,2.269185314213022,19800,1,16,mera_subsampled,moment_var,1668.6483154296875
L=32 i1_df4.0 (Student-t b128),data/32Ising_T2.269_hsBignet_i1_df4.0,32,2.269185314213022,19800,1,16,mera_subsampled,moment_kurtosis,0.42907372867876203
L=32 i1_df4.0 (Student-t b128),data/32Ising_T2.269_hsBignet_i1_df4.0,32,2.269185314213022,19800,1,16,mera_subsampled,moment_skew,0.6545113360095444
L=32 i1_df4.0 (Student-t b128),data/32Ising_T2.269_hsBignet_i1_df4.0,32,2.269185314213022,19800,2,8,mera_subsampled,moment_mean,33.88542556762695
L=32 i1_df4.0 (Student-t b128),data/32Ising_T2.269_hsBignet_i1_df4.0,32,2.269185314213022,19800,2,8,mera_subsampled,moment_std,105.27484130859375
L=32 i1_df4.0 (Student-t b128),data/32Ising_T2.269_hsBignet_i1_df4.0,32,2.269185314213022,19800,2,8,mera_subsampled,moment_var,11082.7919921875
L=32 i1_df4.0 (Student-t b128),data/32Ising_T2.269_hsBignet_i1_df4.0,32,2.269185314213022,19800,2,8,mera_subsampled,moment_kurtosis,1.106033486811115
L=32 i1_df4.0 (Student-t b128),data/32Ising_T2.269_hsBignet_i1_df4.0,32,2.269185314213022,19800,2,8,mera_subsampled,moment_skew,0.7163403835788926
L=32 i1_df4.0 (Student-t b128),data/32Ising_T2.269_hsBignet_i1_df4.0,32,2.269185314213022,19800,3,4,mera_subsampled,moment_mean,16.824113845825195
L=32 i1_df4.0 (Student-t b128),data/32Ising_T2.269_hsBignet_i1_df4.0,32,2.269185314213022,19800,3,4,mera_subsampled,moment_std,70.14555358886719
L=32 i1_df4.0 (Student-t b128),data/32Ising_T2.269_hsBignet_i1_df4.0,32,2.269185314213022,19800,3,4,mera_subsampled,moment_var,4920.3984375
L=32 i1_df4.0 (Student-t b128),data/32Ising_T2.269_hsBignet_i1_df4.0,32,2.269185314213022,19800,3,4,mera_subsampled,moment_kurtosis,0.6235505007795621
L=32 i1_df4.0 (Student-t b128),data/32Ising_T2.269_hsBignet_i1_df4.0,32,2.269185314213022,19800,3,4,mera_subsampled,moment_skew,0.6395630972877723
L=32 i1_df4.0 (Student-t b128),data/32Ising_T2.269_hsBignet_i1_df4.0,32,2.269185314213022,19800,4,2,mera_subsampled,moment_mean,25.336397171020508
L=32 i1_df4.0 (Student-t b128),data/32Ising_T2.269_hsBignet_i1_df4.0,32,2.269185314213022,19800,4,2,mera_subsampled,moment_std,56.32918167114258
L=32 i1_df4.0 (Student-t b128),data/32Ising_T2.269_hsBignet_i1_df4.0,32,2.269185314213022,19800,4,2,mera_subsampled,moment_var,3172.9765625
L=32 i1_df4.0 (Student-t b128),data/32Ising_T2.269_hsBignet_i1_df4.0,32,2.269185314213022,19800,4,2,mera_subsampled,moment_kurtosis,1.5054114015974918
L=32 i1_df4.0 (Student-t b128),data/32Ising_T2.269_hsBignet_i1_df4.0,32,2.269185314213022,19800,4,2,mera_subsampled,moment_skew,1.1335107586637605
L=32 i1_df4.0 (Student-t b128),data/32Ising_T2.269_hsBignet_i1_df4.0,32,2.269185314213022,19800,5,1,mera_subsampled,moment_mean,36.030174255371094
L=32 i1_df4.0 (Student-t b128),data/32Ising_T2.269_hsBignet_i1_df4.0,32,2.269185314213022,19800,5,1,mera_subsampled,moment_std,60.98220443725586
L=32 i1_df4.0 (Student-t b128),data/32Ising_T2.269_hsBignet_i1_df4.0,32,2.269185314213022,19800,5,1,mera_subsampled,moment_var,3718.8291015625
L=32 i1_df4.0 (Student-t b128),data/32Ising_T2.269_hsBignet_i1_df4.0,32,2.269185314213022,19800,5,1,mera_subsampled,moment_kurtosis,0.19251439200309317
L=32 i1_df4.0 (Student-t b128),data/32Ising_T2.269_hsBignet_i1_df4.0,32,2.269185314213022,19800,5,1,mera_subsampled,moment_skew,0.879648113638164
L=32 i1_df4.0 (Student-t b128),data/32Ising_T2.269_hsBignet_i1_df4.0,32,2.269185314213022,19800,0,32,blockRG,moment_mean,-0.03459131717681885
L=32 i1_df4.0 (Student-t b128),data/32Ising_T2.269_hsBignet_i1_df4.0,32,2.269185314213022,19800,0,32,blockRG,moment_std,3.50704026222229
L=32 i1_df4.0 (Student-t b128),data/32Ising_T2.269_hsBignet_i1_df4.0,32,2.269185314213022,19800,0,32,blockRG,moment_var,12.299330711364746
L=32 i1_df4.0 (Student-t b128),data/32Ising_T2.269_hsBignet_i1_df4.0,32,2.269185314213022,19800,0,32,blockRG,moment_kurtosis,-1.333952273373866
L=32 i1_df4.0 (Student-t b128),data/32Ising_T2.269_hsBignet_i1_df4.0,32,2.269185314213022,19800,0,32,blockRG,moment_skew,0.015193538311129993
L=32 i1_df4.0 (Student-t b128),data/32Ising_T2.269_hsBignet_i1_df4.0,32,2.269185314213022,19800,1,16,blockRG,moment_mean,-0.03459132835268974
L=32 i1_df4.0 (Student-t b128),data/32Ising_T2.269_hsBignet_i1_df4.0,32,2.269185314213022,19800,1,16,blockRG,moment_std,3.178054094314575
L=32 i1_df4.0 (Student-t b128),data/32Ising_T2.269_hsBignet_i1_df4.0,32,2.269185314213022,19800,1,16,blockRG,moment_var,10.100027084350586
L=32 i1_df4.0 (Student-t b128),data/32Ising_T2.269_hsBignet_i1_df4.0,32,2.269185314213022,19800,1,16,blockRG,moment_kurtosis,-1.5319216496856525
L=32 i1_df4.0 (Student-t b128),data/32Ising_T2.269_hsBignet_i1_df4.0,32,2.269185314213022,19800,1,16,blockRG,moment_skew,0.017708419403094918
L=32 i1_df4.0 (Student-t b128),data/32Ising_T2.269_hsBignet_i1_df4.0,32,2.269185314213022,19800,2,8,blockRG,moment_mean,-0.034591324627399445
L=32 i1_df4.0 (Student-t b128),data/32Ising_T2.269_hsBignet_i1_df4.0,32,2.269185314213022,19800,2,8,blockRG,moment_std,2.9044411182403564
L=32 i1_df4.0 (Student-t b128),data/32Ising_T2.269_hsBignet_i1_df4.0,32,2.269185314213022,19800,2,8,blockRG,moment_var,8.435778617858887
L=32 i1_df4.0 (Student-t b128),data/32Ising_T2.269_hsBignet_i1_df4.0,32,2.269185314213022,19800,2,8,blockRG,moment_kurtosis,-1.6519473292115174
L=32 i1_df4.0 (Student-t b128),data/32Ising_T2.269_hsBignet_i1_df4.0,32,2.269185314213022,19800,2,8,blockRG,moment_skew,0.020201961672020208
L=32 i1_df4.0 (Student-t b128),data/32Ising_T2.269_hsBignet_i1_df4.0,32,2.269185314213022,19800,3,4,blockRG,moment_mean,-0.034591320902109146
L=32 i1_df4.0 (Student-t b128),data/32Ising_T2.269_hsBignet_i1_df4.0,32,2.269185314213022,19800,3,4,blockRG,moment_std,2.6928799152374268
L=32 i1_df4.0 (Student-t b128),data/32Ising_T2.269_hsBignet_i1_df4.0,32,2.269185314213022,19800,3,4,blockRG,moment_var,7.251602649688721
L=32 i1_df4.0 (Student-t b128),data/32Ising_T2.269_hsBignet_i1_df4.0,32,2.269185314213022,19800,3,4,blockRG,moment_kurtosis,-1.7200876821647981
L=32 i1_df4.0 (Student-t b128),data/32Ising_T2.269_hsBignet_i1_df4.0,32,2.269185314213022,19800,3,4,blockRG,moment_skew,0.023164850939309607
L=32 i1_df4.0 (Student-t b128),data/32Ising_T2.269_hsBignet_i1_df4.0,32,2.269185314213022,19800,4,2,blockRG,moment_mean,-0.03459133207798004
L=32 i1_df4.0 (Student-t b128),data/32Ising_T2.269_hsBignet_i1_df4.0,32,2.269185314213022,19800,4,2,blockRG,moment_std,2.537604570388794
L=32 i1_df4.0 (Student-t b128),data/32Ising_T2.269_hsBignet_i1_df4.0,32,2.269185314213022,19800,4,2,blockRG,moment_var,6.439437389373779
L=32 i1_df4.0 (Student-t b128),data/32Ising_T2.269_hsBignet_i1_df4.0,32,2.269185314213022,19800,4,2,blockRG,moment_kurtosis,-1.7778427325893864
L=32 i1_df4.0 (Student-t b128),data/32Ising_T2.269_hsBignet_i1_df4.0,32,2.269185314213022,19800,4,2,blockRG,moment_skew,0.02887104909514786
L=32 i1_df4.0 (Student-t b128),data/32Ising_T2.269_hsBignet_i1_df4.0,32,2.269185314213022,19800,5,1,blockRG,moment_mean,-0.03459133207798004
L=32 i1_df4.0 (Student-t b128),data/32Ising_T2.269_hsBignet_i1_df4.0,32,2.269185314213022,19800,5,1,blockRG,moment_std,2.4618563652038574
L=32 i1_df4.0 (Student-t b128),data/32Ising_T2.269_hsBignet_i1_df4.0,32,2.269185314213022,19800,5,1,blockRG,moment_var,6.060737133026123
L=32 i1_df4.0 (Student-t b128),data/32Ising_T2.269_hsBignet_i1_df4.0,32,2.269185314213022,19800,5,1,blockRG,moment_kurtosis,-1.8368664852056662
L=32 i1_df4.0 (Student-t b128),data/32Ising_T2.269_hsBignet_i1_df4.0,32,2.269185314213022,19800,5,1,blockRG,moment_skew,0.03380660784540168
L=32 i1_df4.0 (Student-t b128),data/32Ising_T2.269_hsBignet_i1_df4.0,32,2.269185314213022,19800,0,32,cross,v5_ks,0.004724999999999979
L=32 i1_df4.0 (Student-t b128),data/32Ising_T2.269_hsBignet_i1_df4.0,32,2.269185314213022,19800,0,32,cross,v5_w1,0.009195985288557855
L=32 i1_df4.0 (Student-t b128),data/32Ising_T2.269_hsBignet_i1_df4.0,32,2.269185314213022,19800,0,32,cross,v5_rms_g,0.0
L=32 i1_df4.0 (Student-t b128),data/32Ising_T2.269_hsBignet_i1_df4.0,32,2.269185314213022,19800,1,16,cross,v5_ks,0.14505500000000005
L=32 i1_df4.0 (Student-t b128),data/32Ising_T2.269_hsBignet_i1_df4.0,32,2.269185314213022,19800,1,16,cross,v5_w1,0.2943553544111411
L=32 i1_df4.0 (Student-t b128),data/32Ising_T2.269_hsBignet_i1_df4.0,32,2.269185314213022,19800,1,16,cross,v5_rms_g,0.20313023030757904
L=32 i1_df4.0 (Student-t b128),data/32Ising_T2.269_hsBignet_i1_df4.0,32,2.269185314213022,19800,2,8,cross,v5_ks,0.17496875000000003
L=32 i1_df4.0 (Student-t b128),data/32Ising_T2.269_hsBignet_i1_df4.0,32,2.269185314213022,19800,2,8,cross,v5_w1,0.34094196322013454
L=32 i1_df4.0 (Student-t b128),data/32Ising_T2.269_hsBignet_i1_df4.0,32,2.269185314213022,19800,2,8,cross,v5_rms_g,0.18741492927074432
L=32 i1_df4.0 (Student-t b128),data/32Ising_T2.269_hsBignet_i1_df4.0,32,2.269185314213022,19800,3,4,cross,v5_ks,0.16696875000000003
L=32 i1_df4.0 (Student-t b128),data/32Ising_T2.269_hsBignet_i1_df4.0,32,2.269185314213022,19800,3,4,cross,v5_w1,0.3425079228472423
L=32 i1_df4.0 (Student-t b128),data/32Ising_T2.269_hsBignet_i1_df4.0,32,2.269185314213022,19800,3,4,cross,v5_rms_g,0.23438186943531036
L=32 i1_df4.0 (Student-t b128),data/32Ising_T2.269_hsBignet_i1_df4.0,32,2.269185314213022,19800,4,2,cross,v5_ks,0.215
L=32 i1_df4.0 (Student-t b128),data/32Ising_T2.269_hsBignet_i1_df4.0,32,2.269185314213022,19800,4,2,cross,v5_w1,0.4006483380943172
L=32 i1_df4.0 (Student-t b128),data/32Ising_T2.269_hsBignet_i1_df4.0,32,2.269185314213022,19800,4,2,cross,v5_rms_g,nan
L=32 i1_df4.0 (Student-t b128),data/32Ising_T2.269_hsBignet_i1_df4.0,32,2.269185314213022,19800,5,1,cross,v5_ks,0.208
L=32 i1_df4.0 (Student-t b128),data/32Ising_T2.269_hsBignet_i1_df4.0,32,2.269185314213022,19800,5,1,cross,v5_w1,0.3266944550410844
L=32 i1_df4.0 (Student-t b128),data/32Ising_T2.269_hsBignet_i1_df4.0,32,2.269185314213022,19800,5,1,cross,v5_rms_g,nan
L=64 baseline_b16,data/64Ising_T2.269_hsBignet_baseline_b16,64,2.269185314213022,19800,0,64,mera_subsampled,moment_mean,-0.01689569093286991
L=64 baseline_b16,data/64Ising_T2.269_hsBignet_baseline_b16,64,2.269185314213022,19800,0,64,mera_subsampled,moment_std,3.5013132095336914
L=64 baseline_b16,data/64Ising_T2.269_hsBignet_baseline_b16,64,2.269185314213022,19800,0,64,mera_subsampled,moment_var,12.259194374084473
L=64 baseline_b16,data/64Ising_T2.269_hsBignet_baseline_b16,64,2.269185314213022,19800,0,64,mera_subsampled,moment_kurtosis,-1.3322957467744365
L=64 baseline_b16,data/64Ising_T2.269_hsBignet_baseline_b16,64,2.269185314213022,19800,0,64,mera_subsampled,moment_skew,0.007592712038213583
L=64 baseline_b16,data/64Ising_T2.269_hsBignet_baseline_b16,64,2.269185314213022,19800,1,32,mera_subsampled,moment_mean,-1.4778220653533936
L=64 baseline_b16,data/64Ising_T2.269_hsBignet_baseline_b16,64,2.269185314213022,19800,1,32,mera_subsampled,moment_std,10.201562881469727
L=64 baseline_b16,data/64Ising_T2.269_hsBignet_baseline_b16,64,2.269185314213022,19800,1,32,mera_subsampled,moment_var,104.07188415527344
L=64 baseline_b16,data/64Ising_T2.269_hsBignet_baseline_b16,64,2.269185314213022,19800,1,32,mera_subsampled,moment_kurtosis,-0.9064993901812768
L=64 baseline_b16,data/64Ising_T2.269_hsBignet_baseline_b16,64,2.269185314213022,19800,1,32,mera_subsampled,moment_skew,0.01070343834736457
L=64 baseline_b16,data/64Ising_T2.269_hsBignet_baseline_b16,64,2.269185314213022,19800,2,16,mera_subsampled,moment_mean,-6.7603254318237305
L=64 baseline_b16,data/64Ising_T2.269_hsBignet_baseline_b16,64,2.269185314213022,19800,2,16,mera_subsampled,moment_std,12.791404724121094
L=64 baseline_b16,data/64Ising_T2.269_hsBignet_baseline_b16,64,2.269185314213022,19800,2,16,mera_subsampled,moment_var,163.6200408935547
L=64 baseline_b16,data/64Ising_T2.269_hsBignet_baseline_b16,64,2.269185314213022,19800,2,16,mera_subsampled,moment_kurtosis,-0.03367058709055737
L=64 baseline_b16,data/64Ising_T2.269_hsBignet_baseline_b16,64,2.269185314213022,19800,2,16,mera_subsampled,moment_skew,-0.4206519650824591
L=64 baseline_b16,data/64Ising_T2.269_hsBignet_baseline_b16,64,2.269185314213022,19800,3,8,mera_subsampled,moment_mean,-7.219433307647705
L=64 baseline_b16,data/64Ising_T2.269_hsBignet_baseline_b16,64,2.269185314213022,19800,3,8,mera_subsampled,moment_std,11.844832420349121
L=64 baseline_b16,data/64Ising_T2.269_hsBignet_baseline_b16,64,2.269185314213022,19800,3,8,mera_subsampled,moment_var,140.300048828125
L=64 baseline_b16,data/64Ising_T2.269_hsBignet_baseline_b16,64,2.269185314213022,19800,3,8,mera_subsampled,moment_kurtosis,-0.844121342443017
L=64 baseline_b16,data/64Ising_T2.269_hsBignet_baseline_b16,64,2.269185314213022,19800,3,8,mera_subsampled,moment_skew,-0.3329084505148444
L=64 baseline_b16,data/64Ising_T2.269_hsBignet_baseline_b16,64,2.269185314213022,19800,4,4,mera_subsampled,moment_mean,-6.5637383460998535
L=64 baseline_b16,data/64Ising_T2.269_hsBignet_baseline_b16,64,2.269185314213022,19800,4,4,mera_subsampled,moment_std,10.157103538513184
L=64 baseline_b16,data/64Ising_T2.269_hsBignet_baseline_b16,64,2.269185314213022,19800,4,4,mera_subsampled,moment_var,103.166748046875
L=64 baseline_b16,data/64Ising_T2.269_hsBignet_baseline_b16,64,2.269185314213022,19800,4,4,mera_subsampled,moment_kurtosis,-1.3090399017581955
L=64 baseline_b16,data/64Ising_T2.269_hsBignet_baseline_b16,64,2.269185314213022,19800,4,4,mera_subsampled,moment_skew,-0.15660521273995706
L=64 baseline_b16,data/64Ising_T2.269_hsBignet_baseline_b16,64,2.269185314213022,19800,5,2,mera_subsampled,moment_mean,-4.097108364105225
L=64 baseline_b16,data/64Ising_T2.269_hsBignet_baseline_b16,64,2.269185314213022,19800,5,2,mera_subsampled,moment_std,6.451478958129883
L=64 baseline_b16,data/64Ising_T2.269_hsBignet_baseline_b16,64,2.269185314213022,19800,5,2,mera_subsampled,moment_var,41.621578216552734
L=64 baseline_b16,data/64Ising_T2.269_hsBignet_baseline_b16,64,2.269185314213022,19800,5,2,mera_subsampled,moment_kurtosis,-1.406585481753279
L=64 baseline_b16,data/64Ising_T2.269_hsBignet_baseline_b16,64,2.269185314213022,19800,5,2,mera_subsampled,moment_skew,0.0496205147288281
L=64 baseline_b16,data/64Ising_T2.269_hsBignet_baseline_b16,64,2.269185314213022,19800,6,1,mera_subsampled,moment_mean,-1.9262611865997314
L=64 baseline_b16,data/64Ising_T2.269_hsBignet_baseline_b16,64,2.269185314213022,19800,6,1,mera_subsampled,moment_std,3.260207414627075
L=64 baseline_b16,data/64Ising_T2.269_hsBignet_baseline_b16,64,2.269185314213022,19800,6,1,mera_subsampled,moment_var,10.628952980041504
L=64 baseline_b16,data/64Ising_T2.269_hsBignet_baseline_b16,64,2.269185314213022,19800,6,1,mera_subsampled,moment_kurtosis,-1.0953737384890043
L=64 baseline_b16,data/64Ising_T2.269_hsBignet_baseline_b16,64,2.269185314213022,19800,6,1,mera_subsampled,moment_skew,0.14387612157343832
L=64 baseline_b16,data/64Ising_T2.269_hsBignet_baseline_b16,64,2.269185314213022,19800,0,64,blockRG,moment_mean,-0.01689569093286991
L=64 baseline_b16,data/64Ising_T2.269_hsBignet_baseline_b16,64,2.269185314213022,19800,0,64,blockRG,moment_std,3.5013132095336914
L=64 baseline_b16,data/64Ising_T2.269_hsBignet_baseline_b16,64,2.269185314213022,19800,0,64,blockRG,moment_var,12.259194374084473
L=64 baseline_b16,data/64Ising_T2.269_hsBignet_baseline_b16,64,2.269185314213022,19800,0,64,blockRG,moment_kurtosis,-1.3322957467744365
L=64 baseline_b16,data/64Ising_T2.269_hsBignet_baseline_b16,64,2.269185314213022,19800,0,64,blockRG,moment_skew,0.007592712038213583
L=64 baseline_b16,data/64Ising_T2.269_hsBignet_baseline_b16,64,2.269185314213022,19800,1,32,blockRG,moment_mean,-0.01689569465816021
L=64 baseline_b16,data/64Ising_T2.269_hsBignet_baseline_b16,64,2.269185314213022,19800,1,32,blockRG,moment_std,3.1695361137390137
L=64 baseline_b16,data/64Ising_T2.269_hsBignet_baseline_b16,64,2.269185314213022,19800,1,32,blockRG,moment_var,10.045958518981934
L=64 baseline_b16,data/64Ising_T2.269_hsBignet_baseline_b16,64,2.269185314213022,19800,1,32,blockRG,moment_kurtosis,-1.5261650073356092
L=64 baseline_b16,data/64Ising_T2.269_hsBignet_baseline_b16,64,2.269185314213022,19800,1,32,blockRG,moment_skew,0.008613123990872324
L=64 baseline_b16,data/64Ising_T2.269_hsBignet_baseline_b16,64,2.269185314213022,19800,2,16,blockRG,moment_mean,-0.016895700246095657
L=64 baseline_b16,data/64Ising_T2.269_hsBignet_baseline_b16,64,2.269185314213022,19800,2,16,blockRG,moment_std,2.8879222869873047
L=64 baseline_b16,data/64Ising_T2.269_hsBignet_baseline_b16,64,2.269185314213022,19800,2,16,blockRG,moment_var,8.340094566345215
L=64 baseline_b16,data/64Ising_T2.269_hsBignet_baseline_b16,64,2.269185314213022,19800,2,16,blockRG,moment_kurtosis,-1.641517030003369
L=64 baseline_b16,data/64Ising_T2.269_hsBignet_baseline_b16,64,2.269185314213022,19800,2,16,blockRG,moment_skew,0.009944519520017259
L=64 baseline_b16,data/64Ising_T2.269_hsBignet_baseline_b16,64,2.269185314213022,19800,3,8,blockRG,moment_mean,-0.016895702108740807
L=64 baseline_b16,data/64Ising_T2.269_hsBignet_baseline_b16,64,2.269185314213022,19800,3,8,blockRG,moment_std,2.6576743125915527
L=64 baseline_b16,data/64Ising_T2.269_hsBignet_baseline_b16,64,2.269185314213022,19800,3,8,blockRG,moment_var,7.063232421875
L=64 baseline_b16,data/64Ising_T2.269_hsBignet_baseline_b16,64,2.269185314213022,19800,3,8,blockRG,moment_kurtosis,-1.6921270765079353
L=64 baseline_b16,data/64Ising_T2.269_hsBignet_baseline_b16,64,2.269185314213022,19800,3,8,blockRG,moment_skew,0.011755510912779044
L=64 baseline_b16,data/64Ising_T2.269_hsBignet_baseline_b16,64,2.269185314213022,19800,4,4,blockRG,moment_mean,-0.016895698383450508
L=64 baseline_b16,data/64Ising_T2.269_hsBignet_baseline_b16,64,2.269185314213022,19800,4,4,blockRG,moment_std,2.472313165664673
L=64 baseline_b16,data/64Ising_T2.269_hsBignet_baseline_b16,64,2.269185314213022,19800,4,4,blockRG,moment_var,6.112332344055176
L=64 baseline_b16,data/64Ising_T2.269_hsBignet_baseline_b16,64,2.269185314213022,19800,4,4,blockRG,moment_kurtosis,-1.7318575697353762
L=64 baseline_b16,data/64Ising_T2.269_hsBignet_baseline_b16,64,2.269185314213022,19800,4,4,blockRG,moment_skew,0.010836778896408076
L=64 baseline_b16,data/64Ising_T2.269_hsBignet_baseline_b16,64,2.269185314213022,19800,5,2,blockRG,moment_mean,-0.016895702108740807
L=64 baseline_b16,data/64Ising_T2.269_hsBignet_baseline_b16,64,2.269185314213022,19800,5,2,blockRG,moment_std,2.331963539123535
L=64 baseline_b16,data/64Ising_T2.269_hsBignet_baseline_b16,64,2.269185314213022,19800,5,2,blockRG,moment_var,5.438053607940674
L=64 baseline_b16,data/64Ising_T2.269_hsBignet_baseline_b16,64,2.269185314213022,19800,5,2,blockRG,moment_kurtosis,-1.7846850833554164
L=64 baseline_b16,data/64Ising_T2.269_hsBignet_baseline_b16,64,2.269185314213022,19800,5,2,blockRG,moment_skew,0.01059472630841828
L=64 baseline_b16,data/64Ising_T2.269_hsBignet_baseline_b16,64,2.269185314213022,19800,6,1,blockRG,moment_mean,-0.01689569465816021
L=64 baseline_b16,data/64Ising_T2.269_hsBignet_baseline_b16,64,2.269185314213022,19800,6,1,blockRG,moment_std,2.267432689666748
L=64 baseline_b16,data/64Ising_T2.269_hsBignet_baseline_b16,64,2.269185314213022,19800,6,1,blockRG,moment_var,5.141251087188721
L=64 baseline_b16,data/64Ising_T2.269_hsBignet_baseline_b16,64,2.269185314213022,19800,6,1,blockRG,moment_kurtosis,-1.846679190382867
L=64 baseline_b16,data/64Ising_T2.269_hsBignet_baseline_b16,64,2.269185314213022,19800,6,1,blockRG,moment_skew,0.006558048042675441
L=64 baseline_b16,data/64Ising_T2.269_hsBignet_baseline_b16,64,2.269185314213022,19800,0,64,cross,v5_ks,0.003970000000000001
L=64 baseline_b16,data/64Ising_T2.269_hsBignet_baseline_b16,64,2.269185314213022,19800,0,64,cross,v5_w1,0.009729056270474028
L=64 baseline_b16,data/64Ising_T2.269_hsBignet_baseline_b16,64,2.269185314213022,19800,0,64,cross,v5_rms_g,0.0
L=64 baseline_b16,data/64Ising_T2.269_hsBignet_baseline_b16,64,2.269185314213022,19800,1,32,cross,v5_ks,0.07586000000000004
L=64 baseline_b16,data/64Ising_T2.269_hsBignet_baseline_b16,64,2.269185314213022,19800,1,32,cross,v5_w1,0.14644291583351368
L=64 baseline_b16,data/64Ising_T2.269_hsBignet_baseline_b16,64,2.269185314213022,19800,1,32,cross,v5_rms_g,0.1140236184000969
L=64 baseline_b16,data/64Ising_T2.269_hsBignet_baseline_b16,64,2.269185314213022,19800,2,16,cross,v5_ks,0.12275999999999998
L=64 baseline_b16,data/64Ising_T2.269_hsBignet_baseline_b16,64,2.269185314213022,19800,2,16,cross,v5_w1,0.22782367498364256
L=64 baseline_b16,data/64Ising_T2.269_hsBignet_baseline_b16,64,2.269185314213022,19800,2,16,cross,v5_rms_g,0.04223064333200455
L=64 baseline_b16,data/64Ising_T2.269_hsBignet_baseline_b16,64,2.269185314213022,19800,3,8,cross,v5_ks,0.10073437500000004
L=64 baseline_b16,data/64Ising_T2.269_hsBignet_baseline_b16,64,2.269185314213022,19800,3,8,cross,v5_w1,0.19383709365700197
L=64 baseline_b16,data/64Ising_T2.269_hsBignet_baseline_b16,64,2.269185314213022,19800,3,8,cross,v5_rms_g,0.02599148638546467
L=64 baseline_b16,data/64Ising_T2.269_hsBignet_baseline_b16,64,2.269185314213022,19800,4,4,cross,v5_ks,0.07971875
L=64 baseline_b16,data/64Ising_T2.269_hsBignet_baseline_b16,64,2.269185314213022,19800,4,4,cross,v5_w1,0.13163850851855313
L=64 baseline_b16,data/64Ising_T2.269_hsBignet_baseline_b16,64,2.269185314213022,19800,4,4,cross,v5_rms_g,0.01790263131260872
L=64 baseline_b16,data/64Ising_T2.269_hsBignet_baseline_b16,64,2.269185314213022,19800,5,2,cross,v5_ks,0.081
L=64 baseline_b16,data/64Ising_T2.269_hsBignet_baseline_b16,64,2.269185314213022,19800,5,2,cross,v5_w1,0.13780818071773954
L=64 baseline_b16,data/64Ising_T2.269_hsBignet_baseline_b16,64,2.269185314213022,19800,5,2,cross,v5_rms_g,nan
L=64 baseline_b16,data/64Ising_T2.269_hsBignet_baseline_b16,64,2.269185314213022,19800,6,1,cross,v5_ks,0.146
L=64 baseline_b16,data/64Ising_T2.269_hsBignet_baseline_b16,64,2.269185314213022,19800,6,1,cross,v5_w1,0.24754727049070419
L=64 baseline_b16,data/64Ising_T2.269_hsBignet_baseline_b16,64,2.269185314213022,19800,6,1,cross,v5_rms_g,nan
L=64 iii1_lam1.0_b16 (+III.1),data/64Ising_T2.269_hsBignet_iii1_lam1.0_b16,64,2.269185314213022,19800,0,64,mera_subsampled,moment_mean,-0.01689569093286991
L=64 iii1_lam1.0_b16 (+III.1),data/64Ising_T2.269_hsBignet_iii1_lam1.0_b16,64,2.269185314213022,19800,0,64,mera_subsampled,moment_std,3.5013132095336914
L=64 iii1_lam1.0_b16 (+III.1),data/64Ising_T2.269_hsBignet_iii1_lam1.0_b16,64,2.269185314213022,19800,0,64,mera_subsampled,moment_var,12.259194374084473
L=64 iii1_lam1.0_b16 (+III.1),data/64Ising_T2.269_hsBignet_iii1_lam1.0_b16,64,2.269185314213022,19800,0,64,mera_subsampled,moment_kurtosis,-1.3322957467744365
L=64 iii1_lam1.0_b16 (+III.1),data/64Ising_T2.269_hsBignet_iii1_lam1.0_b16,64,2.269185314213022,19800,0,64,mera_subsampled,moment_skew,0.007592712038213583
L=64 iii1_lam1.0_b16 (+III.1),data/64Ising_T2.269_hsBignet_iii1_lam1.0_b16,64,2.269185314213022,19800,1,32,mera_subsampled,moment_mean,-1.5649778842926025
L=64 iii1_lam1.0_b16 (+III.1),data/64Ising_T2.269_hsBignet_iii1_lam1.0_b16,64,2.269185314213022,19800,1,32,mera_subsampled,moment_std,11.398045539855957
L=64 iii1_lam1.0_b16 (+III.1),data/64Ising_T2.269_hsBignet_iii1_lam1.0_b16,64,2.269185314213022,19800,1,32,mera_subsampled,moment_var,129.91543579101562
L=64 iii1_lam1.0_b16 (+III.1),data/64Ising_T2.269_hsBignet_iii1_lam1.0_b16,64,2.269185314213022,19800,1,32,mera_subsampled,moment_kurtosis,-0.9613486945562184
L=64 iii1_lam1.0_b16 (+III.1),data/64Ising_T2.269_hsBignet_iii1_lam1.0_b16,64,2.269185314213022,19800,1,32,mera_subsampled,moment_skew,-0.05384661025621287
L=64 iii1_lam1.0_b16 (+III.1),data/64Ising_T2.269_hsBignet_iii1_lam1.0_b16,64,2.269185314213022,19800,2,16,mera_subsampled,moment_mean,-5.118763446807861
L=64 iii1_lam1.0_b16 (+III.1),data/64Ising_T2.269_hsBignet_iii1_lam1.0_b16,64,2.269185314213022,19800,2,16,mera_subsampled,moment_std,12.862210273742676
L=64 iii1_lam1.0_b16 (+III.1),data/64Ising_T2.269_hsBignet_iii1_lam1.0_b16,64,2.269185314213022,19800,2,16,mera_subsampled,moment_var,165.43646240234375
L=64 iii1_lam1.0_b16 (+III.1),data/64Ising_T2.269_hsBignet_iii1_lam1.0_b16,64,2.269185314213022,19800,2,16,mera_subsampled,moment_kurtosis,-0.6811056812357048
L=64 iii1_lam1.0_b16 (+III.1),data/64Ising_T2.269_hsBignet_iii1_lam1.0_b16,64,2.269185314213022,19800,2,16,mera_subsampled,moment_skew,-0.2539221956486674
L=64 iii1_lam1.0_b16 (+III.1),data/64Ising_T2.269_hsBignet_iii1_lam1.0_b16,64,2.269185314213022,19800,3,8,mera_subsampled,moment_mean,-4.019232273101807
L=64 iii1_lam1.0_b16 (+III.1),data/64Ising_T2.269_hsBignet_iii1_lam1.0_b16,64,2.269185314213022,19800,3,8,mera_subsampled,moment_std,9.001791000366211
L=64 iii1_lam1.0_b16 (+III.1),data/64Ising_T2.269_hsBignet_iii1_lam1.0_b16,64,2.269185314213022,19800,3,8,mera_subsampled,moment_var,81.03223419189453
L=64 iii1_lam1.0_b16 (+III.1),data/64Ising_T2.269_hsBignet_iii1_lam1.0_b16,64,2.269185314213022,19800,3,8,mera_subsampled,moment_kurtosis,-1.0263479482361946
L=64 iii1_lam1.0_b16 (+III.1),data/64Ising_T2.269_hsBignet_iii1_lam1.0_b16,64,2.269185314213022,19800,3,8,mera_subsampled,moment_skew,-0.2484702746527955
L=64 iii1_lam1.0_b16 (+III.1),data/64Ising_T2.269_hsBignet_iii1_lam1.0_b16,64,2.269185314213022,19800,4,4,mera_subsampled,moment_mean,-2.8261964321136475
L=64 iii1_lam1.0_b16 (+III.1),data/64Ising_T2.269_hsBignet_iii1_lam1.0_b16,64,2.269185314213022,19800,4,4,mera_subsampled,moment_std,6.617753982543945
L=64 iii1_lam1.0_b16 (+III.1),data/64Ising_T2.269_hsBignet_iii1_lam1.0_b16,64,2.269185314213022,19800,4,4,mera_subsampled,moment_var,43.79467010498047
L=64 iii1_lam1.0_b16 (+III.1),data/64Ising_T2.269_hsBignet_iii1_lam1.0_b16,64,2.269185314213022,19800,4,4,mera_subsampled,moment_kurtosis,-1.4125429578878423
L=64 iii1_lam1.0_b16 (+III.1),data/64Ising_T2.269_hsBignet_iii1_lam1.0_b16,64,2.269185314213022,19800,4,4,mera_subsampled,moment_skew,-0.10649731448097165
L=64 iii1_lam1.0_b16 (+III.1),data/64Ising_T2.269_hsBignet_iii1_lam1.0_b16,64,2.269185314213022,19800,5,2,mera_subsampled,moment_mean,-1.3581631183624268
L=64 iii1_lam1.0_b16 (+III.1),data/64Ising_T2.269_hsBignet_iii1_lam1.0_b16,64,2.269185314213022,19800,5,2,mera_subsampled,moment_std,4.596977233886719
L=64 iii1_lam1.0_b16 (+III.1),data/64Ising_T2.269_hsBignet_iii1_lam1.0_b16,64,2.269185314213022,19800,5,2,mera_subsampled,moment_var,21.132198333740234
L=64 iii1_lam1.0_b16 (+III.1),data/64Ising_T2.269_hsBignet_iii1_lam1.0_b16,64,2.269185314213022,19800,5,2,mera_subsampled,moment_kurtosis,-1.124651266027143
L=64 iii1_lam1.0_b16 (+III.1),data/64Ising_T2.269_hsBignet_iii1_lam1.0_b16,64,2.269185314213022,19800,5,2,mera_subsampled,moment_skew,-0.05456827319902825
L=64 iii1_lam1.0_b16 (+III.1),data/64Ising_T2.269_hsBignet_iii1_lam1.0_b16,64,2.269185314213022,19800,6,1,mera_subsampled,moment_mean,-1.3836134672164917
L=64 iii1_lam1.0_b16 (+III.1),data/64Ising_T2.269_hsBignet_iii1_lam1.0_b16,64,2.269185314213022,19800,6,1,mera_subsampled,moment_std,4.467132091522217
L=64 iii1_lam1.0_b16 (+III.1),data/64Ising_T2.269_hsBignet_iii1_lam1.0_b16,64,2.269185314213022,19800,6,1,mera_subsampled,moment_var,19.955270767211914
L=64 iii1_lam1.0_b16 (+III.1),data/64Ising_T2.269_hsBignet_iii1_lam1.0_b16,64,2.269185314213022,19800,6,1,mera_subsampled,moment_kurtosis,-1.1065461477175087
L=64 iii1_lam1.0_b16 (+III.1),data/64Ising_T2.269_hsBignet_iii1_lam1.0_b16,64,2.269185314213022,19800,6,1,mera_subsampled,moment_skew,-0.04644714311445469
L=64 iii1_lam1.0_b16 (+III.1),data/64Ising_T2.269_hsBignet_iii1_lam1.0_b16,64,2.269185314213022,19800,0,64,blockRG,moment_mean,-0.01689569093286991
L=64 iii1_lam1.0_b16 (+III.1),data/64Ising_T2.269_hsBignet_iii1_lam1.0_b16,64,2.269185314213022,19800,0,64,blockRG,moment_std,3.5013132095336914
L=64 iii1_lam1.0_b16 (+III.1),data/64Ising_T2.269_hsBignet_iii1_lam1.0_b16,64,2.269185314213022,19800,0,64,blockRG,moment_var,12.259194374084473
L=64 iii1_lam1.0_b16 (+III.1),data/64Ising_T2.269_hsBignet_iii1_lam1.0_b16,64,2.269185314213022,19800,0,64,blockRG,moment_kurtosis,-1.3322957467744365
L=64 iii1_lam1.0_b16 (+III.1),data/64Ising_T2.269_hsBignet_iii1_lam1.0_b16,64,2.269185314213022,19800,0,64,blockRG,moment_skew,0.007592712038213583
L=64 iii1_lam1.0_b16 (+III.1),data/64Ising_T2.269_hsBignet_iii1_lam1.0_b16,64,2.269185314213022,19800,1,32,blockRG,moment_mean,-0.01689569465816021
L=64 iii1_lam1.0_b16 (+III.1),data/64Ising_T2.269_hsBignet_iii1_lam1.0_b16,64,2.269185314213022,19800,1,32,blockRG,moment_std,3.1695361137390137
L=64 iii1_lam1.0_b16 (+III.1),data/64Ising_T2.269_hsBignet_iii1_lam1.0_b16,64,2.269185314213022,19800,1,32,blockRG,moment_var,10.045958518981934
L=64 iii1_lam1.0_b16 (+III.1),data/64Ising_T2.269_hsBignet_iii1_lam1.0_b16,64,2.269185314213022,19800,1,32,blockRG,moment_kurtosis,-1.5261650073356092
L=64 iii1_lam1.0_b16 (+III.1),data/64Ising_T2.269_hsBignet_iii1_lam1.0_b16,64,2.269185314213022,19800,1,32,blockRG,moment_skew,0.008613123990872324
L=64 iii1_lam1.0_b16 (+III.1),data/64Ising_T2.269_hsBignet_iii1_lam1.0_b16,64,2.269185314213022,19800,2,16,blockRG,moment_mean,-0.016895700246095657
L=64 iii1_lam1.0_b16 (+III.1),data/64Ising_T2.269_hsBignet_iii1_lam1.0_b16,64,2.269185314213022,19800,2,16,blockRG,moment_std,2.8879222869873047
L=64 iii1_lam1.0_b16 (+III.1),data/64Ising_T2.269_hsBignet_iii1_lam1.0_b16,64,2.269185314213022,19800,2,16,blockRG,moment_var,8.340094566345215
L=64 iii1_lam1.0_b16 (+III.1),data/64Ising_T2.269_hsBignet_iii1_lam1.0_b16,64,2.269185314213022,19800,2,16,blockRG,moment_kurtosis,-1.641517030003369
L=64 iii1_lam1.0_b16 (+III.1),data/64Ising_T2.269_hsBignet_iii1_lam1.0_b16,64,2.269185314213022,19800,2,16,blockRG,moment_skew,0.009944519520017259
L=64 iii1_lam1.0_b16 (+III.1),data/64Ising_T2.269_hsBignet_iii1_lam1.0_b16,64,2.269185314213022,19800,3,8,blockRG,moment_mean,-0.016895702108740807
L=64 iii1_lam1.0_b16 (+III.1),data/64Ising_T2.269_hsBignet_iii1_lam1.0_b16,64,2.269185314213022,19800,3,8,blockRG,moment_std,2.6576743125915527
L=64 iii1_lam1.0_b16 (+III.1),data/64Ising_T2.269_hsBignet_iii1_lam1.0_b16,64,2.269185314213022,19800,3,8,blockRG,moment_var,7.063232421875
L=64 iii1_lam1.0_b16 (+III.1),data/64Ising_T2.269_hsBignet_iii1_lam1.0_b16,64,2.269185314213022,19800,3,8,blockRG,moment_kurtosis,-1.6921270765079353
L=64 iii1_lam1.0_b16 (+III.1),data/64Ising_T2.269_hsBignet_iii1_lam1.0_b16,64,2.269185314213022,19800,3,8,blockRG,moment_skew,0.011755510912779044
L=64 iii1_lam1.0_b16 (+III.1),data/64Ising_T2.269_hsBignet_iii1_lam1.0_b16,64,2.269185314213022,19800,4,4,blockRG,moment_mean,-0.016895698383450508
L=64 iii1_lam1.0_b16 (+III.1),data/64Ising_T2.269_hsBignet_iii1_lam1.0_b16,64,2.269185314213022,19800,4,4,blockRG,moment_std,2.472313165664673
L=64 iii1_lam1.0_b16 (+III.1),data/64Ising_T2.269_hsBignet_iii1_lam1.0_b16,64,2.269185314213022,19800,4,4,blockRG,moment_var,6.112332344055176
L=64 iii1_lam1.0_b16 (+III.1),data/64Ising_T2.269_hsBignet_iii1_lam1.0_b16,64,2.269185314213022,19800,4,4,blockRG,moment_kurtosis,-1.7318575697353762
L=64 iii1_lam1.0_b16 (+III.1),data/64Ising_T2.269_hsBignet_iii1_lam1.0_b16,64,2.269185314213022,19800,4,4,blockRG,moment_skew,0.010836778896408076
L=64 iii1_lam1.0_b16 (+III.1),data/64Ising_T2.269_hsBignet_iii1_lam1.0_b16,64,2.269185314213022,19800,5,2,blockRG,moment_mean,-0.016895702108740807
L=64 iii1_lam1.0_b16 (+III.1),data/64Ising_T2.269_hsBignet_iii1_lam1.0_b16,64,2.269185314213022,19800,5,2,blockRG,moment_std,2.331963539123535
L=64 iii1_lam1.0_b16 (+III.1),data/64Ising_T2.269_hsBignet_iii1_lam1.0_b16,64,2.269185314213022,19800,5,2,blockRG,moment_var,5.438053607940674
L=64 iii1_lam1.0_b16 (+III.1),data/64Ising_T2.269_hsBignet_iii1_lam1.0_b16,64,2.269185314213022,19800,5,2,blockRG,moment_kurtosis,-1.7846850833554164
L=64 iii1_lam1.0_b16 (+III.1),data/64Ising_T2.269_hsBignet_iii1_lam1.0_b16,64,2.269185314213022,19800,5,2,blockRG,moment_skew,0.01059472630841828
L=64 iii1_lam1.0_b16 (+III.1),data/64Ising_T2.269_hsBignet_iii1_lam1.0_b16,64,2.269185314213022,19800,6,1,blockRG,moment_mean,-0.01689569465816021
L=64 iii1_lam1.0_b16 (+III.1),data/64Ising_T2.269_hsBignet_iii1_lam1.0_b16,64,2.269185314213022,19800,6,1,blockRG,moment_std,2.267432689666748
L=64 iii1_lam1.0_b16 (+III.1),data/64Ising_T2.269_hsBignet_iii1_lam1.0_b16,64,2.269185314213022,19800,6,1,blockRG,moment_var,5.141251087188721
L=64 iii1_lam1.0_b16 (+III.1),data/64Ising_T2.269_hsBignet_iii1_lam1.0_b16,64,2.269185314213022,19800,6,1,blockRG,moment_kurtosis,-1.846679190382867
L=64 iii1_lam1.0_b16 (+III.1),data/64Ising_T2.269_hsBignet_iii1_lam1.0_b16,64,2.269185314213022,19800,6,1,blockRG,moment_skew,0.006558048042675441
L=64 iii1_lam1.0_b16 (+III.1),data/64Ising_T2.269_hsBignet_iii1_lam1.0_b16,64,2.269185314213022,19800,0,64,cross,v5_ks,0.003970000000000001
L=64 iii1_lam1.0_b16 (+III.1),data/64Ising_T2.269_hsBignet_iii1_lam1.0_b16,64,2.269185314213022,19800,0,64,cross,v5_w1,0.009729056270474028
L=64 iii1_lam1.0_b16 (+III.1),data/64Ising_T2.269_hsBignet_iii1_lam1.0_b16,64,2.269185314213022,19800,0,64,cross,v5_rms_g,0.0
L=64 iii1_lam1.0_b16 (+III.1),data/64Ising_T2.269_hsBignet_iii1_lam1.0_b16,64,2.269185314213022,19800,1,32,cross,v5_ks,0.08088000000000001
L=64 iii1_lam1.0_b16 (+III.1),data/64Ising_T2.269_hsBignet_iii1_lam1.0_b16,64,2.269185314213022,19800,1,32,cross,v5_w1,0.14399947270881638
L=64 iii1_lam1.0_b16 (+III.1),data/64Ising_T2.269_hsBignet_iii1_lam1.0_b16,64,2.269185314213022,19800,1,32,cross,v5_rms_g,0.10936560481786728
L=64 iii1_lam1.0_b16 (+III.1),data/64Ising_T2.269_hsBignet_iii1_lam1.0_b16,64,2.269185314213022,19800,2,16,cross,v5_ks,0.09450000000000003
L=64 iii1_lam1.0_b16 (+III.1),data/64Ising_T2.269_hsBignet_iii1_lam1.0_b16,64,2.269185314213022,19800,2,16,cross,v5_w1,0.17005896636725704
L=64 iii1_lam1.0_b16 (+III.1),data/64Ising_T2.269_hsBignet_iii1_lam1.0_b16,64,2.269185314213022,19800,2,16,cross,v5_rms_g,0.04824447259306908
L=64 iii1_lam1.0_b16 (+III.1),data/64Ising_T2.269_hsBignet_iii1_lam1.0_b16,64,2.269185314213022,19800,3,8,cross,v5_ks,0.08683593750000002
L=64 iii1_lam1.0_b16 (+III.1),data/64Ising_T2.269_hsBignet_iii1_lam1.0_b16,64,2.269185314213022,19800,3,8,cross,v5_w1,0.15150679584365317
L=64 iii1_lam1.0_b16 (+III.1),data/64Ising_T2.269_hsBignet_iii1_lam1.0_b16,64,2.269185314213022,19800,3,8,cross,v5_rms_g,0.03536802530288696
L=64 iii1_lam1.0_b16 (+III.1),data/64Ising_T2.269_hsBignet_iii1_lam1.0_b16,64,2.269185314213022,19800,4,4,cross,v5_ks,0.06734375000000001
L=64 iii1_lam1.0_b16 (+III.1),data/64Ising_T2.269_hsBignet_iii1_lam1.0_b16,64,2.269185314213022,19800,4,4,cross,v5_w1,0.10164692173194999
L=64 iii1_lam1.0_b16 (+III.1),data/64Ising_T2.269_hsBignet_iii1_lam1.0_b16,64,2.269185314213022,19800,4,4,cross,v5_rms_g,0.03152482211589813
L=64 iii1_lam1.0_b16 (+III.1),data/64Ising_T2.269_hsBignet_iii1_lam1.0_b16,64,2.269185314213022,19800,5,2,cross,v5_ks,0.114125
L=64 iii1_lam1.0_b16 (+III.1),data/64Ising_T2.269_hsBignet_iii1_lam1.0_b16,64,2.269185314213022,19800,5,2,cross,v5_w1,0.19427774899210637
L=64 iii1_lam1.0_b16 (+III.1),data/64Ising_T2.269_hsBignet_iii1_lam1.0_b16,64,2.269185314213022,19800,5,2,cross,v5_rms_g,nan
L=64 iii1_lam1.0_b16 (+III.1),data/64Ising_T2.269_hsBignet_iii1_lam1.0_b16,64,2.269185314213022,19800,6,1,cross,v5_ks,0.144
L=64 iii1_lam1.0_b16 (+III.1),data/64Ising_T2.269_hsBignet_iii1_lam1.0_b16,64,2.269185314213022,19800,6,1,cross,v5_w1,0.23301414464632397
L=64 iii1_lam1.0_b16 (+III.1),data/64Ising_T2.269_hsBignet_iii1_lam1.0_b16,64,2.269185314213022,19800,6,1,cross,v5_rms_g,nan
L=64 i2_stride16h32_b16 (+I.2),data/64Ising_T2.269_hsBignet_i2_stride16h32_b16,64,2.269185314213022,19800,0,64,mera_subsampled,moment_mean,-0.01689569093286991
L=64 i2_stride16h32_b16 (+I.2),data/64Ising_T2.269_hsBignet_i2_stride16h32_b16,64,2.269185314213022,19800,0,64,mera_subsampled,moment_std,3.5013132095336914
L=64 i2_stride16h32_b16 (+I.2),data/64Ising_T2.269_hsBignet_i2_stride16h32_b16,64,2.269185314213022,19800,0,64,mera_subsampled,moment_var,12.259194374084473
L=64 i2_stride16h32_b16 (+I.2),data/64Ising_T2.269_hsBignet_i2_stride16h32_b16,64,2.269185314213022,19800,0,64,mera_subsampled,moment_kurtosis,-1.3322957467744365
L=64 i2_stride16h32_b16 (+I.2),data/64Ising_T2.269_hsBignet_i2_stride16h32_b16,64,2.269185314213022,19800,0,64,mera_subsampled,moment_skew,0.007592712038213583
L=64 i2_stride16h32_b16 (+I.2),data/64Ising_T2.269_hsBignet_i2_stride16h32_b16,64,2.269185314213022,19800,1,32,mera_subsampled,moment_mean,-0.8647613525390625
L=64 i2_stride16h32_b16 (+I.2),data/64Ising_T2.269_hsBignet_i2_stride16h32_b16,64,2.269185314213022,19800,1,32,mera_subsampled,moment_std,11.563255310058594
L=64 i2_stride16h32_b16 (+I.2),data/64Ising_T2.269_hsBignet_i2_stride16h32_b16,64,2.269185314213022,19800,1,32,mera_subsampled,moment_var,133.70887756347656
L=64 i2_stride16h32_b16 (+I.2),data/64Ising_T2.269_hsBignet_i2_stride16h32_b16,64,2.269185314213022,19800,1,32,mera_subsampled,moment_kurtosis,-0.7328746201127232
L=64 i2_stride16h32_b16 (+I.2),data/64Ising_T2.269_hsBignet_i2_stride16h32_b16,64,2.269185314213022,19800,1,32,mera_subsampled,moment_skew,0.20876362814123706
L=64 i2_stride16h32_b16 (+I.2),data/64Ising_T2.269_hsBignet_i2_stride16h32_b16,64,2.269185314213022,19800,2,16,mera_subsampled,moment_mean,-5.171302795410156
L=64 i2_stride16h32_b16 (+I.2),data/64Ising_T2.269_hsBignet_i2_stride16h32_b16,64,2.269185314213022,19800,2,16,mera_subsampled,moment_std,10.937593460083008
L=64 i2_stride16h32_b16 (+I.2),data/64Ising_T2.269_hsBignet_i2_stride16h32_b16,64,2.269185314213022,19800,2,16,mera_subsampled,moment_var,119.63094329833984
L=64 i2_stride16h32_b16 (+I.2),data/64Ising_T2.269_hsBignet_i2_stride16h32_b16,64,2.269185314213022,19800,2,16,mera_subsampled,moment_kurtosis,-0.8128335515656793
L=64 i2_stride16h32_b16 (+I.2),data/64Ising_T2.269_hsBignet_i2_stride16h32_b16,64,2.269185314213022,19800,2,16,mera_subsampled,moment_skew,-0.0921930795882024
L=64 i2_stride16h32_b16 (+I.2),data/64Ising_T2.269_hsBignet_i2_stride16h32_b16,64,2.269185314213022,19800,3,8,mera_subsampled,moment_mean,-4.564970970153809
L=64 i2_stride16h32_b16 (+I.2),data/64Ising_T2.269_hsBignet_i2_stride16h32_b16,64,2.269185314213022,19800,3,8,mera_subsampled,moment_std,9.9331693649292
L=64 i2_stride16h32_b16 (+I.2),data/64Ising_T2.269_hsBignet_i2_stride16h32_b16,64,2.269185314213022,19800,3,8,mera_subsampled,moment_var,98.66786193847656
L=64 i2_stride16h32_b16 (+I.2),data/64Ising_T2.269_hsBignet_i2_stride16h32_b16,64,2.269185314213022,19800,3,8,mera_subsampled,moment_kurtosis,-0.9644837443434553
L=64 i2_stride16h32_b16 (+I.2),data/64Ising_T2.269_hsBignet_i2_stride16h32_b16,64,2.269185314213022,19800,3,8,mera_subsampled,moment_skew,-0.17641946571820527
L=64 i2_stride16h32_b16 (+I.2),data/64Ising_T2.269_hsBignet_i2_stride16h32_b16,64,2.269185314213022,19800,4,4,mera_subsampled,moment_mean,-3.3275113105773926
L=64 i2_stride16h32_b16 (+I.2),data/64Ising_T2.269_hsBignet_i2_stride16h32_b16,64,2.269185314213022,19800,4,4,mera_subsampled,moment_std,8.470366477966309
L=64 i2_stride16h32_b16 (+I.2),data/64Ising_T2.269_hsBignet_i2_stride16h32_b16,64,2.269185314213022,19800,4,4,mera_subsampled,moment_var,71.74710845947266
L=64 i2_stride16h32_b16 (+I.2),data/64Ising_T2.269_hsBignet_i2_stride16h32_b16,64,2.269185314213022,19800,4,4,mera_subsampled,moment_kurtosis,-1.2275171212951623
L=64 i2_stride16h32_b16 (+I.2),data/64Ising_T2.269_hsBignet_i2_stride16h32_b16,64,2.269185314213022,19800,4,4,mera_subsampled,moment_skew,0.11847595494510463
L=64 i2_stride16h32_b16 (+I.2),data/64Ising_T2.269_hsBignet_i2_stride16h32_b16,64,2.269185314213022,19800,5,2,mera_subsampled,moment_mean,-0.9401285648345947
L=64 i2_stride16h32_b16 (+I.2),data/64Ising_T2.269_hsBignet_i2_stride16h32_b16,64,2.269185314213022,19800,5,2,mera_subsampled,moment_std,5.202968120574951
L=64 i2_stride16h32_b16 (+I.2),data/64Ising_T2.269_hsBignet_i2_stride16h32_b16,64,2.269185314213022,19800,5,2,mera_subsampled,moment_var,27.070878982543945
L=64 i2_stride16h32_b16 (+I.2),data/64Ising_T2.269_hsBignet_i2_stride16h32_b16,64,2.269185314213022,19800,5,2,mera_subsampled,moment_kurtosis,-0.9728464725971984
L=64 i2_stride16h32_b16 (+I.2),data/64Ising_T2.269_hsBignet_i2_stride16h32_b16,64,2.269185314213022,19800,5,2,mera_subsampled,moment_skew,0.1535322962870853
L=64 i2_stride16h32_b16 (+I.2),data/64Ising_T2.269_hsBignet_i2_stride16h32_b16,64,2.269185314213022,19800,6,1,mera_subsampled,moment_mean,-1.048822283744812
L=64 i2_stride16h32_b16 (+I.2),data/64Ising_T2.269_hsBignet_i2_stride16h32_b16,64,2.269185314213022,19800,6,1,mera_subsampled,moment_std,3.971292018890381
L=64 i2_stride16h32_b16 (+I.2),data/64Ising_T2.269_hsBignet_i2_stride16h32_b16,64,2.269185314213022,19800,6,1,mera_subsampled,moment_var,15.771160125732422
L=64 i2_stride16h32_b16 (+I.2),data/64Ising_T2.269_hsBignet_i2_stride16h32_b16,64,2.269185314213022,19800,6,1,mera_subsampled,moment_kurtosis,-0.9192914930400056
L=64 i2_stride16h32_b16 (+I.2),data/64Ising_T2.269_hsBignet_i2_stride16h32_b16,64,2.269185314213022,19800,6,1,mera_subsampled,moment_skew,0.154106550118466
L=64 i2_stride16h32_b16 (+I.2),data/64Ising_T2.269_hsBignet_i2_stride16h32_b16,64,2.269185314213022,19800,0,64,blockRG,moment_mean,-0.01689569093286991
L=64 i2_stride16h32_b16 (+I.2),data/64Ising_T2.269_hsBignet_i2_stride16h32_b16,64,2.269185314213022,19800,0,64,blockRG,moment_std,3.5013132095336914
L=64 i2_stride16h32_b16 (+I.2),data/64Ising_T2.269_hsBignet_i2_stride16h32_b16,64,2.269185314213022,19800,0,64,blockRG,moment_var,12.259194374084473
L=64 i2_stride16h32_b16 (+I.2),data/64Ising_T2.269_hsBignet_i2_stride16h32_b16,64,2.269185314213022,19800,0,64,blockRG,moment_kurtosis,-1.3322957467744365
L=64 i2_stride16h32_b16 (+I.2),data/64Ising_T2.269_hsBignet_i2_stride16h32_b16,64,2.269185314213022,19800,0,64,blockRG,moment_skew,0.007592712038213583
L=64 i2_stride16h32_b16 (+I.2),data/64Ising_T2.269_hsBignet_i2_stride16h32_b16,64,2.269185314213022,19800,1,32,blockRG,moment_mean,-0.01689569465816021
L=64 i2_stride16h32_b16 (+I.2),data/64Ising_T2.269_hsBignet_i2_stride16h32_b16,64,2.269185314213022,19800,1,32,blockRG,moment_std,3.1695361137390137
L=64 i2_stride16h32_b16 (+I.2),data/64Ising_T2.269_hsBignet_i2_stride16h32_b16,64,2.269185314213022,19800,1,32,blockRG,moment_var,10.045958518981934
L=64 i2_stride16h32_b16 (+I.2),data/64Ising_T2.269_hsBignet_i2_stride16h32_b16,64,2.269185314213022,19800,1,32,blockRG,moment_kurtosis,-1.5261650073356092
L=64 i2_stride16h32_b16 (+I.2),data/64Ising_T2.269_hsBignet_i2_stride16h32_b16,64,2.269185314213022,19800,1,32,blockRG,moment_skew,0.008613123990872324
L=64 i2_stride16h32_b16 (+I.2),data/64Ising_T2.269_hsBignet_i2_stride16h32_b16,64,2.269185314213022,19800,2,16,blockRG,moment_mean,-0.016895700246095657
L=64 i2_stride16h32_b16 (+I.2),data/64Ising_T2.269_hsBignet_i2_stride16h32_b16,64,2.269185314213022,19800,2,16,blockRG,moment_std,2.8879222869873047
L=64 i2_stride16h32_b16 (+I.2),data/64Ising_T2.269_hsBignet_i2_stride16h32_b16,64,2.269185314213022,19800,2,16,blockRG,moment_var,8.340094566345215
L=64 i2_stride16h32_b16 (+I.2),data/64Ising_T2.269_hsBignet_i2_stride16h32_b16,64,2.269185314213022,19800,2,16,blockRG,moment_kurtosis,-1.641517030003369
L=64 i2_stride16h32_b16 (+I.2),data/64Ising_T2.269_hsBignet_i2_stride16h32_b16,64,2.269185314213022,19800,2,16,blockRG,moment_skew,0.009944519520017259
L=64 i2_stride16h32_b16 (+I.2),data/64Ising_T2.269_hsBignet_i2_stride16h32_b16,64,2.269185314213022,19800,3,8,blockRG,moment_mean,-0.016895702108740807
L=64 i2_stride16h32_b16 (+I.2),data/64Ising_T2.269_hsBignet_i2_stride16h32_b16,64,2.269185314213022,19800,3,8,blockRG,moment_std,2.6576743125915527
L=64 i2_stride16h32_b16 (+I.2),data/64Ising_T2.269_hsBignet_i2_stride16h32_b16,64,2.269185314213022,19800,3,8,blockRG,moment_var,7.063232421875
L=64 i2_stride16h32_b16 (+I.2),data/64Ising_T2.269_hsBignet_i2_stride16h32_b16,64,2.269185314213022,19800,3,8,blockRG,moment_kurtosis,-1.6921270765079353
L=64 i2_stride16h32_b16 (+I.2),data/64Ising_T2.269_hsBignet_i2_stride16h32_b16,64,2.269185314213022,19800,3,8,blockRG,moment_skew,0.011755510912779044
L=64 i2_stride16h32_b16 (+I.2),data/64Ising_T2.269_hsBignet_i2_stride16h32_b16,64,2.269185314213022,19800,4,4,blockRG,moment_mean,-0.016895698383450508
L=64 i2_stride16h32_b16 (+I.2),data/64Ising_T2.269_hsBignet_i2_stride16h32_b16,64,2.269185314213022,19800,4,4,blockRG,moment_std,2.472313165664673
L=64 i2_stride16h32_b16 (+I.2),data/64Ising_T2.269_hsBignet_i2_stride16h32_b16,64,2.269185314213022,19800,4,4,blockRG,moment_var,6.112332344055176
L=64 i2_stride16h32_b16 (+I.2),data/64Ising_T2.269_hsBignet_i2_stride16h32_b16,64,2.269185314213022,19800,4,4,blockRG,moment_kurtosis,-1.7318575697353762
L=64 i2_stride16h32_b16 (+I.2),data/64Ising_T2.269_hsBignet_i2_stride16h32_b16,64,2.269185314213022,19800,4,4,blockRG,moment_skew,0.010836778896408076
L=64 i2_stride16h32_b16 (+I.2),data/64Ising_T2.269_hsBignet_i2_stride16h32_b16,64,2.269185314213022,19800,5,2,blockRG,moment_mean,-0.016895702108740807
L=64 i2_stride16h32_b16 (+I.2),data/64Ising_T2.269_hsBignet_i2_stride16h32_b16,64,2.269185314213022,19800,5,2,blockRG,moment_std,2.331963539123535
L=64 i2_stride16h32_b16 (+I.2),data/64Ising_T2.269_hsBignet_i2_stride16h32_b16,64,2.269185314213022,19800,5,2,blockRG,moment_var,5.438053607940674
L=64 i2_stride16h32_b16 (+I.2),data/64Ising_T2.269_hsBignet_i2_stride16h32_b16,64,2.269185314213022,19800,5,2,blockRG,moment_kurtosis,-1.7846850833554164
L=64 i2_stride16h32_b16 (+I.2),data/64Ising_T2.269_hsBignet_i2_stride16h32_b16,64,2.269185314213022,19800,5,2,blockRG,moment_skew,0.01059472630841828
L=64 i2_stride16h32_b16 (+I.2),data/64Ising_T2.269_hsBignet_i2_stride16h32_b16,64,2.269185314213022,19800,6,1,blockRG,moment_mean,-0.01689569465816021
L=64 i2_stride16h32_b16 (+I.2),data/64Ising_T2.269_hsBignet_i2_stride16h32_b16,64,2.269185314213022,19800,6,1,blockRG,moment_std,2.267432689666748
L=64 i2_stride16h32_b16 (+I.2),data/64Ising_T2.269_hsBignet_i2_stride16h32_b16,64,2.269185314213022,19800,6,1,blockRG,moment_var,5.141251087188721
L=64 i2_stride16h32_b16 (+I.2),data/64Ising_T2.269_hsBignet_i2_stride16h32_b16,64,2.269185314213022,19800,6,1,blockRG,moment_kurtosis,-1.846679190382867
L=64 i2_stride16h32_b16 (+I.2),data/64Ising_T2.269_hsBignet_i2_stride16h32_b16,64,2.269185314213022,19800,6,1,blockRG,moment_skew,0.006558048042675441
L=64 i2_stride16h32_b16 (+I.2),data/64Ising_T2.269_hsBignet_i2_stride16h32_b16,64,2.269185314213022,19800,0,64,cross,v5_ks,0.003970000000000001
L=64 i2_stride16h32_b16 (+I.2),data/64Ising_T2.269_hsBignet_i2_stride16h32_b16,64,2.269185314213022,19800,0,64,cross,v5_w1,0.009729056270474028
L=64 i2_stride16h32_b16 (+I.2),data/64Ising_T2.269_hsBignet_i2_stride16h32_b16,64,2.269185314213022,19800,0,64,cross,v5_rms_g,0.0
L=64 i2_stride16h32_b16 (+I.2),data/64Ising_T2.269_hsBignet_i2_stride16h32_b16,64,2.269185314213022,19800,1,32,cross,v5_ks,0.08345500000000006
L=64 i2_stride16h32_b16 (+I.2),data/64Ising_T2.269_hsBignet_i2_stride16h32_b16,64,2.269185314213022,19800,1,32,cross,v5_w1,0.15711887736148036
L=64 i2_stride16h32_b16 (+I.2),data/64Ising_T2.269_hsBignet_i2_stride16h32_b16,64,2.269185314213022,19800,1,32,cross,v5_rms_g,0.13384869694709778
L=64 i2_stride16h32_b16 (+I.2),data/64Ising_T2.269_hsBignet_i2_stride16h32_b16,64,2.269185314213022,19800,2,16,cross,v5_ks,0.09309499999999993
L=64 i2_stride16h32_b16 (+I.2),data/64Ising_T2.269_hsBignet_i2_stride16h32_b16,64,2.269185314213022,19800,2,16,cross,v5_w1,0.1678972386187637
L=64 i2_stride16h32_b16 (+I.2),data/64Ising_T2.269_hsBignet_i2_stride16h32_b16,64,2.269185314213022,19800,2,16,cross,v5_rms_g,0.033399537205696106
L=64 i2_stride16h32_b16 (+I.2),data/64Ising_T2.269_hsBignet_i2_stride16h32_b16,64,2.269185314213022,19800,3,8,cross,v5_ks,0.08764843750000001
L=64 i2_stride16h32_b16 (+I.2),data/64Ising_T2.269_hsBignet_i2_stride16h32_b16,64,2.269185314213022,19800,3,8,cross,v5_w1,0.17567658638604858
L=64 i2_stride16h32_b16 (+I.2),data/64Ising_T2.269_hsBignet_i2_stride16h32_b16,64,2.269185314213022,19800,3,8,cross,v5_rms_g,0.05802838131785393
L=64 i2_stride16h32_b16 (+I.2),data/64Ising_T2.269_hsBignet_i2_stride16h32_b16,64,2.269185314213022,19800,4,4,cross,v5_ks,0.08853125000000006
L=64 i2_stride16h32_b16 (+I.2),data/64Ising_T2.269_hsBignet_i2_stride16h32_b16,64,2.269185314213022,19800,4,4,cross,v5_w1,0.15339010980557577
L=64 i2_stride16h32_b16 (+I.2),data/64Ising_T2.269_hsBignet_i2_stride16h32_b16,64,2.269185314213022,19800,4,4,cross,v5_rms_g,0.07849996536970139
L=64 i2_stride16h32_b16 (+I.2),data/64Ising_T2.269_hsBignet_i2_stride16h32_b16,64,2.269185314213022,19800,5,2,cross,v5_ks,0.12825
L=64 i2_stride16h32_b16 (+I.2),data/64Ising_T2.269_hsBignet_i2_stride16h32_b16,64,2.269185314213022,19800,5,2,cross,v5_w1,0.23446699965154405
L=64 i2_stride16h32_b16 (+I.2),data/64Ising_T2.269_hsBignet_i2_stride16h32_b16,64,2.269185314213022,19800,5,2,cross,v5_rms_g,nan
L=64 i2_stride16h32_b16 (+I.2),data/64Ising_T2.269_hsBignet_i2_stride16h32_b16,64,2.269185314213022,19800,6,1,cross,v5_ks,0.1545
L=64 i2_stride16h32_b16 (+I.2),data/64Ising_T2.269_hsBignet_i2_stride16h32_b16,64,2.269185314213022,19800,6,1,cross,v5_w1,0.2711580937256149
L=64 i2_stride16h32_b16 (+I.2),data/64Ising_T2.269_hsBignet_i2_stride16h32_b16,64,2.269185314213022,19800,6,1,cross,v5_rms_g,nan
L=64 i1_df4.0_b16 (Student-t),data/64Ising_T2.269_hsBignet_i1_df4.0_b16,64,2.269185314213022,19800,0,64,mera_subsampled,moment_mean,-0.01689569093286991
L=64 i1_df4.0_b16 (Student-t),data/64Ising_T2.269_hsBignet_i1_df4.0_b16,64,2.269185314213022,19800,0,64,mera_subsampled,moment_std,3.5013132095336914
L=64 i1_df4.0_b16 (Student-t),data/64Ising_T2.269_hsBignet_i1_df4.0_b16,64,2.269185314213022,19800,0,64,mera_subsampled,moment_var,12.259194374084473
L=64 i1_df4.0_b16 (Student-t),data/64Ising_T2.269_hsBignet_i1_df4.0_b16,64,2.269185314213022,19800,0,64,mera_subsampled,moment_kurtosis,-1.3322957467744365
L=64 i1_df4.0_b16 (Student-t),data/64Ising_T2.269_hsBignet_i1_df4.0_b16,64,2.269185314213022,19800,0,64,mera_subsampled,moment_skew,0.007592712038213583
L=64 i1_df4.0_b16 (Student-t),data/64Ising_T2.269_hsBignet_i1_df4.0_b16,64,2.269185314213022,19800,1,32,mera_subsampled,moment_mean,-6.679378986358643
L=64 i1_df4.0_b16 (Student-t),data/64Ising_T2.269_hsBignet_i1_df4.0_b16,64,2.269185314213022,19800,1,32,mera_subsampled,moment_std,26.033702850341797
L=64 i1_df4.0_b16 (Student-t),data/64Ising_T2.269_hsBignet_i1_df4.0_b16,64,2.269185314213022,19800,1,32,mera_subsampled,moment_var,677.753662109375
L=64 i1_df4.0_b16 (Student-t),data/64Ising_T2.269_hsBignet_i1_df4.0_b16,64,2.269185314213022,19800,1,32,mera_subsampled,moment_kurtosis,-0.2595321054309636
L=64 i1_df4.0_b16 (Student-t),data/64Ising_T2.269_hsBignet_i1_df4.0_b16,64,2.269185314213022,19800,1,32,mera_subsampled,moment_skew,-0.5006602412158616
L=64 i1_df4.0_b16 (Student-t),data/64Ising_T2.269_hsBignet_i1_df4.0_b16,64,2.269185314213022,19800,2,16,mera_subsampled,moment_mean,-13.94687271118164
L=64 i1_df4.0_b16 (Student-t),data/64Ising_T2.269_hsBignet_i1_df4.0_b16,64,2.269185314213022,19800,2,16,mera_subsampled,moment_std,40.97888946533203
L=64 i1_df4.0_b16 (Student-t),data/64Ising_T2.269_hsBignet_i1_df4.0_b16,64,2.269185314213022,19800,2,16,mera_subsampled,moment_var,1679.269287109375
L=64 i1_df4.0_b16 (Student-t),data/64Ising_T2.269_hsBignet_i1_df4.0_b16,64,2.269185314213022,19800,2,16,mera_subsampled,moment_kurtosis,1.3582149737611084
L=64 i1_df4.0_b16 (Student-t),data/64Ising_T2.269_hsBignet_i1_df4.0_b16,64,2.269185314213022,19800,2,16,mera_subsampled,moment_skew,-1.2184618825937266
L=64 i1_df4.0_b16 (Student-t),data/64Ising_T2.269_hsBignet_i1_df4.0_b16,64,2.269185314213022,19800,3,8,mera_subsampled,moment_mean,-0.3637509047985077
L=64 i1_df4.0_b16 (Student-t),data/64Ising_T2.269_hsBignet_i1_df4.0_b16,64,2.269185314213022,19800,3,8,mera_subsampled,moment_std,61.24114227294922
L=64 i1_df4.0_b16 (Student-t),data/64Ising_T2.269_hsBignet_i1_df4.0_b16,64,2.269185314213022,19800,3,8,mera_subsampled,moment_var,3750.477294921875
L=64 i1_df4.0_b16 (Student-t),data/64Ising_T2.269_hsBignet_i1_df4.0_b16,64,2.269185314213022,19800,3,8,mera_subsampled,moment_kurtosis,0.8360069209912937
L=64 i1_df4.0_b16 (Student-t),data/64Ising_T2.269_hsBignet_i1_df4.0_b16,64,2.269185314213022,19800,3,8,mera_subsampled,moment_skew,-0.6387630770283151
L=64 i1_df4.0_b16 (Student-t),data/64Ising_T2.269_hsBignet_i1_df4.0_b16,64,2.269185314213022,19800,4,4,mera_subsampled,moment_mean,-8.953568458557129
L=64 i1_df4.0_b16 (Student-t),data/64Ising_T2.269_hsBignet_i1_df4.0_b16,64,2.269185314213022,19800,4,4,mera_subsampled,moment_std,65.3154525756836
L=64 i1_df4.0_b16 (Student-t),data/64Ising_T2.269_hsBignet_i1_df4.0_b16,64,2.269185314213022,19800,4,4,mera_subsampled,moment_var,4266.1083984375
L=64 i1_df4.0_b16 (Student-t),data/64Ising_T2.269_hsBignet_i1_df4.0_b16,64,2.269185314213022,19800,4,4,mera_subsampled,moment_kurtosis,0.9223118537521953
L=64 i1_df4.0_b16 (Student-t),data/64Ising_T2.269_hsBignet_i1_df4.0_b16,64,2.269185314213022,19800,4,4,mera_subsampled,moment_skew,-0.773592395622982
L=64 i1_df4.0_b16 (Student-t),data/64Ising_T2.269_hsBignet_i1_df4.0_b16,64,2.269185314213022,19800,5,2,mera_subsampled,moment_mean,-17.84908676147461
L=64 i1_df4.0_b16 (Student-t),data/64Ising_T2.269_hsBignet_i1_df4.0_b16,64,2.269185314213022,19800,5,2,mera_subsampled,moment_std,49.34130096435547
L=64 i1_df4.0_b16 (Student-t),data/64Ising_T2.269_hsBignet_i1_df4.0_b16,64,2.269185314213022,19800,5,2,mera_subsampled,moment_var,2434.56396484375
L=64 i1_df4.0_b16 (Student-t),data/64Ising_T2.269_hsBignet_i1_df4.0_b16,64,2.269185314213022,19800,5,2,mera_subsampled,moment_kurtosis,2.2943282558726024
L=64 i1_df4.0_b16 (Student-t),data/64Ising_T2.269_hsBignet_i1_df4.0_b16,64,2.269185314213022,19800,5,2,mera_subsampled,moment_skew,-1.2380519543726514
L=64 i1_df4.0_b16 (Student-t),data/64Ising_T2.269_hsBignet_i1_df4.0_b16,64,2.269185314213022,19800,6,1,mera_subsampled,moment_mean,-10.020225524902344
L=64 i1_df4.0_b16 (Student-t),data/64Ising_T2.269_hsBignet_i1_df4.0_b16,64,2.269185314213022,19800,6,1,mera_subsampled,moment_std,28.04448890686035
L=64 i1_df4.0_b16 (Student-t),data/64Ising_T2.269_hsBignet_i1_df4.0_b16,64,2.269185314213022,19800,6,1,mera_subsampled,moment_var,786.4933471679688
L=64 i1_df4.0_b16 (Student-t),data/64Ising_T2.269_hsBignet_i1_df4.0_b16,64,2.269185314213022,19800,6,1,mera_subsampled,moment_kurtosis,2.1004201546124817
L=64 i1_df4.0_b16 (Student-t),data/64Ising_T2.269_hsBignet_i1_df4.0_b16,64,2.269185314213022,19800,6,1,mera_subsampled,moment_skew,-1.1795488758910646
L=64 i1_df4.0_b16 (Student-t),data/64Ising_T2.269_hsBignet_i1_df4.0_b16,64,2.269185314213022,19800,0,64,blockRG,moment_mean,-0.01689569093286991
L=64 i1_df4.0_b16 (Student-t),data/64Ising_T2.269_hsBignet_i1_df4.0_b16,64,2.269185314213022,19800,0,64,blockRG,moment_std,3.5013132095336914
L=64 i1_df4.0_b16 (Student-t),data/64Ising_T2.269_hsBignet_i1_df4.0_b16,64,2.269185314213022,19800,0,64,blockRG,moment_var,12.259194374084473
L=64 i1_df4.0_b16 (Student-t),data/64Ising_T2.269_hsBignet_i1_df4.0_b16,64,2.269185314213022,19800,0,64,blockRG,moment_kurtosis,-1.3322957467744365
L=64 i1_df4.0_b16 (Student-t),data/64Ising_T2.269_hsBignet_i1_df4.0_b16,64,2.269185314213022,19800,0,64,blockRG,moment_skew,0.007592712038213583
L=64 i1_df4.0_b16 (Student-t),data/64Ising_T2.269_hsBignet_i1_df4.0_b16,64,2.269185314213022,19800,1,32,blockRG,moment_mean,-0.01689569465816021
L=64 i1_df4.0_b16 (Student-t),data/64Ising_T2.269_hsBignet_i1_df4.0_b16,64,2.269185314213022,19800,1,32,blockRG,moment_std,3.1695361137390137
L=64 i1_df4.0_b16 (Student-t),data/64Ising_T2.269_hsBignet_i1_df4.0_b16,64,2.269185314213022,19800,1,32,blockRG,moment_var,10.045958518981934
L=64 i1_df4.0_b16 (Student-t),data/64Ising_T2.269_hsBignet_i1_df4.0_b16,64,2.269185314213022,19800,1,32,blockRG,moment_kurtosis,-1.5261650073356092
L=64 i1_df4.0_b16 (Student-t),data/64Ising_T2.269_hsBignet_i1_df4.0_b16,64,2.269185314213022,19800,1,32,blockRG,moment_skew,0.008613123990872324
L=64 i1_df4.0_b16 (Student-t),data/64Ising_T2.269_hsBignet_i1_df4.0_b16,64,2.269185314213022,19800,2,16,blockRG,moment_mean,-0.016895700246095657
L=64 i1_df4.0_b16 (Student-t),data/64Ising_T2.269_hsBignet_i1_df4.0_b16,64,2.269185314213022,19800,2,16,blockRG,moment_std,2.8879222869873047
L=64 i1_df4.0_b16 (Student-t),data/64Ising_T2.269_hsBignet_i1_df4.0_b16,64,2.269185314213022,19800,2,16,blockRG,moment_var,8.340094566345215
L=64 i1_df4.0_b16 (Student-t),data/64Ising_T2.269_hsBignet_i1_df4.0_b16,64,2.269185314213022,19800,2,16,blockRG,moment_kurtosis,-1.641517030003369
L=64 i1_df4.0_b16 (Student-t),data/64Ising_T2.269_hsBignet_i1_df4.0_b16,64,2.269185314213022,19800,2,16,blockRG,moment_skew,0.009944519520017259
L=64 i1_df4.0_b16 (Student-t),data/64Ising_T2.269_hsBignet_i1_df4.0_b16,64,2.269185314213022,19800,3,8,blockRG,moment_mean,-0.016895702108740807
L=64 i1_df4.0_b16 (Student-t),data/64Ising_T2.269_hsBignet_i1_df4.0_b16,64,2.269185314213022,19800,3,8,blockRG,moment_std,2.6576743125915527
L=64 i1_df4.0_b16 (Student-t),data/64Ising_T2.269_hsBignet_i1_df4.0_b16,64,2.269185314213022,19800,3,8,blockRG,moment_var,7.063232421875
L=64 i1_df4.0_b16 (Student-t),data/64Ising_T2.269_hsBignet_i1_df4.0_b16,64,2.269185314213022,19800,3,8,blockRG,moment_kurtosis,-1.6921270765079353
L=64 i1_df4.0_b16 (Student-t),data/64Ising_T2.269_hsBignet_i1_df4.0_b16,64,2.269185314213022,19800,3,8,blockRG,moment_skew,0.011755510912779044
L=64 i1_df4.0_b16 (Student-t),data/64Ising_T2.269_hsBignet_i1_df4.0_b16,64,2.269185314213022,19800,4,4,blockRG,moment_mean,-0.016895698383450508
L=64 i1_df4.0_b16 (Student-t),data/64Ising_T2.269_hsBignet_i1_df4.0_b16,64,2.269185314213022,19800,4,4,blockRG,moment_std,2.472313165664673
L=64 i1_df4.0_b16 (Student-t),data/64Ising_T2.269_hsBignet_i1_df4.0_b16,64,2.269185314213022,19800,4,4,blockRG,moment_var,6.112332344055176
L=64 i1_df4.0_b16 (Student-t),data/64Ising_T2.269_hsBignet_i1_df4.0_b16,64,2.269185314213022,19800,4,4,blockRG,moment_kurtosis,-1.7318575697353762
L=64 i1_df4.0_b16 (Student-t),data/64Ising_T2.269_hsBignet_i1_df4.0_b16,64,2.269185314213022,19800,4,4,blockRG,moment_skew,0.010836778896408076
L=64 i1_df4.0_b16 (Student-t),data/64Ising_T2.269_hsBignet_i1_df4.0_b16,64,2.269185314213022,19800,5,2,blockRG,moment_mean,-0.016895702108740807
L=64 i1_df4.0_b16 (Student-t),data/64Ising_T2.269_hsBignet_i1_df4.0_b16,64,2.269185314213022,19800,5,2,blockRG,moment_std,2.331963539123535
L=64 i1_df4.0_b16 (Student-t),data/64Ising_T2.269_hsBignet_i1_df4.0_b16,64,2.269185314213022,19800,5,2,blockRG,moment_var,5.438053607940674
L=64 i1_df4.0_b16 (Student-t),data/64Ising_T2.269_hsBignet_i1_df4.0_b16,64,2.269185314213022,19800,5,2,blockRG,moment_kurtosis,-1.7846850833554164
L=64 i1_df4.0_b16 (Student-t),data/64Ising_T2.269_hsBignet_i1_df4.0_b16,64,2.269185314213022,19800,5,2,blockRG,moment_skew,0.01059472630841828
L=64 i1_df4.0_b16 (Student-t),data/64Ising_T2.269_hsBignet_i1_df4.0_b16,64,2.269185314213022,19800,6,1,blockRG,moment_mean,-0.01689569465816021
L=64 i1_df4.0_b16 (Student-t),data/64Ising_T2.269_hsBignet_i1_df4.0_b16,64,2.269185314213022,19800,6,1,blockRG,moment_std,2.267432689666748
L=64 i1_df4.0_b16 (Student-t),data/64Ising_T2.269_hsBignet_i1_df4.0_b16,64,2.269185314213022,19800,6,1,blockRG,moment_var,5.141251087188721
L=64 i1_df4.0_b16 (Student-t),data/64Ising_T2.269_hsBignet_i1_df4.0_b16,64,2.269185314213022,19800,6,1,blockRG,moment_kurtosis,-1.846679190382867
L=64 i1_df4.0_b16 (Student-t),data/64Ising_T2.269_hsBignet_i1_df4.0_b16,64,2.269185314213022,19800,6,1,blockRG,moment_skew,0.006558048042675441
L=64 i1_df4.0_b16 (Student-t),data/64Ising_T2.269_hsBignet_i1_df4.0_b16,64,2.269185314213022,19800,0,64,cross,v5_ks,0.003970000000000001
L=64 i1_df4.0_b16 (Student-t),data/64Ising_T2.269_hsBignet_i1_df4.0_b16,64,2.269185314213022,19800,0,64,cross,v5_w1,0.009729056270474028
L=64 i1_df4.0_b16 (Student-t),data/64Ising_T2.269_hsBignet_i1_df4.0_b16,64,2.269185314213022,19800,0,64,cross,v5_rms_g,0.0
L=64 i1_df4.0_b16 (Student-t),data/64Ising_T2.269_hsBignet_i1_df4.0_b16,64,2.269185314213022,19800,1,32,cross,v5_ks,0.12564000000000003
L=64 i1_df4.0_b16 (Student-t),data/64Ising_T2.269_hsBignet_i1_df4.0_b16,64,2.269185314213022,19800,1,32,cross,v5_w1,0.24733164381411477
L=64 i1_df4.0_b16 (Student-t),data/64Ising_T2.269_hsBignet_i1_df4.0_b16,64,2.269185314213022,19800,1,32,cross,v5_rms_g,0.13426408171653748
L=64 i1_df4.0_b16 (Student-t),data/64Ising_T2.269_hsBignet_i1_df4.0_b16,64,2.269185314213022,19800,2,16,cross,v5_ks,0.184855
L=64 i1_df4.0_b16 (Student-t),data/64Ising_T2.269_hsBignet_i1_df4.0_b16,64,2.269185314213022,19800,2,16,cross,v5_w1,0.38451895838888744
L=64 i1_df4.0_b16 (Student-t),data/64Ising_T2.269_hsBignet_i1_df4.0_b16,64,2.269185314213022,19800,2,16,cross,v5_rms_g,0.15436531603336334
L=64 i1_df4.0_b16 (Student-t),data/64Ising_T2.269_hsBignet_i1_df4.0_b16,64,2.269185314213022,19800,3,8,cross,v5_ks,0.172359375
L=64 i1_df4.0_b16 (Student-t),data/64Ising_T2.269_hsBignet_i1_df4.0_b16,64,2.269185314213022,19800,3,8,cross,v5_w1,0.31905738331177724
L=64 i1_df4.0_b16 (Student-t),data/64Ising_T2.269_hsBignet_i1_df4.0_b16,64,2.269185314213022,19800,3,8,cross,v5_rms_g,0.20577163994312286
L=64 i1_df4.0_b16 (Student-t),data/64Ising_T2.269_hsBignet_i1_df4.0_b16,64,2.269185314213022,19800,4,4,cross,v5_ks,0.18040625
L=64 i1_df4.0_b16 (Student-t),data/64Ising_T2.269_hsBignet_i1_df4.0_b16,64,2.269185314213022,19800,4,4,cross,v5_w1,0.32639684726892526
L=64 i1_df4.0_b16 (Student-t),data/64Ising_T2.269_hsBignet_i1_df4.0_b16,64,2.269185314213022,19800,4,4,cross,v5_rms_g,0.23363782465457916
L=64 i1_df4.0_b16 (Student-t),data/64Ising_T2.269_hsBignet_i1_df4.0_b16,64,2.269185314213022,19800,5,2,cross,v5_ks,0.213
L=64 i1_df4.0_b16 (Student-t),data/64Ising_T2.269_hsBignet_i1_df4.0_b16,64,2.269185314213022,19800,5,2,cross,v5_w1,0.4119685872179707
L=64 i1_df4.0_b16 (Student-t),data/64Ising_T2.269_hsBignet_i1_df4.0_b16,64,2.269185314213022,19800,5,2,cross,v5_rms_g,nan
L=64 i1_df4.0_b16 (Student-t),data/64Ising_T2.269_hsBignet_i1_df4.0_b16,64,2.269185314213022,19800,6,1,cross,v5_ks,0.236
L=64 i1_df4.0_b16 (Student-t),data/64Ising_T2.269_hsBignet_i1_df4.0_b16,64,2.269185314213022,19800,6,1,cross,v5_w1,0.43472402868792415
L=64 i1_df4.0_b16 (Student-t),data/64Ising_T2.269_hsBignet_i1_df4.0_b16,64,2.269185314213022,19800,6,1,cross,v5_rms_g,nan
L=32 i2_stride4h32_b64 (Phase-2),data/32Ising_T2.269_hsBignet_i2_stride4h32_b64,32,2.269185314213022,19800,0,32,mera_subsampled,moment_mean,-0.03459131717681885
L=32 i2_stride4h32_b64 (Phase-2),data/32Ising_T2.269_hsBignet_i2_stride4h32_b64,32,2.269185314213022,19800,0,32,mera_subsampled,moment_std,3.50704026222229
L=32 i2_stride4h32_b64 (Phase-2),data/32Ising_T2.269_hsBignet_i2_stride4h32_b64,32,2.269185314213022,19800,0,32,mera_subsampled,moment_var,12.299330711364746
L=32 i2_stride4h32_b64 (Phase-2),data/32Ising_T2.269_hsBignet_i2_stride4h32_b64,32,2.269185314213022,19800,0,32,mera_subsampled,moment_kurtosis,-1.333952273373866
L=32 i2_stride4h32_b64 (Phase-2),data/32Ising_T2.269_hsBignet_i2_stride4h32_b64,32,2.269185314213022,19800,0,32,mera_subsampled,moment_skew,0.015193538311129993
L=32 i2_stride4h32_b64 (Phase-2),data/32Ising_T2.269_hsBignet_i2_stride4h32_b64,32,2.269185314213022,19800,1,16,mera_subsampled,moment_mean,-4.213184833526611
L=32 i2_stride4h32_b64 (Phase-2),data/32Ising_T2.269_hsBignet_i2_stride4h32_b64,32,2.269185314213022,19800,1,16,mera_subsampled,moment_std,12.208588600158691
L=32 i2_stride4h32_b64 (Phase-2),data/32Ising_T2.269_hsBignet_i2_stride4h32_b64,32,2.269185314213022,19800,1,16,mera_subsampled,moment_var,149.0496368408203
L=32 i2_stride4h32_b64 (Phase-2),data/32Ising_T2.269_hsBignet_i2_stride4h32_b64,32,2.269185314213022,19800,1,16,mera_subsampled,moment_kurtosis,-0.682454355411636
L=32 i2_stride4h32_b64 (Phase-2),data/32Ising_T2.269_hsBignet_i2_stride4h32_b64,32,2.269185314213022,19800,1,16,mera_subsampled,moment_skew,-0.45786953633907523
L=32 i2_stride4h32_b64 (Phase-2),data/32Ising_T2.269_hsBignet_i2_stride4h32_b64,32,2.269185314213022,19800,2,8,mera_subsampled,moment_mean,-9.499181747436523
L=32 i2_stride4h32_b64 (Phase-2),data/32Ising_T2.269_hsBignet_i2_stride4h32_b64,32,2.269185314213022,19800,2,8,mera_subsampled,moment_std,22.386098861694336
L=32 i2_stride4h32_b64 (Phase-2),data/32Ising_T2.269_hsBignet_i2_stride4h32_b64,32,2.269185314213022,19800,2,8,mera_subsampled,moment_var,501.13739013671875
L=32 i2_stride4h32_b64 (Phase-2),data/32Ising_T2.269_hsBignet_i2_stride4h32_b64,32,2.269185314213022,19800,2,8,mera_subsampled,moment_kurtosis,-0.9563499099447776
L=32 i2_stride4h32_b64 (Phase-2),data/32Ising_T2.269_hsBignet_i2_stride4h32_b64,32,2.269185314213022,19800,2,8,mera_subsampled,moment_skew,-0.47241392876821886
L=32 i2_stride4h32_b64 (Phase-2),data/32Ising_T2.269_hsBignet_i2_stride4h32_b64,32,2.269185314213022,19800,3,4,mera_subsampled,moment_mean,-14.744973182678223
L=32 i2_stride4h32_b64 (Phase-2),data/32Ising_T2.269_hsBignet_i2_stride4h32_b64,32,2.269185314213022,19800,3,4,mera_subsampled,moment_std,22.22019386291504
L=32 i2_stride4h32_b64 (Phase-2),data/32Ising_T2.269_hsBignet_i2_stride4h32_b64,32,2.269185314213022,19800,3,4,mera_subsampled,moment_var,493.7370300292969
L=32 i2_stride4h32_b64 (Phase-2),data/32Ising_T2.269_hsBignet_i2_stride4h32_b64,32,2.269185314213022,19800,3,4,mera_subsampled,moment_kurtosis,-1.2419884616626795
L=32 i2_stride4h32_b64 (Phase-2),data/32Ising_T2.269_hsBignet_i2_stride4h32_b64,32,2.269185314213022,19800,3,4,mera_subsampled,moment_skew,-0.4247605617242066
L=32 i2_stride4h32_b64 (Phase-2),data/32Ising_T2.269_hsBignet_i2_stride4h32_b64,32,2.269185314213022,19800,4,2,mera_subsampled,moment_mean,-7.305098533630371
L=32 i2_stride4h32_b64 (Phase-2),data/32Ising_T2.269_hsBignet_i2_stride4h32_b64,32,2.269185314213022,19800,4,2,mera_subsampled,moment_std,12.471087455749512
L=32 i2_stride4h32_b64 (Phase-2),data/32Ising_T2.269_hsBignet_i2_stride4h32_b64,32,2.269185314213022,19800,4,2,mera_subsampled,moment_var,155.5280303955078
L=32 i2_stride4h32_b64 (Phase-2),data/32Ising_T2.269_hsBignet_i2_stride4h32_b64,32,2.269185314213022,19800,4,2,mera_subsampled,moment_kurtosis,-1.1618659395689652
L=32 i2_stride4h32_b64 (Phase-2),data/32Ising_T2.269_hsBignet_i2_stride4h32_b64,32,2.269185314213022,19800,4,2,mera_subsampled,moment_skew,-0.42535182258705506
L=32 i2_stride4h32_b64 (Phase-2),data/32Ising_T2.269_hsBignet_i2_stride4h32_b64,32,2.269185314213022,19800,5,1,mera_subsampled,moment_mean,-6.049603462219238
L=32 i2_stride4h32_b64 (Phase-2),data/32Ising_T2.269_hsBignet_i2_stride4h32_b64,32,2.269185314213022,19800,5,1,mera_subsampled,moment_std,9.352067947387695
L=32 i2_stride4h32_b64 (Phase-2),data/32Ising_T2.269_hsBignet_i2_stride4h32_b64,32,2.269185314213022,19800,5,1,mera_subsampled,moment_var,87.461181640625
L=32 i2_stride4h32_b64 (Phase-2),data/32Ising_T2.269_hsBignet_i2_stride4h32_b64,32,2.269185314213022,19800,5,1,mera_subsampled,moment_kurtosis,-1.1779049570030709
L=32 i2_stride4h32_b64 (Phase-2),data/32Ising_T2.269_hsBignet_i2_stride4h32_b64,32,2.269185314213022,19800,5,1,mera_subsampled,moment_skew,-0.42016282683863804
L=32 i2_stride4h32_b64 (Phase-2),data/32Ising_T2.269_hsBignet_i2_stride4h32_b64,32,2.269185314213022,19800,0,32,blockRG,moment_mean,-0.03459131717681885
L=32 i2_stride4h32_b64 (Phase-2),data/32Ising_T2.269_hsBignet_i2_stride4h32_b64,32,2.269185314213022,19800,0,32,blockRG,moment_std,3.50704026222229
L=32 i2_stride4h32_b64 (Phase-2),data/32Ising_T2.269_hsBignet_i2_stride4h32_b64,32,2.269185314213022,19800,0,32,blockRG,moment_var,12.299330711364746
L=32 i2_stride4h32_b64 (Phase-2),data/32Ising_T2.269_hsBignet_i2_stride4h32_b64,32,2.269185314213022,19800,0,32,blockRG,moment_kurtosis,-1.333952273373866
L=32 i2_stride4h32_b64 (Phase-2),data/32Ising_T2.269_hsBignet_i2_stride4h32_b64,32,2.269185314213022,19800,0,32,blockRG,moment_skew,0.015193538311129993
L=32 i2_stride4h32_b64 (Phase-2),data/32Ising_T2.269_hsBignet_i2_stride4h32_b64,32,2.269185314213022,19800,1,16,blockRG,moment_mean,-0.03459132835268974
L=32 i2_stride4h32_b64 (Phase-2),data/32Ising_T2.269_hsBignet_i2_stride4h32_b64,32,2.269185314213022,19800,1,16,blockRG,moment_std,3.178054094314575
L=32 i2_stride4h32_b64 (Phase-2),data/32Ising_T2.269_hsBignet_i2_stride4h32_b64,32,2.269185314213022,19800,1,16,blockRG,moment_var,10.100027084350586
L=32 i2_stride4h32_b64 (Phase-2),data/32Ising_T2.269_hsBignet_i2_stride4h32_b64,32,2.269185314213022,19800,1,16,blockRG,moment_kurtosis,-1.5319216496856525
L=32 i2_stride4h32_b64 (Phase-2),data/32Ising_T2.269_hsBignet_i2_stride4h32_b64,32,2.269185314213022,19800,1,16,blockRG,moment_skew,0.017708419403094918
L=32 i2_stride4h32_b64 (Phase-2),data/32Ising_T2.269_hsBignet_i2_stride4h32_b64,32,2.269185314213022,19800,2,8,blockRG,moment_mean,-0.034591324627399445
L=32 i2_stride4h32_b64 (Phase-2),data/32Ising_T2.269_hsBignet_i2_stride4h32_b64,32,2.269185314213022,19800,2,8,blockRG,moment_std,2.9044411182403564
L=32 i2_stride4h32_b64 (Phase-2),data/32Ising_T2.269_hsBignet_i2_stride4h32_b64,32,2.269185314213022,19800,2,8,blockRG,moment_var,8.435778617858887
L=32 i2_stride4h32_b64 (Phase-2),data/32Ising_T2.269_hsBignet_i2_stride4h32_b64,32,2.269185314213022,19800,2,8,blockRG,moment_kurtosis,-1.6519473292115174
L=32 i2_stride4h32_b64 (Phase-2),data/32Ising_T2.269_hsBignet_i2_stride4h32_b64,32,2.269185314213022,19800,2,8,blockRG,moment_skew,0.020201961672020208
L=32 i2_stride4h32_b64 (Phase-2),data/32Ising_T2.269_hsBignet_i2_stride4h32_b64,32,2.269185314213022,19800,3,4,blockRG,moment_mean,-0.034591320902109146
L=32 i2_stride4h32_b64 (Phase-2),data/32Ising_T2.269_hsBignet_i2_stride4h32_b64,32,2.269185314213022,19800,3,4,blockRG,moment_std,2.6928799152374268
L=32 i2_stride4h32_b64 (Phase-2),data/32Ising_T2.269_hsBignet_i2_stride4h32_b64,32,2.269185314213022,19800,3,4,blockRG,moment_var,7.251602649688721
L=32 i2_stride4h32_b64 (Phase-2),data/32Ising_T2.269_hsBignet_i2_stride4h32_b64,32,2.269185314213022,19800,3,4,blockRG,moment_kurtosis,-1.7200876821647981
L=32 i2_stride4h32_b64 (Phase-2),data/32Ising_T2.269_hsBignet_i2_stride4h32_b64,32,2.269185314213022,19800,3,4,blockRG,moment_skew,0.023164850939309607
L=32 i2_stride4h32_b64 (Phase-2),data/32Ising_T2.269_hsBignet_i2_stride4h32_b64,32,2.269185314213022,19800,4,2,blockRG,moment_mean,-0.03459133207798004
L=32 i2_stride4h32_b64 (Phase-2),data/32Ising_T2.269_hsBignet_i2_stride4h32_b64,32,2.269185314213022,19800,4,2,blockRG,moment_std,2.537604570388794
L=32 i2_stride4h32_b64 (Phase-2),data/32Ising_T2.269_hsBignet_i2_stride4h32_b64,32,2.269185314213022,19800,4,2,blockRG,moment_var,6.439437389373779
L=32 i2_stride4h32_b64 (Phase-2),data/32Ising_T2.269_hsBignet_i2_stride4h32_b64,32,2.269185314213022,19800,4,2,blockRG,moment_kurtosis,-1.7778427325893864
L=32 i2_stride4h32_b64 (Phase-2),data/32Ising_T2.269_hsBignet_i2_stride4h32_b64,32,2.269185314213022,19800,4,2,blockRG,moment_skew,0.02887104909514786
L=32 i2_stride4h32_b64 (Phase-2),data/32Ising_T2.269_hsBignet_i2_stride4h32_b64,32,2.269185314213022,19800,5,1,blockRG,moment_mean,-0.03459133207798004
L=32 i2_stride4h32_b64 (Phase-2),data/32Ising_T2.269_hsBignet_i2_stride4h32_b64,32,2.269185314213022,19800,5,1,blockRG,moment_std,2.4618563652038574
L=32 i2_stride4h32_b64 (Phase-2),data/32Ising_T2.269_hsBignet_i2_stride4h32_b64,32,2.269185314213022,19800,5,1,blockRG,moment_var,6.060737133026123
L=32 i2_stride4h32_b64 (Phase-2),data/32Ising_T2.269_hsBignet_i2_stride4h32_b64,32,2.269185314213022,19800,5,1,blockRG,moment_kurtosis,-1.8368664852056662
L=32 i2_stride4h32_b64 (Phase-2),data/32Ising_T2.269_hsBignet_i2_stride4h32_b64,32,2.269185314213022,19800,5,1,blockRG,moment_skew,0.03380660784540168
L=32 i2_stride4h32_b64 (Phase-2),data/32Ising_T2.269_hsBignet_i2_stride4h32_b64,32,2.269185314213022,19800,0,32,cross,v5_ks,0.004724999999999979
L=32 i2_stride4h32_b64 (Phase-2),data/32Ising_T2.269_hsBignet_i2_stride4h32_b64,32,2.269185314213022,19800,0,32,cross,v5_w1,0.009195985288557855
L=32 i2_stride4h32_b64 (Phase-2),data/32Ising_T2.269_hsBignet_i2_stride4h32_b64,32,2.269185314213022,19800,0,32,cross,v5_rms_g,0.0
L=32 i2_stride4h32_b64 (Phase-2),data/32Ising_T2.269_hsBignet_i2_stride4h32_b64,32,2.269185314213022,19800,1,16,cross,v5_ks,0.10387500000000005
L=32 i2_stride4h32_b64 (Phase-2),data/32Ising_T2.269_hsBignet_i2_stride4h32_b64,32,2.269185314213022,19800,1,16,cross,v5_w1,0.22431601539616303
L=32 i2_stride4h32_b64 (Phase-2),data/32Ising_T2.269_hsBignet_i2_stride4h32_b64,32,2.269185314213022,19800,1,16,cross,v5_rms_g,0.11798060685396194
L=32 i2_stride4h32_b64 (Phase-2),data/32Ising_T2.269_hsBignet_i2_stride4h32_b64,32,2.269185314213022,19800,2,8,cross,v5_ks,0.10271875000000008
L=32 i2_stride4h32_b64 (Phase-2),data/32Ising_T2.269_hsBignet_i2_stride4h32_b64,32,2.269185314213022,19800,2,8,cross,v5_w1,0.20370455531235762
L=32 i2_stride4h32_b64 (Phase-2),data/32Ising_T2.269_hsBignet_i2_stride4h32_b64,32,2.269185314213022,19800,2,8,cross,v5_rms_g,0.07282739877700806
L=32 i2_stride4h32_b64 (Phase-2),data/32Ising_T2.269_hsBignet_i2_stride4h32_b64,32,2.269185314213022,19800,3,4,cross,v5_ks,0.13112500000000005
L=32 i2_stride4h32_b64 (Phase-2),data/32Ising_T2.269_hsBignet_i2_stride4h32_b64,32,2.269185314213022,19800,3,4,cross,v5_w1,0.1929732885259262
L=32 i2_stride4h32_b64 (Phase-2),data/32Ising_T2.269_hsBignet_i2_stride4h32_b64,32,2.269185314213022,19800,3,4,cross,v5_rms_g,0.023723484948277473
L=32 i2_stride4h32_b64 (Phase-2),data/32Ising_T2.269_hsBignet_i2_stride4h32_b64,32,2.269185314213022,19800,4,2,cross,v5_ks,0.13225
L=32 i2_stride4h32_b64 (Phase-2),data/32Ising_T2.269_hsBignet_i2_stride4h32_b64,32,2.269185314213022,19800,4,2,cross,v5_w1,0.2186396584767097
L=32 i2_stride4h32_b64 (Phase-2),data/32Ising_T2.269_hsBignet_i2_stride4h32_b64,32,2.269185314213022,19800,4,2,cross,v5_rms_g,nan
L=32 i2_stride4h32_b64 (Phase-2),data/32Ising_T2.269_hsBignet_i2_stride4h32_b64,32,2.269185314213022,19800,5,1,cross,v5_ks,0.1435
L=32 i2_stride4h32_b64 (Phase-2),data/32Ising_T2.269_hsBignet_i2_stride4h32_b64,32,2.269185314213022,19800,5,1,cross,v5_w1,0.2392083345555584
L=32 i2_stride4h32_b64 (Phase-2),data/32Ising_T2.269_hsBignet_i2_stride4h32_b64,32,2.269185314213022,19800,5,1,cross,v5_rms_g,nan
L=32 i2_stride8h64_b64 (Phase-2),data/32Ising_T2.269_hsBignet_i2_stride8h64_b64,32,2.269185314213022,19800,0,32,mera_subsampled,moment_mean,-0.03459131717681885
L=32 i2_stride8h64_b64 (Phase-2),data/32Ising_T2.269_hsBignet_i2_stride8h64_b64,32,2.269185314213022,19800,0,32,mera_subsampled,moment_std,3.50704026222229
L=32 i2_stride8h64_b64 (Phase-2),data/32Ising_T2.269_hsBignet_i2_stride8h64_b64,32,2.269185314213022,19800,0,32,mera_subsampled,moment_var,12.299330711364746
L=32 i2_stride8h64_b64 (Phase-2),data/32Ising_T2.269_hsBignet_i2_stride8h64_b64,32,2.269185314213022,19800,0,32,mera_subsampled,moment_kurtosis,-1.333952273373866
L=32 i2_stride8h64_b64 (Phase-2),data/32Ising_T2.269_hsBignet_i2_stride8h64_b64,32,2.269185314213022,19800,0,32,mera_subsampled,moment_skew,0.015193538311129993
L=32 i2_stride8h64_b64 (Phase-2),data/32Ising_T2.269_hsBignet_i2_stride8h64_b64,32,2.269185314213022,19800,1,16,mera_subsampled,moment_mean,-1.7899898290634155
L=32 i2_stride8h64_b64 (Phase-2),data/32Ising_T2.269_hsBignet_i2_stride8h64_b64,32,2.269185314213022,19800,1,16,mera_subsampled,moment_std,9.892657279968262
L=32 i2_stride8h64_b64 (Phase-2),data/32Ising_T2.269_hsBignet_i2_stride8h64_b64,32,2.269185314213022,19800,1,16,mera_subsampled,moment_var,97.86466217041016
L=32 i2_stride8h64_b64 (Phase-2),data/32Ising_T2.269_hsBignet_i2_stride8h64_b64,32,2.269185314213022,19800,1,16,mera_subsampled,moment_kurtosis,-0.327264256983292
L=32 i2_stride8h64_b64 (Phase-2),data/32Ising_T2.269_hsBignet_i2_stride8h64_b64,32,2.269185314213022,19800,1,16,mera_subsampled,moment_skew,-0.7134338649074947
L=32 i2_stride8h64_b64 (Phase-2),data/32Ising_T2.269_hsBignet_i2_stride8h64_b64,32,2.269185314213022,19800,2,8,mera_subsampled,moment_mean,2.2038187980651855
L=32 i2_stride8h64_b64 (Phase-2),data/32Ising_T2.269_hsBignet_i2_stride8h64_b64,32,2.269185314213022,19800,2,8,mera_subsampled,moment_std,12.711712837219238
L=32 i2_stride8h64_b64 (Phase-2),data/32Ising_T2.269_hsBignet_i2_stride8h64_b64,32,2.269185314213022,19800,2,8,mera_subsampled,moment_var,161.58763122558594
L=32 i2_stride8h64_b64 (Phase-2),data/32Ising_T2.269_hsBignet_i2_stride8h64_b64,32,2.269185314213022,19800,2,8,mera_subsampled,moment_kurtosis,-1.0364242908045675
L=32 i2_stride8h64_b64 (Phase-2),data/32Ising_T2.269_hsBignet_i2_stride8h64_b64,32,2.269185314213022,19800,2,8,mera_subsampled,moment_skew,-0.0865369854460453
L=32 i2_stride8h64_b64 (Phase-2),data/32Ising_T2.269_hsBignet_i2_stride8h64_b64,32,2.269185314213022,19800,3,4,mera_subsampled,moment_mean,2.664120674133301
L=32 i2_stride8h64_b64 (Phase-2),data/32Ising_T2.269_hsBignet_i2_stride8h64_b64,32,2.269185314213022,19800,3,4,mera_subsampled,moment_std,15.496824264526367
L=32 i2_stride8h64_b64 (Phase-2),data/32Ising_T2.269_hsBignet_i2_stride8h64_b64,32,2.269185314213022,19800,3,4,mera_subsampled,moment_var,240.1515655517578
L=32 i2_stride8h64_b64 (Phase-2),data/32Ising_T2.269_hsBignet_i2_stride8h64_b64,32,2.269185314213022,19800,3,4,mera_subsampled,moment_kurtosis,-1.1301269675715642
L=32 i2_stride8h64_b64 (Phase-2),data/32Ising_T2.269_hsBignet_i2_stride8h64_b64,32,2.269185314213022,19800,3,4,mera_subsampled,moment_skew,-0.16043362300809202
L=32 i2_stride8h64_b64 (Phase-2),data/32Ising_T2.269_hsBignet_i2_stride8h64_b64,32,2.269185314213022,19800,4,2,mera_subsampled,moment_mean,-0.5954580903053284
L=32 i2_stride8h64_b64 (Phase-2),data/32Ising_T2.269_hsBignet_i2_stride8h64_b64,32,2.269185314213022,19800,4,2,mera_subsampled,moment_std,7.321749687194824
L=32 i2_stride8h64_b64 (Phase-2),data/32Ising_T2.269_hsBignet_i2_stride8h64_b64,32,2.269185314213022,19800,4,2,mera_subsampled,moment_var,53.60801696777344
L=32 i2_stride8h64_b64 (Phase-2),data/32Ising_T2.269_hsBignet_i2_stride8h64_b64,32,2.269185314213022,19800,4,2,mera_subsampled,moment_kurtosis,-0.6270840701462124
L=32 i2_stride8h64_b64 (Phase-2),data/32Ising_T2.269_hsBignet_i2_stride8h64_b64,32,2.269185314213022,19800,4,2,mera_subsampled,moment_skew,-0.3862565427284931
L=32 i2_stride8h64_b64 (Phase-2),data/32Ising_T2.269_hsBignet_i2_stride8h64_b64,32,2.269185314213022,19800,5,1,mera_subsampled,moment_mean,-0.15704843401908875
L=32 i2_stride8h64_b64 (Phase-2),data/32Ising_T2.269_hsBignet_i2_stride8h64_b64,32,2.269185314213022,19800,5,1,mera_subsampled,moment_std,5.395112037658691
L=32 i2_stride8h64_b64 (Phase-2),data/32Ising_T2.269_hsBignet_i2_stride8h64_b64,32,2.269185314213022,19800,5,1,mera_subsampled,moment_var,29.10723304748535
L=32 i2_stride8h64_b64 (Phase-2),data/32Ising_T2.269_hsBignet_i2_stride8h64_b64,32,2.269185314213022,19800,5,1,mera_subsampled,moment_kurtosis,-0.5687279113135757
L=32 i2_stride8h64_b64 (Phase-2),data/32Ising_T2.269_hsBignet_i2_stride8h64_b64,32,2.269185314213022,19800,5,1,mera_subsampled,moment_skew,-0.394213172726073
L=32 i2_stride8h64_b64 (Phase-2),data/32Ising_T2.269_hsBignet_i2_stride8h64_b64,32,2.269185314213022,19800,0,32,blockRG,moment_mean,-0.03459131717681885
L=32 i2_stride8h64_b64 (Phase-2),data/32Ising_T2.269_hsBignet_i2_stride8h64_b64,32,2.269185314213022,19800,0,32,blockRG,moment_std,3.50704026222229
L=32 i2_stride8h64_b64 (Phase-2),data/32Ising_T2.269_hsBignet_i2_stride8h64_b64,32,2.269185314213022,19800,0,32,blockRG,moment_var,12.299330711364746
L=32 i2_stride8h64_b64 (Phase-2),data/32Ising_T2.269_hsBignet_i2_stride8h64_b64,32,2.269185314213022,19800,0,32,blockRG,moment_kurtosis,-1.333952273373866
L=32 i2_stride8h64_b64 (Phase-2),data/32Ising_T2.269_hsBignet_i2_stride8h64_b64,32,2.269185314213022,19800,0,32,blockRG,moment_skew,0.015193538311129993
L=32 i2_stride8h64_b64 (Phase-2),data/32Ising_T2.269_hsBignet_i2_stride8h64_b64,32,2.269185314213022,19800,1,16,blockRG,moment_mean,-0.03459132835268974
L=32 i2_stride8h64_b64 (Phase-2),data/32Ising_T2.269_hsBignet_i2_stride8h64_b64,32,2.269185314213022,19800,1,16,blockRG,moment_std,3.178054094314575
L=32 i2_stride8h64_b64 (Phase-2),data/32Ising_T2.269_hsBignet_i2_stride8h64_b64,32,2.269185314213022,19800,1,16,blockRG,moment_var,10.100027084350586
L=32 i2_stride8h64_b64 (Phase-2),data/32Ising_T2.269_hsBignet_i2_stride8h64_b64,32,2.269185314213022,19800,1,16,blockRG,moment_kurtosis,-1.5319216496856525
L=32 i2_stride8h64_b64 (Phase-2),data/32Ising_T2.269_hsBignet_i2_stride8h64_b64,32,2.269185314213022,19800,1,16,blockRG,moment_skew,0.017708419403094918
L=32 i2_stride8h64_b64 (Phase-2),data/32Ising_T2.269_hsBignet_i2_stride8h64_b64,32,2.269185314213022,19800,2,8,blockRG,moment_mean,-0.034591324627399445
L=32 i2_stride8h64_b64 (Phase-2),data/32Ising_T2.269_hsBignet_i2_stride8h64_b64,32,2.269185314213022,19800,2,8,blockRG,moment_std,2.9044411182403564
L=32 i2_stride8h64_b64 (Phase-2),data/32Ising_T2.269_hsBignet_i2_stride8h64_b64,32,2.269185314213022,19800,2,8,blockRG,moment_var,8.435778617858887
L=32 i2_stride8h64_b64 (Phase-2),data/32Ising_T2.269_hsBignet_i2_stride8h64_b64,32,2.269185314213022,19800,2,8,blockRG,moment_kurtosis,-1.6519473292115174
L=32 i2_stride8h64_b64 (Phase-2),data/32Ising_T2.269_hsBignet_i2_stride8h64_b64,32,2.269185314213022,19800,2,8,blockRG,moment_skew,0.020201961672020208
L=32 i2_stride8h64_b64 (Phase-2),data/32Ising_T2.269_hsBignet_i2_stride8h64_b64,32,2.269185314213022,19800,3,4,blockRG,moment_mean,-0.034591320902109146
L=32 i2_stride8h64_b64 (Phase-2),data/32Ising_T2.269_hsBignet_i2_stride8h64_b64,32,2.269185314213022,19800,3,4,blockRG,moment_std,2.6928799152374268
L=32 i2_stride8h64_b64 (Phase-2),data/32Ising_T2.269_hsBignet_i2_stride8h64_b64,32,2.269185314213022,19800,3,4,blockRG,moment_var,7.251602649688721
L=32 i2_stride8h64_b64 (Phase-2),data/32Ising_T2.269_hsBignet_i2_stride8h64_b64,32,2.269185314213022,19800,3,4,blockRG,moment_kurtosis,-1.7200876821647981
L=32 i2_stride8h64_b64 (Phase-2),data/32Ising_T2.269_hsBignet_i2_stride8h64_b64,32,2.269185314213022,19800,3,4,blockRG,moment_skew,0.023164850939309607
L=32 i2_stride8h64_b64 (Phase-2),data/32Ising_T2.269_hsBignet_i2_stride8h64_b64,32,2.269185314213022,19800,4,2,blockRG,moment_mean,-0.03459133207798004
L=32 i2_stride8h64_b64 (Phase-2),data/32Ising_T2.269_hsBignet_i2_stride8h64_b64,32,2.269185314213022,19800,4,2,blockRG,moment_std,2.537604570388794
L=32 i2_stride8h64_b64 (Phase-2),data/32Ising_T2.269_hsBignet_i2_stride8h64_b64,32,2.269185314213022,19800,4,2,blockRG,moment_var,6.439437389373779
L=32 i2_stride8h64_b64 (Phase-2),data/32Ising_T2.269_hsBignet_i2_stride8h64_b64,32,2.269185314213022,19800,4,2,blockRG,moment_kurtosis,-1.7778427325893864
L=32 i2_stride8h64_b64 (Phase-2),data/32Ising_T2.269_hsBignet_i2_stride8h64_b64,32,2.269185314213022,19800,4,2,blockRG,moment_skew,0.02887104909514786
L=32 i2_stride8h64_b64 (Phase-2),data/32Ising_T2.269_hsBignet_i2_stride8h64_b64,32,2.269185314213022,19800,5,1,blockRG,moment_mean,-0.03459133207798004
L=32 i2_stride8h64_b64 (Phase-2),data/32Ising_T2.269_hsBignet_i2_stride8h64_b64,32,2.269185314213022,19800,5,1,blockRG,moment_std,2.4618563652038574
L=32 i2_stride8h64_b64 (Phase-2),data/32Ising_T2.269_hsBignet_i2_stride8h64_b64,32,2.269185314213022,19800,5,1,blockRG,moment_var,6.060737133026123
L=32 i2_stride8h64_b64 (Phase-2),data/32Ising_T2.269_hsBignet_i2_stride8h64_b64,32,2.269185314213022,19800,5,1,blockRG,moment_kurtosis,-1.8368664852056662
L=32 i2_stride8h64_b64 (Phase-2),data/32Ising_T2.269_hsBignet_i2_stride8h64_b64,32,2.269185314213022,19800,5,1,blockRG,moment_skew,0.03380660784540168
L=32 i2_stride8h64_b64 (Phase-2),data/32Ising_T2.269_hsBignet_i2_stride8h64_b64,32,2.269185314213022,19800,0,32,cross,v5_ks,0.004724999999999979
L=32 i2_stride8h64_b64 (Phase-2),data/32Ising_T2.269_hsBignet_i2_stride8h64_b64,32,2.269185314213022,19800,0,32,cross,v5_w1,0.009195985288557855
L=32 i2_stride8h64_b64 (Phase-2),data/32Ising_T2.269_hsBignet_i2_stride8h64_b64,32,2.269185314213022,19800,0,32,cross,v5_rms_g,0.0
L=32 i2_stride8h64_b64 (Phase-2),data/32Ising_T2.269_hsBignet_i2_stride8h64_b64,32,2.269185314213022,19800,1,16,cross,v5_ks,0.11884
L=32 i2_stride8h64_b64 (Phase-2),data/32Ising_T2.269_hsBignet_i2_stride8h64_b64,32,2.269185314213022,19800,1,16,cross,v5_w1,0.2588714178497163
L=32 i2_stride8h64_b64 (Phase-2),data/32Ising_T2.269_hsBignet_i2_stride8h64_b64,32,2.269185314213022,19800,1,16,cross,v5_rms_g,0.14939182996749878
L=32 i2_stride8h64_b64 (Phase-2),data/32Ising_T2.269_hsBignet_i2_stride8h64_b64,32,2.269185314213022,19800,2,8,cross,v5_ks,0.09540624999999997
L=32 i2_stride8h64_b64 (Phase-2),data/32Ising_T2.269_hsBignet_i2_stride8h64_b64,32,2.269185314213022,19800,2,8,cross,v5_w1,0.16197483326293424
L=32 i2_stride8h64_b64 (Phase-2),data/32Ising_T2.269_hsBignet_i2_stride8h64_b64,32,2.269185314213022,19800,2,8,cross,v5_rms_g,0.08641494810581207
L=32 i2_stride8h64_b64 (Phase-2),data/32Ising_T2.269_hsBignet_i2_stride8h64_b64,32,2.269185314213022,19800,3,4,cross,v5_ks,0.10246875
L=32 i2_stride8h64_b64 (Phase-2),data/32Ising_T2.269_hsBignet_i2_stride8h64_b64,32,2.269185314213022,19800,3,4,cross,v5_w1,0.1688920569829143
L=32 i2_stride8h64_b64 (Phase-2),data/32Ising_T2.269_hsBignet_i2_stride8h64_b64,32,2.269185314213022,19800,3,4,cross,v5_rms_g,0.09507085382938385
L=32 i2_stride8h64_b64 (Phase-2),data/32Ising_T2.269_hsBignet_i2_stride8h64_b64,32,2.269185314213022,19800,4,2,cross,v5_ks,0.153625
L=32 i2_stride8h64_b64 (Phase-2),data/32Ising_T2.269_hsBignet_i2_stride8h64_b64,32,2.269185314213022,19800,4,2,cross,v5_w1,0.28556407208373635
L=32 i2_stride8h64_b64 (Phase-2),data/32Ising_T2.269_hsBignet_i2_stride8h64_b64,32,2.269185314213022,19800,4,2,cross,v5_rms_g,nan
L=32 i2_stride8h64_b64 (Phase-2),data/32Ising_T2.269_hsBignet_i2_stride8h64_b64,32,2.269185314213022,19800,5,1,cross,v5_ks,0.1835
L=32 i2_stride8h64_b64 (Phase-2),data/32Ising_T2.269_hsBignet_i2_stride8h64_b64,32,2.269185314213022,19800,5,1,cross,v5_w1,0.3279980536201765
L=32 i2_stride8h64_b64 (Phase-2),data/32Ising_T2.269_hsBignet_i2_stride8h64_b64,32,2.269185314213022,19800,5,1,cross,v5_rms_g,nan
L=64 i2_stride8h32_b16 (Phase-2),data/64Ising_T2.269_hsBignet_i2_stride8h32_b16,64,2.269185314213022,19800,0,64,mera_subsampled,moment_mean,-0.01689569093286991
L=64 i2_stride8h32_b16 (Phase-2),data/64Ising_T2.269_hsBignet_i2_stride8h32_b16,64,2.269185314213022,19800,0,64,mera_subsampled,moment_std,3.5013132095336914
L=64 i2_stride8h32_b16 (Phase-2),data/64Ising_T2.269_hsBignet_i2_stride8h32_b16,64,2.269185314213022,19800,0,64,mera_subsampled,moment_var,12.259194374084473
L=64 i2_stride8h32_b16 (Phase-2),data/64Ising_T2.269_hsBignet_i2_stride8h32_b16,64,2.269185314213022,19800,0,64,mera_subsampled,moment_kurtosis,-1.3322957467744365
L=64 i2_stride8h32_b16 (Phase-2),data/64Ising_T2.269_hsBignet_i2_stride8h32_b16,64,2.269185314213022,19800,0,64,mera_subsampled,moment_skew,0.007592712038213583
L=64 i2_stride8h32_b16 (Phase-2),data/64Ising_T2.269_hsBignet_i2_stride8h32_b16,64,2.269185314213022,19800,1,32,mera_subsampled,moment_mean,3.2795181274414062
L=64 i2_stride8h32_b16 (Phase-2),data/64Ising_T2.269_hsBignet_i2_stride8h32_b16,64,2.269185314213022,19800,1,32,mera_subsampled,moment_std,15.526656150817871
L=64 i2_stride8h32_b16 (Phase-2),data/64Ising_T2.269_hsBignet_i2_stride8h32_b16,64,2.269185314213022,19800,1,32,mera_subsampled,moment_var,241.07704162597656
L=64 i2_stride8h32_b16 (Phase-2),data/64Ising_T2.269_hsBignet_i2_stride8h32_b16,64,2.269185314213022,19800,1,32,mera_subsampled,moment_kurtosis,-0.9679504970089869
L=64 i2_stride8h32_b16 (Phase-2),data/64Ising_T2.269_hsBignet_i2_stride8h32_b16,64,2.269185314213022,19800,1,32,mera_subsampled,moment_skew,0.16367658285167835
L=64 i2_stride8h32_b16 (Phase-2),data/64Ising_T2.269_hsBignet_i2_stride8h32_b16,64,2.269185314213022,19800,2,16,mera_subsampled,moment_mean,25.242300033569336
L=64 i2_stride8h32_b16 (Phase-2),data/64Ising_T2.269_hsBignet_i2_stride8h32_b16,64,2.269185314213022,19800,2,16,mera_subsampled,moment_std,45.291526794433594
L=64 i2_stride8h32_b16 (Phase-2),data/64Ising_T2.269_hsBignet_i2_stride8h32_b16,64,2.269185314213022,19800,2,16,mera_subsampled,moment_var,2051.322265625
L=64 i2_stride8h32_b16 (Phase-2),data/64Ising_T2.269_hsBignet_i2_stride8h32_b16,64,2.269185314213022,19800,2,16,mera_subsampled,moment_kurtosis,-0.9489113932956896
L=64 i2_stride8h32_b16 (Phase-2),data/64Ising_T2.269_hsBignet_i2_stride8h32_b16,64,2.269185314213022,19800,2,16,mera_subsampled,moment_skew,0.49426004977099797
L=64 i2_stride8h32_b16 (Phase-2),data/64Ising_T2.269_hsBignet_i2_stride8h32_b16,64,2.269185314213022,19800,3,8,mera_subsampled,moment_mean,13.178890228271484
L=64 i2_stride8h32_b16 (Phase-2),data/64Ising_T2.269_hsBignet_i2_stride8h32_b16,64,2.269185314213022,19800,3,8,mera_subsampled,moment_std,24.216718673706055
L=64 i2_stride8h32_b16 (Phase-2),data/64Ising_T2.269_hsBignet_i2_stride8h32_b16,64,2.269185314213022,19800,3,8,mera_subsampled,moment_var,586.449462890625
L=64 i2_stride8h32_b16 (Phase-2),data/64Ising_T2.269_hsBignet_i2_stride8h32_b16,64,2.269185314213022,19800,3,8,mera_subsampled,moment_kurtosis,-0.9263338175271931
L=64 i2_stride8h32_b16 (Phase-2),data/64Ising_T2.269_hsBignet_i2_stride8h32_b16,64,2.269185314213022,19800,3,8,mera_subsampled,moment_skew,0.4547634762549416
L=64 i2_stride8h32_b16 (Phase-2),data/64Ising_T2.269_hsBignet_i2_stride8h32_b16,64,2.269185314213022,19800,4,4,mera_subsampled,moment_mean,11.81222915649414
L=64 i2_stride8h32_b16 (Phase-2),data/64Ising_T2.269_hsBignet_i2_stride8h32_b16,64,2.269185314213022,19800,4,4,mera_subsampled,moment_std,23.33241844177246
L=64 i2_stride8h32_b16 (Phase-2),data/64Ising_T2.269_hsBignet_i2_stride8h32_b16,64,2.269185314213022,19800,4,4,mera_subsampled,moment_var,544.4017944335938
L=64 i2_stride8h32_b16 (Phase-2),data/64Ising_T2.269_hsBignet_i2_stride8h32_b16,64,2.269185314213022,19800,4,4,mera_subsampled,moment_kurtosis,-1.0768283664761484
L=64 i2_stride8h32_b16 (Phase-2),data/64Ising_T2.269_hsBignet_i2_stride8h32_b16,64,2.269185314213022,19800,4,4,mera_subsampled,moment_skew,0.36797193302206915
L=64 i2_stride8h32_b16 (Phase-2),data/64Ising_T2.269_hsBignet_i2_stride8h32_b16,64,2.269185314213022,19800,5,2,mera_subsampled,moment_mean,2.499605178833008
L=64 i2_stride8h32_b16 (Phase-2),data/64Ising_T2.269_hsBignet_i2_stride8h32_b16,64,2.269185314213022,19800,5,2,mera_subsampled,moment_std,10.830860137939453
L=64 i2_stride8h32_b16 (Phase-2),data/64Ising_T2.269_hsBignet_i2_stride8h32_b16,64,2.269185314213022,19800,5,2,mera_subsampled,moment_var,117.30752563476562
L=64 i2_stride8h32_b16 (Phase-2),data/64Ising_T2.269_hsBignet_i2_stride8h32_b16,64,2.269185314213022,19800,5,2,mera_subsampled,moment_kurtosis,-0.9828291333966943
L=64 i2_stride8h32_b16 (Phase-2),data/64Ising_T2.269_hsBignet_i2_stride8h32_b16,64,2.269185314213022,19800,5,2,mera_subsampled,moment_skew,0.10402132034359693
L=64 i2_stride8h32_b16 (Phase-2),data/64Ising_T2.269_hsBignet_i2_stride8h32_b16,64,2.269185314213022,19800,6,1,mera_subsampled,moment_mean,1.6516938209533691
L=64 i2_stride8h32_b16 (Phase-2),data/64Ising_T2.269_hsBignet_i2_stride8h32_b16,64,2.269185314213022,19800,6,1,mera_subsampled,moment_std,7.501425266265869
L=64 i2_stride8h32_b16 (Phase-2),data/64Ising_T2.269_hsBignet_i2_stride8h32_b16,64,2.269185314213022,19800,6,1,mera_subsampled,moment_var,56.27138137817383
L=64 i2_stride8h32_b16 (Phase-2),data/64Ising_T2.269_hsBignet_i2_stride8h32_b16,64,2.269185314213022,19800,6,1,mera_subsampled,moment_kurtosis,-0.998805447131379
L=64 i2_stride8h32_b16 (Phase-2),data/64Ising_T2.269_hsBignet_i2_stride8h32_b16,64,2.269185314213022,19800,6,1,mera_subsampled,moment_skew,0.11516891990135726
L=64 i2_stride8h32_b16 (Phase-2),data/64Ising_T2.269_hsBignet_i2_stride8h32_b16,64,2.269185314213022,19800,0,64,blockRG,moment_mean,-0.01689569093286991
L=64 i2_stride8h32_b16 (Phase-2),data/64Ising_T2.269_hsBignet_i2_stride8h32_b16,64,2.269185314213022,19800,0,64,blockRG,moment_std,3.5013132095336914
L=64 i2_stride8h32_b16 (Phase-2),data/64Ising_T2.269_hsBignet_i2_stride8h32_b16,64,2.269185314213022,19800,0,64,blockRG,moment_var,12.259194374084473
L=64 i2_stride8h32_b16 (Phase-2),data/64Ising_T2.269_hsBignet_i2_stride8h32_b16,64,2.269185314213022,19800,0,64,blockRG,moment_kurtosis,-1.3322957467744365
L=64 i2_stride8h32_b16 (Phase-2),data/64Ising_T2.269_hsBignet_i2_stride8h32_b16,64,2.269185314213022,19800,0,64,blockRG,moment_skew,0.007592712038213583
L=64 i2_stride8h32_b16 (Phase-2),data/64Ising_T2.269_hsBignet_i2_stride8h32_b16,64,2.269185314213022,19800,1,32,blockRG,moment_mean,-0.01689569465816021
L=64 i2_stride8h32_b16 (Phase-2),data/64Ising_T2.269_hsBignet_i2_stride8h32_b16,64,2.269185314213022,19800,1,32,blockRG,moment_std,3.1695361137390137
L=64 i2_stride8h32_b16 (Phase-2),data/64Ising_T2.269_hsBignet_i2_stride8h32_b16,64,2.269185314213022,19800,1,32,blockRG,moment_var,10.045958518981934
L=64 i2_stride8h32_b16 (Phase-2),data/64Ising_T2.269_hsBignet_i2_stride8h32_b16,64,2.269185314213022,19800,1,32,blockRG,moment_kurtosis,-1.5261650073356092
L=64 i2_stride8h32_b16 (Phase-2),data/64Ising_T2.269_hsBignet_i2_stride8h32_b16,64,2.269185314213022,19800,1,32,blockRG,moment_skew,0.008613123990872324
L=64 i2_stride8h32_b16 (Phase-2),data/64Ising_T2.269_hsBignet_i2_stride8h32_b16,64,2.269185314213022,19800,2,16,blockRG,moment_mean,-0.016895700246095657
L=64 i2_stride8h32_b16 (Phase-2),data/64Ising_T2.269_hsBignet_i2_stride8h32_b16,64,2.269185314213022,19800,2,16,blockRG,moment_std,2.8879222869873047
L=64 i2_stride8h32_b16 (Phase-2),data/64Ising_T2.269_hsBignet_i2_stride8h32_b16,64,2.269185314213022,19800,2,16,blockRG,moment_var,8.340094566345215
L=64 i2_stride8h32_b16 (Phase-2),data/64Ising_T2.269_hsBignet_i2_stride8h32_b16,64,2.269185314213022,19800,2,16,blockRG,moment_kurtosis,-1.641517030003369
L=64 i2_stride8h32_b16 (Phase-2),data/64Ising_T2.269_hsBignet_i2_stride8h32_b16,64,2.269185314213022,19800,2,16,blockRG,moment_skew,0.009944519520017259
L=64 i2_stride8h32_b16 (Phase-2),data/64Ising_T2.269_hsBignet_i2_stride8h32_b16,64,2.269185314213022,19800,3,8,blockRG,moment_mean,-0.016895702108740807
L=64 i2_stride8h32_b16 (Phase-2),data/64Ising_T2.269_hsBignet_i2_stride8h32_b16,64,2.269185314213022,19800,3,8,blockRG,moment_std,2.6576743125915527
L=64 i2_stride8h32_b16 (Phase-2),data/64Ising_T2.269_hsBignet_i2_stride8h32_b16,64,2.269185314213022,19800,3,8,blockRG,moment_var,7.063232421875
L=64 i2_stride8h32_b16 (Phase-2),data/64Ising_T2.269_hsBignet_i2_stride8h32_b16,64,2.269185314213022,19800,3,8,blockRG,moment_kurtosis,-1.6921270765079353
L=64 i2_stride8h32_b16 (Phase-2),data/64Ising_T2.269_hsBignet_i2_stride8h32_b16,64,2.269185314213022,19800,3,8,blockRG,moment_skew,0.011755510912779044
L=64 i2_stride8h32_b16 (Phase-2),data/64Ising_T2.269_hsBignet_i2_stride8h32_b16,64,2.269185314213022,19800,4,4,blockRG,moment_mean,-0.016895698383450508
L=64 i2_stride8h32_b16 (Phase-2),data/64Ising_T2.269_hsBignet_i2_stride8h32_b16,64,2.269185314213022,19800,4,4,blockRG,moment_std,2.472313165664673
L=64 i2_stride8h32_b16 (Phase-2),data/64Ising_T2.269_hsBignet_i2_stride8h32_b16,64,2.269185314213022,19800,4,4,blockRG,moment_var,6.112332344055176
L=64 i2_stride8h32_b16 (Phase-2),data/64Ising_T2.269_hsBignet_i2_stride8h32_b16,64,2.269185314213022,19800,4,4,blockRG,moment_kurtosis,-1.7318575697353762
L=64 i2_stride8h32_b16 (Phase-2),data/64Ising_T2.269_hsBignet_i2_stride8h32_b16,64,2.269185314213022,19800,4,4,blockRG,moment_skew,0.010836778896408076
L=64 i2_stride8h32_b16 (Phase-2),data/64Ising_T2.269_hsBignet_i2_stride8h32_b16,64,2.269185314213022,19800,5,2,blockRG,moment_mean,-0.016895702108740807
L=64 i2_stride8h32_b16 (Phase-2),data/64Ising_T2.269_hsBignet_i2_stride8h32_b16,64,2.269185314213022,19800,5,2,blockRG,moment_std,2.331963539123535
L=64 i2_stride8h32_b16 (Phase-2),data/64Ising_T2.269_hsBignet_i2_stride8h32_b16,64,2.269185314213022,19800,5,2,blockRG,moment_var,5.438053607940674
L=64 i2_stride8h32_b16 (Phase-2),data/64Ising_T2.269_hsBignet_i2_stride8h32_b16,64,2.269185314213022,19800,5,2,blockRG,moment_kurtosis,-1.7846850833554164
L=64 i2_stride8h32_b16 (Phase-2),data/64Ising_T2.269_hsBignet_i2_stride8h32_b16,64,2.269185314213022,19800,5,2,blockRG,moment_skew,0.01059472630841828
L=64 i2_stride8h32_b16 (Phase-2),data/64Ising_T2.269_hsBignet_i2_stride8h32_b16,64,2.269185314213022,19800,6,1,blockRG,moment_mean,-0.01689569465816021
L=64 i2_stride8h32_b16 (Phase-2),data/64Ising_T2.269_hsBignet_i2_stride8h32_b16,64,2.269185314213022,19800,6,1,blockRG,moment_std,2.267432689666748
L=64 i2_stride8h32_b16 (Phase-2),data/64Ising_T2.269_hsBignet_i2_stride8h32_b16,64,2.269185314213022,19800,6,1,blockRG,moment_var,5.141251087188721
L=64 i2_stride8h32_b16 (Phase-2),data/64Ising_T2.269_hsBignet_i2_stride8h32_b16,64,2.269185314213022,19800,6,1,blockRG,moment_kurtosis,-1.846679190382867
L=64 i2_stride8h32_b16 (Phase-2),data/64Ising_T2.269_hsBignet_i2_stride8h32_b16,64,2.269185314213022,19800,6,1,blockRG,moment_skew,0.006558048042675441
L=64 i2_stride8h32_b16 (Phase-2),data/64Ising_T2.269_hsBignet_i2_stride8h32_b16,64,2.269185314213022,19800,0,64,cross,v5_ks,0.003970000000000001
L=64 i2_stride8h32_b16 (Phase-2),data/64Ising_T2.269_hsBignet_i2_stride8h32_b16,64,2.269185314213022,19800,0,64,cross,v5_w1,0.009729056270474028
L=64 i2_stride8h32_b16 (Phase-2),data/64Ising_T2.269_hsBignet_i2_stride8h32_b16,64,2.269185314213022,19800,0,64,cross,v5_rms_g,0.0
L=64 i2_stride8h32_b16 (Phase-2),data/64Ising_T2.269_hsBignet_i2_stride8h32_b16,64,2.269185314213022,19800,1,32,cross,v5_ks,0.06981000000000004
L=64 i2_stride8h32_b16 (Phase-2),data/64Ising_T2.269_hsBignet_i2_stride8h32_b16,64,2.269185314213022,19800,1,32,cross,v5_w1,0.13618092454504116
L=64 i2_stride8h32_b16 (Phase-2),data/64Ising_T2.269_hsBignet_i2_stride8h32_b16,64,2.269185314213022,19800,1,32,cross,v5_rms_g,0.09231758117675781
L=64 i2_stride8h32_b16 (Phase-2),data/64Ising_T2.269_hsBignet_i2_stride8h32_b16,64,2.269185314213022,19800,2,16,cross,v5_ks,0.09420500000000001
L=64 i2_stride8h32_b16 (Phase-2),data/64Ising_T2.269_hsBignet_i2_stride8h32_b16,64,2.269185314213022,19800,2,16,cross,v5_w1,0.2022498825246556
L=64 i2_stride8h32_b16 (Phase-2),data/64Ising_T2.269_hsBignet_i2_stride8h32_b16,64,2.269185314213022,19800,2,16,cross,v5_rms_g,0.023687688633799553
L=64 i2_stride8h32_b16 (Phase-2),data/64Ising_T2.269_hsBignet_i2_stride8h32_b16,64,2.269185314213022,19800,3,8,cross,v5_ks,0.10107812499999991
L=64 i2_stride8h32_b16 (Phase-2),data/64Ising_T2.269_hsBignet_i2_stride8h32_b16,64,2.269185314213022,19800,3,8,cross,v5_w1,0.19450971686809942
L=64 i2_stride8h32_b16 (Phase-2),data/64Ising_T2.269_hsBignet_i2_stride8h32_b16,64,2.269185314213022,19800,3,8,cross,v5_rms_g,0.031299665570259094
L=64 i2_stride8h32_b16 (Phase-2),data/64Ising_T2.269_hsBignet_i2_stride8h32_b16,64,2.269185314213022,19800,4,4,cross,v5_ks,0.10684375000000002
L=64 i2_stride8h32_b16 (Phase-2),data/64Ising_T2.269_hsBignet_i2_stride8h32_b16,64,2.269185314213022,19800,4,4,cross,v5_w1,0.1781964929646188
L=64 i2_stride8h32_b16 (Phase-2),data/64Ising_T2.269_hsBignet_i2_stride8h32_b16,64,2.269185314213022,19800,4,4,cross,v5_rms_g,0.06543528288602829
L=64 i2_stride8h32_b16 (Phase-2),data/64Ising_T2.269_hsBignet_i2_stride8h32_b16,64,2.269185314213022,19800,5,2,cross,v5_ks,0.1355
L=64 i2_stride8h32_b16 (Phase-2),data/64Ising_T2.269_hsBignet_i2_stride8h32_b16,64,2.269185314213022,19800,5,2,cross,v5_w1,0.2335883792536615
L=64 i2_stride8h32_b16 (Phase-2),data/64Ising_T2.269_hsBignet_i2_stride8h32_b16,64,2.269185314213022,19800,5,2,cross,v5_rms_g,nan
L=64 i2_stride8h32_b16 (Phase-2),data/64Ising_T2.269_hsBignet_i2_stride8h32_b16,64,2.269185314213022,19800,6,1,cross,v5_ks,0.154
L=64 i2_stride8h32_b16 (Phase-2),data/64Ising_T2.269_hsBignet_i2_stride8h32_b16,64,2.269185314213022,19800,6,1,cross,v5_w1,0.2604833284521592
L=64 i2_stride8h32_b16 (Phase-2),data/64Ising_T2.269_hsBignet_i2_stride8h32_b16,64,2.269185314213022,19800,6,1,cross,v5_rms_g,nan
L=64 i2_stride4h32_b16 (Phase-2),data/64Ising_T2.269_hsBignet_i2_stride4h32_b16,64,2.269185314213022,19800,0,64,mera_subsampled,moment_mean,-0.01689569093286991
L=64 i2_stride4h32_b16 (Phase-2),data/64Ising_T2.269_hsBignet_i2_stride4h32_b16,64,2.269185314213022,19800,0,64,mera_subsampled,moment_std,3.5013132095336914
L=64 i2_stride4h32_b16 (Phase-2),data/64Ising_T2.269_hsBignet_i2_stride4h32_b16,64,2.269185314213022,19800,0,64,mera_subsampled,moment_var,12.259194374084473
L=64 i2_stride4h32_b16 (Phase-2),data/64Ising_T2.269_hsBignet_i2_stride4h32_b16,64,2.269185314213022,19800,0,64,mera_subsampled,moment_kurtosis,-1.3322957467744365
L=64 i2_stride4h32_b16 (Phase-2),data/64Ising_T2.269_hsBignet_i2_stride4h32_b16,64,2.269185314213022,19800,0,64,mera_subsampled,moment_skew,0.007592712038213583
L=64 i2_stride4h32_b16 (Phase-2),data/64Ising_T2.269_hsBignet_i2_stride4h32_b16,64,2.269185314213022,19800,1,32,mera_subsampled,moment_mean,-0.4978221654891968
L=64 i2_stride4h32_b16 (Phase-2),data/64Ising_T2.269_hsBignet_i2_stride4h32_b16,64,2.269185314213022,19800,1,32,mera_subsampled,moment_std,8.490118980407715
L=64 i2_stride4h32_b16 (Phase-2),data/64Ising_T2.269_hsBignet_i2_stride4h32_b16,64,2.269185314213022,19800,1,32,mera_subsampled,moment_var,72.08211517333984
L=64 i2_stride4h32_b16 (Phase-2),data/64Ising_T2.269_hsBignet_i2_stride4h32_b16,64,2.269185314213022,19800,1,32,mera_subsampled,moment_kurtosis,-0.5757657794183082
L=64 i2_stride4h32_b16 (Phase-2),data/64Ising_T2.269_hsBignet_i2_stride4h32_b16,64,2.269185314213022,19800,1,32,mera_subsampled,moment_skew,0.17137542344669793
L=64 i2_stride4h32_b16 (Phase-2),data/64Ising_T2.269_hsBignet_i2_stride4h32_b16,64,2.269185314213022,19800,2,16,mera_subsampled,moment_mean,-3.421322822570801
L=64 i2_stride4h32_b16 (Phase-2),data/64Ising_T2.269_hsBignet_i2_stride4h32_b16,64,2.269185314213022,19800,2,16,mera_subsampled,moment_std,8.4619140625
L=64 i2_stride4h32_b16 (Phase-2),data/64Ising_T2.269_hsBignet_i2_stride4h32_b16,64,2.269185314213022,19800,2,16,mera_subsampled,moment_var,71.60398864746094
L=64 i2_stride4h32_b16 (Phase-2),data/64Ising_T2.269_hsBignet_i2_stride4h32_b16,64,2.269185314213022,19800,2,16,mera_subsampled,moment_kurtosis,-0.7562487853112545
L=64 i2_stride4h32_b16 (Phase-2),data/64Ising_T2.269_hsBignet_i2_stride4h32_b16,64,2.269185314213022,19800,2,16,mera_subsampled,moment_skew,-0.009631477668148387
L=64 i2_stride4h32_b16 (Phase-2),data/64Ising_T2.269_hsBignet_i2_stride4h32_b16,64,2.269185314213022,19800,3,8,mera_subsampled,moment_mean,-2.883150577545166
L=64 i2_stride4h32_b16 (Phase-2),data/64Ising_T2.269_hsBignet_i2_stride4h32_b16,64,2.269185314213022,19800,3,8,mera_subsampled,moment_std,8.29716968536377
L=64 i2_stride4h32_b16 (Phase-2),data/64Ising_T2.269_hsBignet_i2_stride4h32_b16,64,2.269185314213022,19800,3,8,mera_subsampled,moment_var,68.843017578125
L=64 i2_stride4h32_b16 (Phase-2),data/64Ising_T2.269_hsBignet_i2_stride4h32_b16,64,2.269185314213022,19800,3,8,mera_subsampled,moment_kurtosis,-0.9238766780841363
L=64 i2_stride4h32_b16 (Phase-2),data/64Ising_T2.269_hsBignet_i2_stride4h32_b16,64,2.269185314213022,19800,3,8,mera_subsampled,moment_skew,-0.0535185535791528
L=64 i2_stride4h32_b16 (Phase-2),data/64Ising_T2.269_hsBignet_i2_stride4h32_b16,64,2.269185314213022,19800,4,4,mera_subsampled,moment_mean,-2.797279119491577
L=64 i2_stride4h32_b16 (Phase-2),data/64Ising_T2.269_hsBignet_i2_stride4h32_b16,64,2.269185314213022,19800,4,4,mera_subsampled,moment_std,9.204227447509766
L=64 i2_stride4h32_b16 (Phase-2),data/64Ising_T2.269_hsBignet_i2_stride4h32_b16,64,2.269185314213022,19800,4,4,mera_subsampled,moment_var,84.71781158447266
L=64 i2_stride4h32_b16 (Phase-2),data/64Ising_T2.269_hsBignet_i2_stride4h32_b16,64,2.269185314213022,19800,4,4,mera_subsampled,moment_kurtosis,-1.233907821815773
L=64 i2_stride4h32_b16 (Phase-2),data/64Ising_T2.269_hsBignet_i2_stride4h32_b16,64,2.269185314213022,19800,4,4,mera_subsampled,moment_skew,0.11913829517179061
L=64 i2_stride4h32_b16 (Phase-2),data/64Ising_T2.269_hsBignet_i2_stride4h32_b16,64,2.269185314213022,19800,5,2,mera_subsampled,moment_mean,-0.325147420167923
L=64 i2_stride4h32_b16 (Phase-2),data/64Ising_T2.269_hsBignet_i2_stride4h32_b16,64,2.269185314213022,19800,5,2,mera_subsampled,moment_std,4.5901312828063965
L=64 i2_stride4h32_b16 (Phase-2),data/64Ising_T2.269_hsBignet_i2_stride4h32_b16,64,2.269185314213022,19800,5,2,mera_subsampled,moment_var,21.069303512573242
L=64 i2_stride4h32_b16 (Phase-2),data/64Ising_T2.269_hsBignet_i2_stride4h32_b16,64,2.269185314213022,19800,5,2,mera_subsampled,moment_kurtosis,-0.8579444140076236
L=64 i2_stride4h32_b16 (Phase-2),data/64Ising_T2.269_hsBignet_i2_stride4h32_b16,64,2.269185314213022,19800,5,2,mera_subsampled,moment_skew,0.27275640158583564
L=64 i2_stride4h32_b16 (Phase-2),data/64Ising_T2.269_hsBignet_i2_stride4h32_b16,64,2.269185314213022,19800,6,1,mera_subsampled,moment_mean,-0.6019060015678406
L=64 i2_stride4h32_b16 (Phase-2),data/64Ising_T2.269_hsBignet_i2_stride4h32_b16,64,2.269185314213022,19800,6,1,mera_subsampled,moment_std,3.5627379417419434
L=64 i2_stride4h32_b16 (Phase-2),data/64Ising_T2.269_hsBignet_i2_stride4h32_b16,64,2.269185314213022,19800,6,1,mera_subsampled,moment_var,12.69310188293457
L=64 i2_stride4h32_b16 (Phase-2),data/64Ising_T2.269_hsBignet_i2_stride4h32_b16,64,2.269185314213022,19800,6,1,mera_subsampled,moment_kurtosis,-0.89255635630456
L=64 i2_stride4h32_b16 (Phase-2),data/64Ising_T2.269_hsBignet_i2_stride4h32_b16,64,2.269185314213022,19800,6,1,mera_subsampled,moment_skew,0.2541881313986925
L=64 i2_stride4h32_b16 (Phase-2),data/64Ising_T2.269_hsBignet_i2_stride4h32_b16,64,2.269185314213022,19800,0,64,blockRG,moment_mean,-0.01689569093286991
L=64 i2_stride4h32_b16 (Phase-2),data/64Ising_T2.269_hsBignet_i2_stride4h32_b16,64,2.269185314213022,19800,0,64,blockRG,moment_std,3.5013132095336914
L=64 i2_stride4h32_b16 (Phase-2),data/64Ising_T2.269_hsBignet_i2_stride4h32_b16,64,2.269185314213022,19800,0,64,blockRG,moment_var,12.259194374084473
L=64 i2_stride4h32_b16 (Phase-2),data/64Ising_T2.269_hsBignet_i2_stride4h32_b16,64,2.269185314213022,19800,0,64,blockRG,moment_kurtosis,-1.3322957467744365
L=64 i2_stride4h32_b16 (Phase-2),data/64Ising_T2.269_hsBignet_i2_stride4h32_b16,64,2.269185314213022,19800,0,64,blockRG,moment_skew,0.007592712038213583
L=64 i2_stride4h32_b16 (Phase-2),data/64Ising_T2.269_hsBignet_i2_stride4h32_b16,64,2.269185314213022,19800,1,32,blockRG,moment_mean,-0.01689569465816021
L=64 i2_stride4h32_b16 (Phase-2),data/64Ising_T2.269_hsBignet_i2_stride4h32_b16,64,2.269185314213022,19800,1,32,blockRG,moment_std,3.1695361137390137
L=64 i2_stride4h32_b16 (Phase-2),data/64Ising_T2.269_hsBignet_i2_stride4h32_b16,64,2.269185314213022,19800,1,32,blockRG,moment_var,10.045958518981934
L=64 i2_stride4h32_b16 (Phase-2),data/64Ising_T2.269_hsBignet_i2_stride4h32_b16,64,2.269185314213022,19800,1,32,blockRG,moment_kurtosis,-1.5261650073356092
L=64 i2_stride4h32_b16 (Phase-2),data/64Ising_T2.269_hsBignet_i2_stride4h32_b16,64,2.269185314213022,19800,1,32,blockRG,moment_skew,0.008613123990872324
L=64 i2_stride4h32_b16 (Phase-2),data/64Ising_T2.269_hsBignet_i2_stride4h32_b16,64,2.269185314213022,19800,2,16,blockRG,moment_mean,-0.016895700246095657
L=64 i2_stride4h32_b16 (Phase-2),data/64Ising_T2.269_hsBignet_i2_stride4h32_b16,64,2.269185314213022,19800,2,16,blockRG,moment_std,2.8879222869873047
L=64 i2_stride4h32_b16 (Phase-2),data/64Ising_T2.269_hsBignet_i2_stride4h32_b16,64,2.269185314213022,19800,2,16,blockRG,moment_var,8.340094566345215
L=64 i2_stride4h32_b16 (Phase-2),data/64Ising_T2.269_hsBignet_i2_stride4h32_b16,64,2.269185314213022,19800,2,16,blockRG,moment_kurtosis,-1.641517030003369
L=64 i2_stride4h32_b16 (Phase-2),data/64Ising_T2.269_hsBignet_i2_stride4h32_b16,64,2.269185314213022,19800,2,16,blockRG,moment_skew,0.009944519520017259
L=64 i2_stride4h32_b16 (Phase-2),data/64Ising_T2.269_hsBignet_i2_stride4h32_b16,64,2.269185314213022,19800,3,8,blockRG,moment_mean,-0.016895702108740807
L=64 i2_stride4h32_b16 (Phase-2),data/64Ising_T2.269_hsBignet_i2_stride4h32_b16,64,2.269185314213022,19800,3,8,blockRG,moment_std,2.6576743125915527
L=64 i2_stride4h32_b16 (Phase-2),data/64Ising_T2.269_hsBignet_i2_stride4h32_b16,64,2.269185314213022,19800,3,8,blockRG,moment_var,7.063232421875
L=64 i2_stride4h32_b16 (Phase-2),data/64Ising_T2.269_hsBignet_i2_stride4h32_b16,64,2.269185314213022,19800,3,8,blockRG,moment_kurtosis,-1.6921270765079353
L=64 i2_stride4h32_b16 (Phase-2),data/64Ising_T2.269_hsBignet_i2_stride4h32_b16,64,2.269185314213022,19800,3,8,blockRG,moment_skew,0.011755510912779044
L=64 i2_stride4h32_b16 (Phase-2),data/64Ising_T2.269_hsBignet_i2_stride4h32_b16,64,2.269185314213022,19800,4,4,blockRG,moment_mean,-0.016895698383450508
L=64 i2_stride4h32_b16 (Phase-2),data/64Ising_T2.269_hsBignet_i2_stride4h32_b16,64,2.269185314213022,19800,4,4,blockRG,moment_std,2.472313165664673
L=64 i2_stride4h32_b16 (Phase-2),data/64Ising_T2.269_hsBignet_i2_stride4h32_b16,64,2.269185314213022,19800,4,4,blockRG,moment_var,6.112332344055176
L=64 i2_stride4h32_b16 (Phase-2),data/64Ising_T2.269_hsBignet_i2_stride4h32_b16,64,2.269185314213022,19800,4,4,blockRG,moment_kurtosis,-1.7318575697353762
L=64 i2_stride4h32_b16 (Phase-2),data/64Ising_T2.269_hsBignet_i2_stride4h32_b16,64,2.269185314213022,19800,4,4,blockRG,moment_skew,0.010836778896408076
L=64 i2_stride4h32_b16 (Phase-2),data/64Ising_T2.269_hsBignet_i2_stride4h32_b16,64,2.269185314213022,19800,5,2,blockRG,moment_mean,-0.016895702108740807
L=64 i2_stride4h32_b16 (Phase-2),data/64Ising_T2.269_hsBignet_i2_stride4h32_b16,64,2.269185314213022,19800,5,2,blockRG,moment_std,2.331963539123535
L=64 i2_stride4h32_b16 (Phase-2),data/64Ising_T2.269_hsBignet_i2_stride4h32_b16,64,2.269185314213022,19800,5,2,blockRG,moment_var,5.438053607940674
L=64 i2_stride4h32_b16 (Phase-2),data/64Ising_T2.269_hsBignet_i2_stride4h32_b16,64,2.269185314213022,19800,5,2,blockRG,moment_kurtosis,-1.7846850833554164
L=64 i2_stride4h32_b16 (Phase-2),data/64Ising_T2.269_hsBignet_i2_stride4h32_b16,64,2.269185314213022,19800,5,2,blockRG,moment_skew,0.01059472630841828
L=64 i2_stride4h32_b16 (Phase-2),data/64Ising_T2.269_hsBignet_i2_stride4h32_b16,64,2.269185314213022,19800,6,1,blockRG,moment_mean,-0.01689569465816021
L=64 i2_stride4h32_b16 (Phase-2),data/64Ising_T2.269_hsBignet_i2_stride4h32_b16,64,2.269185314213022,19800,6,1,blockRG,moment_std,2.267432689666748
L=64 i2_stride4h32_b16 (Phase-2),data/64Ising_T2.269_hsBignet_i2_stride4h32_b16,64,2.269185314213022,19800,6,1,blockRG,moment_var,5.141251087188721
L=64 i2_stride4h32_b16 (Phase-2),data/64Ising_T2.269_hsBignet_i2_stride4h32_b16,64,2.269185314213022,19800,6,1,blockRG,moment_kurtosis,-1.846679190382867
L=64 i2_stride4h32_b16 (Phase-2),data/64Ising_T2.269_hsBignet_i2_stride4h32_b16,64,2.269185314213022,19800,6,1,blockRG,moment_skew,0.006558048042675441
L=64 i2_stride4h32_b16 (Phase-2),data/64Ising_T2.269_hsBignet_i2_stride4h32_b16,64,2.269185314213022,19800,0,64,cross,v5_ks,0.003970000000000001
L=64 i2_stride4h32_b16 (Phase-2),data/64Ising_T2.269_hsBignet_i2_stride4h32_b16,64,2.269185314213022,19800,0,64,cross,v5_w1,0.009729056270474028
L=64 i2_stride4h32_b16 (Phase-2),data/64Ising_T2.269_hsBignet_i2_stride4h32_b16,64,2.269185314213022,19800,0,64,cross,v5_rms_g,0.0
L=64 i2_stride4h32_b16 (Phase-2),data/64Ising_T2.269_hsBignet_i2_stride4h32_b16,64,2.269185314213022,19800,1,32,cross,v5_ks,0.08795999999999998
L=64 i2_stride4h32_b16 (Phase-2),data/64Ising_T2.269_hsBignet_i2_stride4h32_b16,64,2.269185314213022,19800,1,32,cross,v5_w1,0.17109549449849437
L=64 i2_stride4h32_b16 (Phase-2),data/64Ising_T2.269_hsBignet_i2_stride4h32_b16,64,2.269185314213022,19800,1,32,cross,v5_rms_g,0.16215012967586517
L=64 i2_stride4h32_b16 (Phase-2),data/64Ising_T2.269_hsBignet_i2_stride4h32_b16,64,2.269185314213022,19800,2,16,cross,v5_ks,0.09632000000000007
L=64 i2_stride4h32_b16 (Phase-2),data/64Ising_T2.269_hsBignet_i2_stride4h32_b16,64,2.269185314213022,19800,2,16,cross,v5_w1,0.1687669233098053
L=64 i2_stride4h32_b16 (Phase-2),data/64Ising_T2.269_hsBignet_i2_stride4h32_b16,64,2.269185314213022,19800,2,16,cross,v5_rms_g,0.05927186831831932
L=64 i2_stride4h32_b16 (Phase-2),data/64Ising_T2.269_hsBignet_i2_stride4h32_b16,64,2.269185314213022,19800,3,8,cross,v5_ks,0.09780468750000004
L=64 i2_stride4h32_b16 (Phase-2),data/64Ising_T2.269_hsBignet_i2_stride4h32_b16,64,2.269185314213022,19800,3,8,cross,v5_w1,0.1869021932529713
L=64 i2_stride4h32_b16 (Phase-2),data/64Ising_T2.269_hsBignet_i2_stride4h32_b16,64,2.269185314213022,19800,3,8,cross,v5_rms_g,0.09481783211231232
L=64 i2_stride4h32_b16 (Phase-2),data/64Ising_T2.269_hsBignet_i2_stride4h32_b16,64,2.269185314213022,19800,4,4,cross,v5_ks,0.09140625000000002
L=64 i2_stride4h32_b16 (Phase-2),data/64Ising_T2.269_hsBignet_i2_stride4h32_b16,64,2.269185314213022,19800,4,4,cross,v5_w1,0.1517284492373648
L=64 i2_stride4h32_b16 (Phase-2),data/64Ising_T2.269_hsBignet_i2_stride4h32_b16,64,2.269185314213022,19800,4,4,cross,v5_rms_g,0.07827785611152649
L=64 i2_stride4h32_b16 (Phase-2),data/64Ising_T2.269_hsBignet_i2_stride4h32_b16,64,2.269185314213022,19800,5,2,cross,v5_ks,0.1375
L=64 i2_stride4h32_b16 (Phase-2),data/64Ising_T2.269_hsBignet_i2_stride4h32_b16,64,2.269185314213022,19800,5,2,cross,v5_w1,0.25152659132297867
L=64 i2_stride4h32_b16 (Phase-2),data/64Ising_T2.269_hsBignet_i2_stride4h32_b16,64,2.269185314213022,19800,5,2,cross,v5_rms_g,nan
L=64 i2_stride4h32_b16 (Phase-2),data/64Ising_T2.269_hsBignet_i2_stride4h32_b16,64,2.269185314213022,19800,6,1,cross,v5_ks,0.157
L=64 i2_stride4h32_b16 (Phase-2),data/64Ising_T2.269_hsBignet_i2_stride4h32_b16,64,2.269185314213022,19800,6,1,cross,v5_w1,0.2845372188039255
L=64 i2_stride4h32_b16 (Phase-2),data/64Ising_T2.269_hsBignet_i2_stride4h32_b16,64,2.269185314213022,19800,6,1,cross,v5_rms_g,nan
L=64 i2_stride8h64_b16 (Phase-2),data/64Ising_T2.269_hsBignet_i2_stride8h64_b16,64,2.269185314213022,19800,0,64,mera_subsampled,moment_mean,-0.01689569093286991
L=64 i2_stride8h64_b16 (Phase-2),data/64Ising_T2.269_hsBignet_i2_stride8h64_b16,64,2.269185314213022,19800,0,64,mera_subsampled,moment_std,3.5013132095336914
L=64 i2_stride8h64_b16 (Phase-2),data/64Ising_T2.269_hsBignet_i2_stride8h64_b16,64,2.269185314213022,19800,0,64,mera_subsampled,moment_var,12.259194374084473
L=64 i2_stride8h64_b16 (Phase-2),data/64Ising_T2.269_hsBignet_i2_stride8h64_b16,64,2.269185314213022,19800,0,64,mera_subsampled,moment_kurtosis,-1.3322957467744365
L=64 i2_stride8h64_b16 (Phase-2),data/64Ising_T2.269_hsBignet_i2_stride8h64_b16,64,2.269185314213022,19800,0,64,mera_subsampled,moment_skew,0.007592712038213583
L=64 i2_stride8h64_b16 (Phase-2),data/64Ising_T2.269_hsBignet_i2_stride8h64_b16,64,2.269185314213022,19800,1,32,mera_subsampled,moment_mean,0.9625802040100098
L=64 i2_stride8h64_b16 (Phase-2),data/64Ising_T2.269_hsBignet_i2_stride8h64_b16,64,2.269185314213022,19800,1,32,mera_subsampled,moment_std,9.415186882019043
L=64 i2_stride8h64_b16 (Phase-2),data/64Ising_T2.269_hsBignet_i2_stride8h64_b16,64,2.269185314213022,19800,1,32,mera_subsampled,moment_var,88.64573669433594
L=64 i2_stride8h64_b16 (Phase-2),data/64Ising_T2.269_hsBignet_i2_stride8h64_b16,64,2.269185314213022,19800,1,32,mera_subsampled,moment_kurtosis,-0.8987757019949352
L=64 i2_stride8h64_b16 (Phase-2),data/64Ising_T2.269_hsBignet_i2_stride8h64_b16,64,2.269185314213022,19800,1,32,mera_subsampled,moment_skew,0.003809181611811916
L=64 i2_stride8h64_b16 (Phase-2),data/64Ising_T2.269_hsBignet_i2_stride8h64_b16,64,2.269185314213022,19800,2,16,mera_subsampled,moment_mean,3.3215441703796387
L=64 i2_stride8h64_b16 (Phase-2),data/64Ising_T2.269_hsBignet_i2_stride8h64_b16,64,2.269185314213022,19800,2,16,mera_subsampled,moment_std,13.429450035095215
L=64 i2_stride8h64_b16 (Phase-2),data/64Ising_T2.269_hsBignet_i2_stride8h64_b16,64,2.269185314213022,19800,2,16,mera_subsampled,moment_var,180.35012817382812
L=64 i2_stride8h64_b16 (Phase-2),data/64Ising_T2.269_hsBignet_i2_stride8h64_b16,64,2.269185314213022,19800,2,16,mera_subsampled,moment_kurtosis,-1.2133944494971018
L=64 i2_stride8h64_b16 (Phase-2),data/64Ising_T2.269_hsBignet_i2_stride8h64_b16,64,2.269185314213022,19800,2,16,mera_subsampled,moment_skew,0.05490935145078557
L=64 i2_stride8h64_b16 (Phase-2),data/64Ising_T2.269_hsBignet_i2_stride8h64_b16,64,2.269185314213022,19800,3,8,mera_subsampled,moment_mean,-0.9915446043014526
L=64 i2_stride8h64_b16 (Phase-2),data/64Ising_T2.269_hsBignet_i2_stride8h64_b16,64,2.269185314213022,19800,3,8,mera_subsampled,moment_std,15.91856861114502
L=64 i2_stride8h64_b16 (Phase-2),data/64Ising_T2.269_hsBignet_i2_stride8h64_b16,64,2.269185314213022,19800,3,8,mera_subsampled,moment_var,253.40081787109375
L=64 i2_stride8h64_b16 (Phase-2),data/64Ising_T2.269_hsBignet_i2_stride8h64_b16,64,2.269185314213022,19800,3,8,mera_subsampled,moment_kurtosis,-1.0650681146804721
L=64 i2_stride8h64_b16 (Phase-2),data/64Ising_T2.269_hsBignet_i2_stride8h64_b16,64,2.269185314213022,19800,3,8,mera_subsampled,moment_skew,0.008975796187032524
L=64 i2_stride8h64_b16 (Phase-2),data/64Ising_T2.269_hsBignet_i2_stride8h64_b16,64,2.269185314213022,19800,4,4,mera_subsampled,moment_mean,0.2295215129852295
L=64 i2_stride8h64_b16 (Phase-2),data/64Ising_T2.269_hsBignet_i2_stride8h64_b16,64,2.269185314213022,19800,4,4,mera_subsampled,moment_std,14.668868064880371
L=64 i2_stride8h64_b16 (Phase-2),data/64Ising_T2.269_hsBignet_i2_stride8h64_b16,64,2.269185314213022,19800,4,4,mera_subsampled,moment_var,215.17568969726562
L=64 i2_stride8h64_b16 (Phase-2),data/64Ising_T2.269_hsBignet_i2_stride8h64_b16,64,2.269185314213022,19800,4,4,mera_subsampled,moment_kurtosis,-1.3619560054904691
L=64 i2_stride8h64_b16 (Phase-2),data/64Ising_T2.269_hsBignet_i2_stride8h64_b16,64,2.269185314213022,19800,4,4,mera_subsampled,moment_skew,0.04094961483068333
L=64 i2_stride8h64_b16 (Phase-2),data/64Ising_T2.269_hsBignet_i2_stride8h64_b16,64,2.269185314213022,19800,5,2,mera_subsampled,moment_mean,1.7037557363510132
L=64 i2_stride8h64_b16 (Phase-2),data/64Ising_T2.269_hsBignet_i2_stride8h64_b16,64,2.269185314213022,19800,5,2,mera_subsampled,moment_std,8.491622924804688
L=64 i2_stride8h64_b16 (Phase-2),data/64Ising_T2.269_hsBignet_i2_stride8h64_b16,64,2.269185314213022,19800,5,2,mera_subsampled,moment_var,72.10765838623047
L=64 i2_stride8h64_b16 (Phase-2),data/64Ising_T2.269_hsBignet_i2_stride8h64_b16,64,2.269185314213022,19800,5,2,mera_subsampled,moment_kurtosis,-1.2273209367124167
L=64 i2_stride8h64_b16 (Phase-2),data/64Ising_T2.269_hsBignet_i2_stride8h64_b16,64,2.269185314213022,19800,5,2,mera_subsampled,moment_skew,0.09305824528553375
L=64 i2_stride8h64_b16 (Phase-2),data/64Ising_T2.269_hsBignet_i2_stride8h64_b16,64,2.269185314213022,19800,6,1,mera_subsampled,moment_mean,0.932069718837738
L=64 i2_stride8h64_b16 (Phase-2),data/64Ising_T2.269_hsBignet_i2_stride8h64_b16,64,2.269185314213022,19800,6,1,mera_subsampled,moment_std,5.880984783172607
L=64 i2_stride8h64_b16 (Phase-2),data/64Ising_T2.269_hsBignet_i2_stride8h64_b16,64,2.269185314213022,19800,6,1,mera_subsampled,moment_var,34.58598327636719
L=64 i2_stride8h64_b16 (Phase-2),data/64Ising_T2.269_hsBignet_i2_stride8h64_b16,64,2.269185314213022,19800,6,1,mera_subsampled,moment_kurtosis,-1.1460856269487876
L=64 i2_stride8h64_b16 (Phase-2),data/64Ising_T2.269_hsBignet_i2_stride8h64_b16,64,2.269185314213022,19800,6,1,mera_subsampled,moment_skew,0.08542288624249662
L=64 i2_stride8h64_b16 (Phase-2),data/64Ising_T2.269_hsBignet_i2_stride8h64_b16,64,2.269185314213022,19800,0,64,blockRG,moment_mean,-0.01689569093286991
L=64 i2_stride8h64_b16 (Phase-2),data/64Ising_T2.269_hsBignet_i2_stride8h64_b16,64,2.269185314213022,19800,0,64,blockRG,moment_std,3.5013132095336914
L=64 i2_stride8h64_b16 (Phase-2),data/64Ising_T2.269_hsBignet_i2_stride8h64_b16,64,2.269185314213022,19800,0,64,blockRG,moment_var,12.259194374084473
L=64 i2_stride8h64_b16 (Phase-2),data/64Ising_T2.269_hsBignet_i2_stride8h64_b16,64,2.269185314213022,19800,0,64,blockRG,moment_kurtosis,-1.3322957467744365
L=64 i2_stride8h64_b16 (Phase-2),data/64Ising_T2.269_hsBignet_i2_stride8h64_b16,64,2.269185314213022,19800,0,64,blockRG,moment_skew,0.007592712038213583
L=64 i2_stride8h64_b16 (Phase-2),data/64Ising_T2.269_hsBignet_i2_stride8h64_b16,64,2.269185314213022,19800,1,32,blockRG,moment_mean,-0.01689569465816021
L=64 i2_stride8h64_b16 (Phase-2),data/64Ising_T2.269_hsBignet_i2_stride8h64_b16,64,2.269185314213022,19800,1,32,blockRG,moment_std,3.1695361137390137
L=64 i2_stride8h64_b16 (Phase-2),data/64Ising_T2.269_hsBignet_i2_stride8h64_b16,64,2.269185314213022,19800,1,32,blockRG,moment_var,10.045958518981934
L=64 i2_stride8h64_b16 (Phase-2),data/64Ising_T2.269_hsBignet_i2_stride8h64_b16,64,2.269185314213022,19800,1,32,blockRG,moment_kurtosis,-1.5261650073356092
L=64 i2_stride8h64_b16 (Phase-2),data/64Ising_T2.269_hsBignet_i2_stride8h64_b16,64,2.269185314213022,19800,1,32,blockRG,moment_skew,0.008613123990872324
L=64 i2_stride8h64_b16 (Phase-2),data/64Ising_T2.269_hsBignet_i2_stride8h64_b16,64,2.269185314213022,19800,2,16,blockRG,moment_mean,-0.016895700246095657
L=64 i2_stride8h64_b16 (Phase-2),data/64Ising_T2.269_hsBignet_i2_stride8h64_b16,64,2.269185314213022,19800,2,16,blockRG,moment_std,2.8879222869873047
L=64 i2_stride8h64_b16 (Phase-2),data/64Ising_T2.269_hsBignet_i2_stride8h64_b16,64,2.269185314213022,19800,2,16,blockRG,moment_var,8.340094566345215
L=64 i2_stride8h64_b16 (Phase-2),data/64Ising_T2.269_hsBignet_i2_stride8h64_b16,64,2.269185314213022,19800,2,16,blockRG,moment_kurtosis,-1.641517030003369
L=64 i2_stride8h64_b16 (Phase-2),data/64Ising_T2.269_hsBignet_i2_stride8h64_b16,64,2.269185314213022,19800,2,16,blockRG,moment_skew,0.009944519520017259
L=64 i2_stride8h64_b16 (Phase-2),data/64Ising_T2.269_hsBignet_i2_stride8h64_b16,64,2.269185314213022,19800,3,8,blockRG,moment_mean,-0.016895702108740807
L=64 i2_stride8h64_b16 (Phase-2),data/64Ising_T2.269_hsBignet_i2_stride8h64_b16,64,2.269185314213022,19800,3,8,blockRG,moment_std,2.6576743125915527
L=64 i2_stride8h64_b16 (Phase-2),data/64Ising_T2.269_hsBignet_i2_stride8h64_b16,64,2.269185314213022,19800,3,8,blockRG,moment_var,7.063232421875
L=64 i2_stride8h64_b16 (Phase-2),data/64Ising_T2.269_hsBignet_i2_stride8h64_b16,64,2.269185314213022,19800,3,8,blockRG,moment_kurtosis,-1.6921270765079353
L=64 i2_stride8h64_b16 (Phase-2),data/64Ising_T2.269_hsBignet_i2_stride8h64_b16,64,2.269185314213022,19800,3,8,blockRG,moment_skew,0.011755510912779044
L=64 i2_stride8h64_b16 (Phase-2),data/64Ising_T2.269_hsBignet_i2_stride8h64_b16,64,2.269185314213022,19800,4,4,blockRG,moment_mean,-0.016895698383450508
L=64 i2_stride8h64_b16 (Phase-2),data/64Ising_T2.269_hsBignet_i2_stride8h64_b16,64,2.269185314213022,19800,4,4,blockRG,moment_std,2.472313165664673
L=64 i2_stride8h64_b16 (Phase-2),data/64Ising_T2.269_hsBignet_i2_stride8h64_b16,64,2.269185314213022,19800,4,4,blockRG,moment_var,6.112332344055176
L=64 i2_stride8h64_b16 (Phase-2),data/64Ising_T2.269_hsBignet_i2_stride8h64_b16,64,2.269185314213022,19800,4,4,blockRG,moment_kurtosis,-1.7318575697353762
L=64 i2_stride8h64_b16 (Phase-2),data/64Ising_T2.269_hsBignet_i2_stride8h64_b16,64,2.269185314213022,19800,4,4,blockRG,moment_skew,0.010836778896408076
L=64 i2_stride8h64_b16 (Phase-2),data/64Ising_T2.269_hsBignet_i2_stride8h64_b16,64,2.269185314213022,19800,5,2,blockRG,moment_mean,-0.016895702108740807
L=64 i2_stride8h64_b16 (Phase-2),data/64Ising_T2.269_hsBignet_i2_stride8h64_b16,64,2.269185314213022,19800,5,2,blockRG,moment_std,2.331963539123535
L=64 i2_stride8h64_b16 (Phase-2),data/64Ising_T2.269_hsBignet_i2_stride8h64_b16,64,2.269185314213022,19800,5,2,blockRG,moment_var,5.438053607940674
L=64 i2_stride8h64_b16 (Phase-2),data/64Ising_T2.269_hsBignet_i2_stride8h64_b16,64,2.269185314213022,19800,5,2,blockRG,moment_kurtosis,-1.7846850833554164
L=64 i2_stride8h64_b16 (Phase-2),data/64Ising_T2.269_hsBignet_i2_stride8h64_b16,64,2.269185314213022,19800,5,2,blockRG,moment_skew,0.01059472630841828
L=64 i2_stride8h64_b16 (Phase-2),data/64Ising_T2.269_hsBignet_i2_stride8h64_b16,64,2.269185314213022,19800,6,1,blockRG,moment_mean,-0.01689569465816021
L=64 i2_stride8h64_b16 (Phase-2),data/64Ising_T2.269_hsBignet_i2_stride8h64_b16,64,2.269185314213022,19800,6,1,blockRG,moment_std,2.267432689666748
L=64 i2_stride8h64_b16 (Phase-2),data/64Ising_T2.269_hsBignet_i2_stride8h64_b16,64,2.269185314213022,19800,6,1,blockRG,moment_var,5.141251087188721
L=64 i2_stride8h64_b16 (Phase-2),data/64Ising_T2.269_hsBignet_i2_stride8h64_b16,64,2.269185314213022,19800,6,1,blockRG,moment_kurtosis,-1.846679190382867
L=64 i2_stride8h64_b16 (Phase-2),data/64Ising_T2.269_hsBignet_i2_stride8h64_b16,64,2.269185314213022,19800,6,1,blockRG,moment_skew,0.006558048042675441
L=64 i2_stride8h64_b16 (Phase-2),data/64Ising_T2.269_hsBignet_i2_stride8h64_b16,64,2.269185314213022,19800,0,64,cross,v5_ks,0.003970000000000001
L=64 i2_stride8h64_b16 (Phase-2),data/64Ising_T2.269_hsBignet_i2_stride8h64_b16,64,2.269185314213022,19800,0,64,cross,v5_w1,0.009729056270474028
L=64 i2_stride8h64_b16 (Phase-2),data/64Ising_T2.269_hsBignet_i2_stride8h64_b16,64,2.269185314213022,19800,0,64,cross,v5_rms_g,0.0
L=64 i2_stride8h64_b16 (Phase-2),data/64Ising_T2.269_hsBignet_i2_stride8h64_b16,64,2.269185314213022,19800,1,32,cross,v5_ks,0.07893500000000009
L=64 i2_stride8h64_b16 (Phase-2),data/64Ising_T2.269_hsBignet_i2_stride8h64_b16,64,2.269185314213022,19800,1,32,cross,v5_w1,0.15286477547632915
L=64 i2_stride8h64_b16 (Phase-2),data/64Ising_T2.269_hsBignet_i2_stride8h64_b16,64,2.269185314213022,19800,1,32,cross,v5_rms_g,0.13169005513191223
L=64 i2_stride8h64_b16 (Phase-2),data/64Ising_T2.269_hsBignet_i2_stride8h64_b16,64,2.269185314213022,19800,2,16,cross,v5_ks,0.06652999999999998
L=64 i2_stride8h64_b16 (Phase-2),data/64Ising_T2.269_hsBignet_i2_stride8h64_b16,64,2.269185314213022,19800,2,16,cross,v5_w1,0.11931821325363998
L=64 i2_stride8h64_b16 (Phase-2),data/64Ising_T2.269_hsBignet_i2_stride8h64_b16,64,2.269185314213022,19800,2,16,cross,v5_rms_g,0.06209223344922066
L=64 i2_stride8h64_b16 (Phase-2),data/64Ising_T2.269_hsBignet_i2_stride8h64_b16,64,2.269185314213022,19800,3,8,cross,v5_ks,0.09535937500000002
L=64 i2_stride8h64_b16 (Phase-2),data/64Ising_T2.269_hsBignet_i2_stride8h64_b16,64,2.269185314213022,19800,3,8,cross,v5_w1,0.1732326354607032
L=64 i2_stride8h64_b16 (Phase-2),data/64Ising_T2.269_hsBignet_i2_stride8h64_b16,64,2.269185314213022,19800,3,8,cross,v5_rms_g,0.13173618912696838
L=64 i2_stride8h64_b16 (Phase-2),data/64Ising_T2.269_hsBignet_i2_stride8h64_b16,64,2.269185314213022,19800,4,4,cross,v5_ks,0.07953125000000003
L=64 i2_stride8h64_b16 (Phase-2),data/64Ising_T2.269_hsBignet_i2_stride8h64_b16,64,2.269185314213022,19800,4,4,cross,v5_w1,0.13298302343531432
L=64 i2_stride8h64_b16 (Phase-2),data/64Ising_T2.269_hsBignet_i2_stride8h64_b16,64,2.269185314213022,19800,4,4,cross,v5_rms_g,0.09621526300907135
L=64 i2_stride8h64_b16 (Phase-2),data/64Ising_T2.269_hsBignet_i2_stride8h64_b16,64,2.269185314213022,19800,5,2,cross,v5_ks,0.112125
L=64 i2_stride8h64_b16 (Phase-2),data/64Ising_T2.269_hsBignet_i2_stride8h64_b16,64,2.269185314213022,19800,5,2,cross,v5_w1,0.19290740053796798
L=64 i2_stride8h64_b16 (Phase-2),data/64Ising_T2.269_hsBignet_i2_stride8h64_b16,64,2.269185314213022,19800,5,2,cross,v5_rms_g,nan
L=64 i2_stride8h64_b16 (Phase-2),data/64Ising_T2.269_hsBignet_i2_stride8h64_b16,64,2.269185314213022,19800,6,1,cross,v5_ks,0.1455
L=64 i2_stride8h64_b16 (Phase-2),data/64Ising_T2.269_hsBignet_i2_stride8h64_b16,64,2.269185314213022,19800,6,1,cross,v5_w1,0.24125959603412775
L=64 i2_stride8h64_b16 (Phase-2),data/64Ising_T2.269_hsBignet_i2_stride8h64_b16,64,2.269185314213022,19800,6,1,cross,v5_rms_g,nan
L=64 i2_stride4h64_b16 (Phase-2),data/64Ising_T2.269_hsBignet_i2_stride4h64_b16,64,2.269185314213022,19800,0,64,mera_subsampled,moment_mean,-0.01689569093286991
L=64 i2_stride4h64_b16 (Phase-2),data/64Ising_T2.269_hsBignet_i2_stride4h64_b16,64,2.269185314213022,19800,0,64,mera_subsampled,moment_std,3.5013132095336914
L=64 i2_stride4h64_b16 (Phase-2),data/64Ising_T2.269_hsBignet_i2_stride4h64_b16,64,2.269185314213022,19800,0,64,mera_subsampled,moment_var,12.259194374084473
L=64 i2_stride4h64_b16 (Phase-2),data/64Ising_T2.269_hsBignet_i2_stride4h64_b16,64,2.269185314213022,19800,0,64,mera_subsampled,moment_kurtosis,-1.3322957467744365
L=64 i2_stride4h64_b16 (Phase-2),data/64Ising_T2.269_hsBignet_i2_stride4h64_b16,64,2.269185314213022,19800,0,64,mera_subsampled,moment_skew,0.007592712038213583
L=64 i2_stride4h64_b16 (Phase-2),data/64Ising_T2.269_hsBignet_i2_stride4h64_b16,64,2.269185314213022,19800,1,32,mera_subsampled,moment_mean,-0.6611633896827698
L=64 i2_stride4h64_b16 (Phase-2),data/64Ising_T2.269_hsBignet_i2_stride4h64_b16,64,2.269185314213022,19800,1,32,mera_subsampled,moment_std,7.674272060394287
L=64 i2_stride4h64_b16 (Phase-2),data/64Ising_T2.269_hsBignet_i2_stride4h64_b16,64,2.269185314213022,19800,1,32,mera_subsampled,moment_var,58.89445495605469
L=64 i2_stride4h64_b16 (Phase-2),data/64Ising_T2.269_hsBignet_i2_stride4h64_b16,64,2.269185314213022,19800,1,32,mera_subsampled,moment_kurtosis,-0.76454555210882
L=64 i2_stride4h64_b16 (Phase-2),data/64Ising_T2.269_hsBignet_i2_stride4h64_b16,64,2.269185314213022,19800,1,32,mera_subsampled,moment_skew,-0.28697555827063137
L=64 i2_stride4h64_b16 (Phase-2),data/64Ising_T2.269_hsBignet_i2_stride4h64_b16,64,2.269185314213022,19800,2,16,mera_subsampled,moment_mean,0.988842248916626
L=64 i2_stride4h64_b16 (Phase-2),data/64Ising_T2.269_hsBignet_i2_stride4h64_b16,64,2.269185314213022,19800,2,16,mera_subsampled,moment_std,11.877898216247559
L=64 i2_stride4h64_b16 (Phase-2),data/64Ising_T2.269_hsBignet_i2_stride4h64_b16,64,2.269185314213022,19800,2,16,mera_subsampled,moment_var,141.08445739746094
L=64 i2_stride4h64_b16 (Phase-2),data/64Ising_T2.269_hsBignet_i2_stride4h64_b16,64,2.269185314213022,19800,2,16,mera_subsampled,moment_kurtosis,-0.9445880538116538
L=64 i2_stride4h64_b16 (Phase-2),data/64Ising_T2.269_hsBignet_i2_stride4h64_b16,64,2.269185314213022,19800,2,16,mera_subsampled,moment_skew,0.03471894059603749
L=64 i2_stride4h64_b16 (Phase-2),data/64Ising_T2.269_hsBignet_i2_stride4h64_b16,64,2.269185314213022,19800,3,8,mera_subsampled,moment_mean,2.9321892261505127
L=64 i2_stride4h64_b16 (Phase-2),data/64Ising_T2.269_hsBignet_i2_stride4h64_b16,64,2.269185314213022,19800,3,8,mera_subsampled,moment_std,10.542612075805664
L=64 i2_stride4h64_b16 (Phase-2),data/64Ising_T2.269_hsBignet_i2_stride4h64_b16,64,2.269185314213022,19800,3,8,mera_subsampled,moment_var,111.14666748046875
L=64 i2_stride4h64_b16 (Phase-2),data/64Ising_T2.269_hsBignet_i2_stride4h64_b16,64,2.269185314213022,19800,3,8,mera_subsampled,moment_kurtosis,-0.7422588728938773
L=64 i2_stride4h64_b16 (Phase-2),data/64Ising_T2.269_hsBignet_i2_stride4h64_b16,64,2.269185314213022,19800,3,8,mera_subsampled,moment_skew,0.18472502894283102
L=64 i2_stride4h64_b16 (Phase-2),data/64Ising_T2.269_hsBignet_i2_stride4h64_b16,64,2.269185314213022,19800,4,4,mera_subsampled,moment_mean,2.822340965270996
L=64 i2_stride4h64_b16 (Phase-2),data/64Ising_T2.269_hsBignet_i2_stride4h64_b16,64,2.269185314213022,19800,4,4,mera_subsampled,moment_std,8.978801727294922
L=64 i2_stride4h64_b16 (Phase-2),data/64Ising_T2.269_hsBignet_i2_stride4h64_b16,64,2.269185314213022,19800,4,4,mera_subsampled,moment_var,80.61888885498047
L=64 i2_stride4h64_b16 (Phase-2),data/64Ising_T2.269_hsBignet_i2_stride4h64_b16,64,2.269185314213022,19800,4,4,mera_subsampled,moment_kurtosis,-1.0112319369869773
L=64 i2_stride4h64_b16 (Phase-2),data/64Ising_T2.269_hsBignet_i2_stride4h64_b16,64,2.269185314213022,19800,4,4,mera_subsampled,moment_skew,0.18349608284233926
L=64 i2_stride4h64_b16 (Phase-2),data/64Ising_T2.269_hsBignet_i2_stride4h64_b16,64,2.269185314213022,19800,5,2,mera_subsampled,moment_mean,0.7182076573371887
L=64 i2_stride4h64_b16 (Phase-2),data/64Ising_T2.269_hsBignet_i2_stride4h64_b16,64,2.269185314213022,19800,5,2,mera_subsampled,moment_std,4.002935409545898
L=64 i2_stride4h64_b16 (Phase-2),data/64Ising_T2.269_hsBignet_i2_stride4h64_b16,64,2.269185314213022,19800,5,2,mera_subsampled,moment_var,16.02349281311035
L=64 i2_stride4h64_b16 (Phase-2),data/64Ising_T2.269_hsBignet_i2_stride4h64_b16,64,2.269185314213022,19800,5,2,mera_subsampled,moment_kurtosis,-0.5442078586531984
L=64 i2_stride4h64_b16 (Phase-2),data/64Ising_T2.269_hsBignet_i2_stride4h64_b16,64,2.269185314213022,19800,5,2,mera_subsampled,moment_skew,0.077461245899868
L=64 i2_stride4h64_b16 (Phase-2),data/64Ising_T2.269_hsBignet_i2_stride4h64_b16,64,2.269185314213022,19800,6,1,mera_subsampled,moment_mean,0.7696598172187805
L=64 i2_stride4h64_b16 (Phase-2),data/64Ising_T2.269_hsBignet_i2_stride4h64_b16,64,2.269185314213022,19800,6,1,mera_subsampled,moment_std,2.8504796028137207
L=64 i2_stride4h64_b16 (Phase-2),data/64Ising_T2.269_hsBignet_i2_stride4h64_b16,64,2.269185314213022,19800,6,1,mera_subsampled,moment_var,8.125234603881836
L=64 i2_stride4h64_b16 (Phase-2),data/64Ising_T2.269_hsBignet_i2_stride4h64_b16,64,2.269185314213022,19800,6,1,mera_subsampled,moment_kurtosis,-0.26605562795294846
L=64 i2_stride4h64_b16 (Phase-2),data/64Ising_T2.269_hsBignet_i2_stride4h64_b16,64,2.269185314213022,19800,6,1,mera_subsampled,moment_skew,0.07359531658653092
L=64 i2_stride4h64_b16 (Phase-2),data/64Ising_T2.269_hsBignet_i2_stride4h64_b16,64,2.269185314213022,19800,0,64,blockRG,moment_mean,-0.01689569093286991
L=64 i2_stride4h64_b16 (Phase-2),data/64Ising_T2.269_hsBignet_i2_stride4h64_b16,64,2.269185314213022,19800,0,64,blockRG,moment_std,3.5013132095336914
L=64 i2_stride4h64_b16 (Phase-2),data/64Ising_T2.269_hsBignet_i2_stride4h64_b16,64,2.269185314213022,19800,0,64,blockRG,moment_var,12.259194374084473
L=64 i2_stride4h64_b16 (Phase-2),data/64Ising_T2.269_hsBignet_i2_stride4h64_b16,64,2.269185314213022,19800,0,64,blockRG,moment_kurtosis,-1.3322957467744365
L=64 i2_stride4h64_b16 (Phase-2),data/64Ising_T2.269_hsBignet_i2_stride4h64_b16,64,2.269185314213022,19800,0,64,blockRG,moment_skew,0.007592712038213583
L=64 i2_stride4h64_b16 (Phase-2),data/64Ising_T2.269_hsBignet_i2_stride4h64_b16,64,2.269185314213022,19800,1,32,blockRG,moment_mean,-0.01689569465816021
L=64 i2_stride4h64_b16 (Phase-2),data/64Ising_T2.269_hsBignet_i2_stride4h64_b16,64,2.269185314213022,19800,1,32,blockRG,moment_std,3.1695361137390137
L=64 i2_stride4h64_b16 (Phase-2),data/64Ising_T2.269_hsBignet_i2_stride4h64_b16,64,2.269185314213022,19800,1,32,blockRG,moment_var,10.045958518981934
L=64 i2_stride4h64_b16 (Phase-2),data/64Ising_T2.269_hsBignet_i2_stride4h64_b16,64,2.269185314213022,19800,1,32,blockRG,moment_kurtosis,-1.5261650073356092
L=64 i2_stride4h64_b16 (Phase-2),data/64Ising_T2.269_hsBignet_i2_stride4h64_b16,64,2.269185314213022,19800,1,32,blockRG,moment_skew,0.008613123990872324
L=64 i2_stride4h64_b16 (Phase-2),data/64Ising_T2.269_hsBignet_i2_stride4h64_b16,64,2.269185314213022,19800,2,16,blockRG,moment_mean,-0.016895700246095657
L=64 i2_stride4h64_b16 (Phase-2),data/64Ising_T2.269_hsBignet_i2_stride4h64_b16,64,2.269185314213022,19800,2,16,blockRG,moment_std,2.8879222869873047
L=64 i2_stride4h64_b16 (Phase-2),data/64Ising_T2.269_hsBignet_i2_stride4h64_b16,64,2.269185314213022,19800,2,16,blockRG,moment_var,8.340094566345215
L=64 i2_stride4h64_b16 (Phase-2),data/64Ising_T2.269_hsBignet_i2_stride4h64_b16,64,2.269185314213022,19800,2,16,blockRG,moment_kurtosis,-1.641517030003369
L=64 i2_stride4h64_b16 (Phase-2),data/64Ising_T2.269_hsBignet_i2_stride4h64_b16,64,2.269185314213022,19800,2,16,blockRG,moment_skew,0.009944519520017259
L=64 i2_stride4h64_b16 (Phase-2),data/64Ising_T2.269_hsBignet_i2_stride4h64_b16,64,2.269185314213022,19800,3,8,blockRG,moment_mean,-0.016895702108740807
L=64 i2_stride4h64_b16 (Phase-2),data/64Ising_T2.269_hsBignet_i2_stride4h64_b16,64,2.269185314213022,19800,3,8,blockRG,moment_std,2.6576743125915527
L=64 i2_stride4h64_b16 (Phase-2),data/64Ising_T2.269_hsBignet_i2_stride4h64_b16,64,2.269185314213022,19800,3,8,blockRG,moment_var,7.063232421875
L=64 i2_stride4h64_b16 (Phase-2),data/64Ising_T2.269_hsBignet_i2_stride4h64_b16,64,2.269185314213022,19800,3,8,blockRG,moment_kurtosis,-1.6921270765079353
L=64 i2_stride4h64_b16 (Phase-2),data/64Ising_T2.269_hsBignet_i2_stride4h64_b16,64,2.269185314213022,19800,3,8,blockRG,moment_skew,0.011755510912779044
L=64 i2_stride4h64_b16 (Phase-2),data/64Ising_T2.269_hsBignet_i2_stride4h64_b16,64,2.269185314213022,19800,4,4,blockRG,moment_mean,-0.016895698383450508
L=64 i2_stride4h64_b16 (Phase-2),data/64Ising_T2.269_hsBignet_i2_stride4h64_b16,64,2.269185314213022,19800,4,4,blockRG,moment_std,2.472313165664673
L=64 i2_stride4h64_b16 (Phase-2),data/64Ising_T2.269_hsBignet_i2_stride4h64_b16,64,2.269185314213022,19800,4,4,blockRG,moment_var,6.112332344055176
L=64 i2_stride4h64_b16 (Phase-2),data/64Ising_T2.269_hsBignet_i2_stride4h64_b16,64,2.269185314213022,19800,4,4,blockRG,moment_kurtosis,-1.7318575697353762
L=64 i2_stride4h64_b16 (Phase-2),data/64Ising_T2.269_hsBignet_i2_stride4h64_b16,64,2.269185314213022,19800,4,4,blockRG,moment_skew,0.010836778896408076
L=64 i2_stride4h64_b16 (Phase-2),data/64Ising_T2.269_hsBignet_i2_stride4h64_b16,64,2.269185314213022,19800,5,2,blockRG,moment_mean,-0.016895702108740807
L=64 i2_stride4h64_b16 (Phase-2),data/64Ising_T2.269_hsBignet_i2_stride4h64_b16,64,2.269185314213022,19800,5,2,blockRG,moment_std,2.331963539123535
L=64 i2_stride4h64_b16 (Phase-2),data/64Ising_T2.269_hsBignet_i2_stride4h64_b16,64,2.269185314213022,19800,5,2,blockRG,moment_var,5.438053607940674
L=64 i2_stride4h64_b16 (Phase-2),data/64Ising_T2.269_hsBignet_i2_stride4h64_b16,64,2.269185314213022,19800,5,2,blockRG,moment_kurtosis,-1.7846850833554164
L=64 i2_stride4h64_b16 (Phase-2),data/64Ising_T2.269_hsBignet_i2_stride4h64_b16,64,2.269185314213022,19800,5,2,blockRG,moment_skew,0.01059472630841828
L=64 i2_stride4h64_b16 (Phase-2),data/64Ising_T2.269_hsBignet_i2_stride4h64_b16,64,2.269185314213022,19800,6,1,blockRG,moment_mean,-0.01689569465816021
L=64 i2_stride4h64_b16 (Phase-2),data/64Ising_T2.269_hsBignet_i2_stride4h64_b16,64,2.269185314213022,19800,6,1,blockRG,moment_std,2.267432689666748
L=64 i2_stride4h64_b16 (Phase-2),data/64Ising_T2.269_hsBignet_i2_stride4h64_b16,64,2.269185314213022,19800,6,1,blockRG,moment_var,5.141251087188721
L=64 i2_stride4h64_b16 (Phase-2),data/64Ising_T2.269_hsBignet_i2_stride4h64_b16,64,2.269185314213022,19800,6,1,blockRG,moment_kurtosis,-1.846679190382867
L=64 i2_stride4h64_b16 (Phase-2),data/64Ising_T2.269_hsBignet_i2_stride4h64_b16,64,2.269185314213022,19800,6,1,blockRG,moment_skew,0.006558048042675441
L=64 i2_stride4h64_b16 (Phase-2),data/64Ising_T2.269_hsBignet_i2_stride4h64_b16,64,2.269185314213022,19800,0,64,cross,v5_ks,0.003970000000000001
L=64 i2_stride4h64_b16 (Phase-2),data/64Ising_T2.269_hsBignet_i2_stride4h64_b16,64,2.269185314213022,19800,0,64,cross,v5_w1,0.009729056270474028
L=64 i2_stride4h64_b16 (Phase-2),data/64Ising_T2.269_hsBignet_i2_stride4h64_b16,64,2.269185314213022,19800,0,64,cross,v5_rms_g,0.0
L=64 i2_stride4h64_b16 (Phase-2),data/64Ising_T2.269_hsBignet_i2_stride4h64_b16,64,2.269185314213022,19800,1,32,cross,v5_ks,0.08904500000000004
L=64 i2_stride4h64_b16 (Phase-2),data/64Ising_T2.269_hsBignet_i2_stride4h64_b16,64,2.269185314213022,19800,1,32,cross,v5_w1,0.16693422376296618
L=64 i2_stride4h64_b16 (Phase-2),data/64Ising_T2.269_hsBignet_i2_stride4h64_b16,64,2.269185314213022,19800,1,32,cross,v5_rms_g,0.12104133516550064
L=64 i2_stride4h64_b16 (Phase-2),data/64Ising_T2.269_hsBignet_i2_stride4h64_b16,64,2.269185314213022,19800,2,16,cross,v5_ks,0.09338500000000005
L=64 i2_stride4h64_b16 (Phase-2),data/64Ising_T2.269_hsBignet_i2_stride4h64_b16,64,2.269185314213022,19800,2,16,cross,v5_w1,0.1728658489773996
L=64 i2_stride4h64_b16 (Phase-2),data/64Ising_T2.269_hsBignet_i2_stride4h64_b16,64,2.269185314213022,19800,2,16,cross,v5_rms_g,0.1115136593580246
L=64 i2_stride4h64_b16 (Phase-2),data/64Ising_T2.269_hsBignet_i2_stride4h64_b16,64,2.269185314213022,19800,3,8,cross,v5_ks,0.10048437500000001
L=64 i2_stride4h64_b16 (Phase-2),data/64Ising_T2.269_hsBignet_i2_stride4h64_b16,64,2.269185314213022,19800,3,8,cross,v5_w1,0.19286729158366434
L=64 i2_stride4h64_b16 (Phase-2),data/64Ising_T2.269_hsBignet_i2_stride4h64_b16,64,2.269185314213022,19800,3,8,cross,v5_rms_g,0.11421001702547073
L=64 i2_stride4h64_b16 (Phase-2),data/64Ising_T2.269_hsBignet_i2_stride4h64_b16,64,2.269185314213022,19800,4,4,cross,v5_ks,0.1018437499999999
L=64 i2_stride4h64_b16 (Phase-2),data/64Ising_T2.269_hsBignet_i2_stride4h64_b16,64,2.269185314213022,19800,4,4,cross,v5_w1,0.1862301427558246
L=64 i2_stride4h64_b16 (Phase-2),data/64Ising_T2.269_hsBignet_i2_stride4h64_b16,64,2.269185314213022,19800,4,4,cross,v5_rms_g,0.11956562846899033
L=64 i2_stride4h64_b16 (Phase-2),data/64Ising_T2.269_hsBignet_i2_stride4h64_b16,64,2.269185314213022,19800,5,2,cross,v5_ks,0.145
L=64 i2_stride4h64_b16 (Phase-2),data/64Ising_T2.269_hsBignet_i2_stride4h64_b16,64,2.269185314213022,19800,5,2,cross,v5_w1,0.2749246073613581
L=64 i2_stride4h64_b16 (Phase-2),data/64Ising_T2.269_hsBignet_i2_stride4h64_b16,64,2.269185314213022,19800,5,2,cross,v5_rms_g,nan
L=64 i2_stride4h64_b16 (Phase-2),data/64Ising_T2.269_hsBignet_i2_stride4h64_b16,64,2.269185314213022,19800,6,1,cross,v5_ks,0.178
L=64 i2_stride4h64_b16 (Phase-2),data/64Ising_T2.269_hsBignet_i2_stride4h64_b16,64,2.269185314213022,19800,6,1,cross,v5_w1,0.3227238437539781
L=64 i2_stride4h64_b16 (Phase-2),data/64Ising_T2.269_hsBignet_i2_stride4h64_b16,64,2.269185314213022,19800,6,1,cross,v5_rms_g,nan
L=32 i2_stride8h32_nr2_b64 (P2.x D32),data/32Ising_T2.269_hsBignet_i2_stride8h32_nr2_b64,32,2.269185314213022,15400,0,32,mera_subsampled,moment_mean,-0.03459131717681885
L=32 i2_stride8h32_nr2_b64 (P2.x D32),data/32Ising_T2.269_hsBignet_i2_stride8h32_nr2_b64,32,2.269185314213022,15400,0,32,mera_subsampled,moment_std,3.50704026222229
L=32 i2_stride8h32_nr2_b64 (P2.x D32),data/32Ising_T2.269_hsBignet_i2_stride8h32_nr2_b64,32,2.269185314213022,15400,0,32,mera_subsampled,moment_var,12.299330711364746
L=32 i2_stride8h32_nr2_b64 (P2.x D32),data/32Ising_T2.269_hsBignet_i2_stride8h32_nr2_b64,32,2.269185314213022,15400,0,32,mera_subsampled,moment_kurtosis,-1.333952273373866
L=32 i2_stride8h32_nr2_b64 (P2.x D32),data/32Ising_T2.269_hsBignet_i2_stride8h32_nr2_b64,32,2.269185314213022,15400,0,32,mera_subsampled,moment_skew,0.015193538311129993
L=32 i2_stride8h32_nr2_b64 (P2.x D32),data/32Ising_T2.269_hsBignet_i2_stride8h32_nr2_b64,32,2.269185314213022,15400,1,16,mera_subsampled,moment_mean,1.416991114616394
L=32 i2_stride8h32_nr2_b64 (P2.x D32),data/32Ising_T2.269_hsBignet_i2_stride8h32_nr2_b64,32,2.269185314213022,15400,1,16,mera_subsampled,moment_std,18.35487937927246
L=32 i2_stride8h32_nr2_b64 (P2.x D32),data/32Ising_T2.269_hsBignet_i2_stride8h32_nr2_b64,32,2.269185314213022,15400,1,16,mera_subsampled,moment_var,336.9015808105469
L=32 i2_stride8h32_nr2_b64 (P2.x D32),data/32Ising_T2.269_hsBignet_i2_stride8h32_nr2_b64,32,2.269185314213022,15400,1,16,mera_subsampled,moment_kurtosis,-0.2770344435992218
L=32 i2_stride8h32_nr2_b64 (P2.x D32),data/32Ising_T2.269_hsBignet_i2_stride8h32_nr2_b64,32,2.269185314213022,15400,1,16,mera_subsampled,moment_skew,-0.08656774985827191
L=32 i2_stride8h32_nr2_b64 (P2.x D32),data/32Ising_T2.269_hsBignet_i2_stride8h32_nr2_b64,32,2.269185314213022,15400,2,8,mera_subsampled,moment_mean,4.65562105178833
L=32 i2_stride8h32_nr2_b64 (P2.x D32),data/32Ising_T2.269_hsBignet_i2_stride8h32_nr2_b64,32,2.269185314213022,15400,2,8,mera_subsampled,moment_std,29.60606575012207
L=32 i2_stride8h32_nr2_b64 (P2.x D32),data/32Ising_T2.269_hsBignet_i2_stride8h32_nr2_b64,32,2.269185314213022,15400,2,8,mera_subsampled,moment_var,876.5191650390625
L=32 i2_stride8h32_nr2_b64 (P2.x D32),data/32Ising_T2.269_hsBignet_i2_stride8h32_nr2_b64,32,2.269185314213022,15400,2,8,mera_subsampled,moment_kurtosis,-0.8351153321569846
L=32 i2_stride8h32_nr2_b64 (P2.x D32),data/32Ising_T2.269_hsBignet_i2_stride8h32_nr2_b64,32,2.269185314213022,15400,2,8,mera_subsampled,moment_skew,0.1841285015707577
L=32 i2_stride8h32_nr2_b64 (P2.x D32),data/32Ising_T2.269_hsBignet_i2_stride8h32_nr2_b64,32,2.269185314213022,15400,3,4,mera_subsampled,moment_mean,2.9879870414733887
L=32 i2_stride8h32_nr2_b64 (P2.x D32),data/32Ising_T2.269_hsBignet_i2_stride8h32_nr2_b64,32,2.269185314213022,15400,3,4,mera_subsampled,moment_std,18.721603393554688
L=32 i2_stride8h32_nr2_b64 (P2.x D32),data/32Ising_T2.269_hsBignet_i2_stride8h32_nr2_b64,32,2.269185314213022,15400,3,4,mera_subsampled,moment_var,350.4984436035156
L=32 i2_stride8h32_nr2_b64 (P2.x D32),data/32Ising_T2.269_hsBignet_i2_stride8h32_nr2_b64,32,2.269185314213022,15400,3,4,mera_subsampled,moment_kurtosis,-1.1380375938619463
L=32 i2_stride8h32_nr2_b64 (P2.x D32),data/32Ising_T2.269_hsBignet_i2_stride8h32_nr2_b64,32,2.269185314213022,15400,3,4,mera_subsampled,moment_skew,0.08687720498789041
L=32 i2_stride8h32_nr2_b64 (P2.x D32),data/32Ising_T2.269_hsBignet_i2_stride8h32_nr2_b64,32,2.269185314213022,15400,4,2,mera_subsampled,moment_mean,1.0063062906265259
L=32 i2_stride8h32_nr2_b64 (P2.x D32),data/32Ising_T2.269_hsBignet_i2_stride8h32_nr2_b64,32,2.269185314213022,15400,4,2,mera_subsampled,moment_std,9.811342239379883
L=32 i2_stride8h32_nr2_b64 (P2.x D32),data/32Ising_T2.269_hsBignet_i2_stride8h32_nr2_b64,32,2.269185314213022,15400,4,2,mera_subsampled,moment_var,96.26243591308594
L=32 i2_stride8h32_nr2_b64 (P2.x D32),data/32Ising_T2.269_hsBignet_i2_stride8h32_nr2_b64,32,2.269185314213022,15400,4,2,mera_subsampled,moment_kurtosis,-1.170868839789123
L=32 i2_stride8h32_nr2_b64 (P2.x D32),data/32Ising_T2.269_hsBignet_i2_stride8h32_nr2_b64,32,2.269185314213022,15400,4,2,mera_subsampled,moment_skew,-0.002102021513547368
L=32 i2_stride8h32_nr2_b64 (P2.x D32),data/32Ising_T2.269_hsBignet_i2_stride8h32_nr2_b64,32,2.269185314213022,15400,5,1,mera_subsampled,moment_mean,0.4376174211502075
L=32 i2_stride8h32_nr2_b64 (P2.x D32),data/32Ising_T2.269_hsBignet_i2_stride8h32_nr2_b64,32,2.269185314213022,15400,5,1,mera_subsampled,moment_std,5.564795017242432
L=32 i2_stride8h32_nr2_b64 (P2.x D32),data/32Ising_T2.269_hsBignet_i2_stride8h32_nr2_b64,32,2.269185314213022,15400,5,1,mera_subsampled,moment_var,30.96694564819336
L=32 i2_stride8h32_nr2_b64 (P2.x D32),data/32Ising_T2.269_hsBignet_i2_stride8h32_nr2_b64,32,2.269185314213022,15400,5,1,mera_subsampled,moment_kurtosis,-1.0769826397470543
L=32 i2_stride8h32_nr2_b64 (P2.x D32),data/32Ising_T2.269_hsBignet_i2_stride8h32_nr2_b64,32,2.269185314213022,15400,5,1,mera_subsampled,moment_skew,0.013310206996067343
L=32 i2_stride8h32_nr2_b64 (P2.x D32),data/32Ising_T2.269_hsBignet_i2_stride8h32_nr2_b64,32,2.269185314213022,15400,0,32,blockRG,moment_mean,-0.03459131717681885
L=32 i2_stride8h32_nr2_b64 (P2.x D32),data/32Ising_T2.269_hsBignet_i2_stride8h32_nr2_b64,32,2.269185314213022,15400,0,32,blockRG,moment_std,3.50704026222229
L=32 i2_stride8h32_nr2_b64 (P2.x D32),data/32Ising_T2.269_hsBignet_i2_stride8h32_nr2_b64,32,2.269185314213022,15400,0,32,blockRG,moment_var,12.299330711364746
L=32 i2_stride8h32_nr2_b64 (P2.x D32),data/32Ising_T2.269_hsBignet_i2_stride8h32_nr2_b64,32,2.269185314213022,15400,0,32,blockRG,moment_kurtosis,-1.333952273373866
L=32 i2_stride8h32_nr2_b64 (P2.x D32),data/32Ising_T2.269_hsBignet_i2_stride8h32_nr2_b64,32,2.269185314213022,15400,0,32,blockRG,moment_skew,0.015193538311129993
L=32 i2_stride8h32_nr2_b64 (P2.x D32),data/32Ising_T2.269_hsBignet_i2_stride8h32_nr2_b64,32,2.269185314213022,15400,1,16,blockRG,moment_mean,-0.03459132835268974
L=32 i2_stride8h32_nr2_b64 (P2.x D32),data/32Ising_T2.269_hsBignet_i2_stride8h32_nr2_b64,32,2.269185314213022,15400,1,16,blockRG,moment_std,3.178054094314575
L=32 i2_stride8h32_nr2_b64 (P2.x D32),data/32Ising_T2.269_hsBignet_i2_stride8h32_nr2_b64,32,2.269185314213022,15400,1,16,blockRG,moment_var,10.100027084350586
L=32 i2_stride8h32_nr2_b64 (P2.x D32),data/32Ising_T2.269_hsBignet_i2_stride8h32_nr2_b64,32,2.269185314213022,15400,1,16,blockRG,moment_kurtosis,-1.5319216496856525
L=32 i2_stride8h32_nr2_b64 (P2.x D32),data/32Ising_T2.269_hsBignet_i2_stride8h32_nr2_b64,32,2.269185314213022,15400,1,16,blockRG,moment_skew,0.017708419403094918
L=32 i2_stride8h32_nr2_b64 (P2.x D32),data/32Ising_T2.269_hsBignet_i2_stride8h32_nr2_b64,32,2.269185314213022,15400,2,8,blockRG,moment_mean,-0.034591324627399445
L=32 i2_stride8h32_nr2_b64 (P2.x D32),data/32Ising_T2.269_hsBignet_i2_stride8h32_nr2_b64,32,2.269185314213022,15400,2,8,blockRG,moment_std,2.9044411182403564
L=32 i2_stride8h32_nr2_b64 (P2.x D32),data/32Ising_T2.269_hsBignet_i2_stride8h32_nr2_b64,32,2.269185314213022,15400,2,8,blockRG,moment_var,8.435778617858887
L=32 i2_stride8h32_nr2_b64 (P2.x D32),data/32Ising_T2.269_hsBignet_i2_stride8h32_nr2_b64,32,2.269185314213022,15400,2,8,blockRG,moment_kurtosis,-1.6519473292115174
L=32 i2_stride8h32_nr2_b64 (P2.x D32),data/32Ising_T2.269_hsBignet_i2_stride8h32_nr2_b64,32,2.269185314213022,15400,2,8,blockRG,moment_skew,0.020201961672020208
L=32 i2_stride8h32_nr2_b64 (P2.x D32),data/32Ising_T2.269_hsBignet_i2_stride8h32_nr2_b64,32,2.269185314213022,15400,3,4,blockRG,moment_mean,-0.034591320902109146
L=32 i2_stride8h32_nr2_b64 (P2.x D32),data/32Ising_T2.269_hsBignet_i2_stride8h32_nr2_b64,32,2.269185314213022,15400,3,4,blockRG,moment_std,2.6928799152374268
L=32 i2_stride8h32_nr2_b64 (P2.x D32),data/32Ising_T2.269_hsBignet_i2_stride8h32_nr2_b64,32,2.269185314213022,15400,3,4,blockRG,moment_var,7.251602649688721
L=32 i2_stride8h32_nr2_b64 (P2.x D32),data/32Ising_T2.269_hsBignet_i2_stride8h32_nr2_b64,32,2.269185314213022,15400,3,4,blockRG,moment_kurtosis,-1.7200876821647981
L=32 i2_stride8h32_nr2_b64 (P2.x D32),data/32Ising_T2.269_hsBignet_i2_stride8h32_nr2_b64,32,2.269185314213022,15400,3,4,blockRG,moment_skew,0.023164850939309607
L=32 i2_stride8h32_nr2_b64 (P2.x D32),data/32Ising_T2.269_hsBignet_i2_stride8h32_nr2_b64,32,2.269185314213022,15400,4,2,blockRG,moment_mean,-0.03459133207798004
L=32 i2_stride8h32_nr2_b64 (P2.x D32),data/32Ising_T2.269_hsBignet_i2_stride8h32_nr2_b64,32,2.269185314213022,15400,4,2,blockRG,moment_std,2.537604570388794
L=32 i2_stride8h32_nr2_b64 (P2.x D32),data/32Ising_T2.269_hsBignet_i2_stride8h32_nr2_b64,32,2.269185314213022,15400,4,2,blockRG,moment_var,6.439437389373779
L=32 i2_stride8h32_nr2_b64 (P2.x D32),data/32Ising_T2.269_hsBignet_i2_stride8h32_nr2_b64,32,2.269185314213022,15400,4,2,blockRG,moment_kurtosis,-1.7778427325893864
L=32 i2_stride8h32_nr2_b64 (P2.x D32),data/32Ising_T2.269_hsBignet_i2_stride8h32_nr2_b64,32,2.269185314213022,15400,4,2,blockRG,moment_skew,0.02887104909514786
L=32 i2_stride8h32_nr2_b64 (P2.x D32),data/32Ising_T2.269_hsBignet_i2_stride8h32_nr2_b64,32,2.269185314213022,15400,5,1,blockRG,moment_mean,-0.03459133207798004
L=32 i2_stride8h32_nr2_b64 (P2.x D32),data/32Ising_T2.269_hsBignet_i2_stride8h32_nr2_b64,32,2.269185314213022,15400,5,1,blockRG,moment_std,2.4618563652038574
L=32 i2_stride8h32_nr2_b64 (P2.x D32),data/32Ising_T2.269_hsBignet_i2_stride8h32_nr2_b64,32,2.269185314213022,15400,5,1,blockRG,moment_var,6.060737133026123
L=32 i2_stride8h32_nr2_b64 (P2.x D32),data/32Ising_T2.269_hsBignet_i2_stride8h32_nr2_b64,32,2.269185314213022,15400,5,1,blockRG,moment_kurtosis,-1.8368664852056662
L=32 i2_stride8h32_nr2_b64 (P2.x D32),data/32Ising_T2.269_hsBignet_i2_stride8h32_nr2_b64,32,2.269185314213022,15400,5,1,blockRG,moment_skew,0.03380660784540168
L=32 i2_stride8h32_nr2_b64 (P2.x D32),data/32Ising_T2.269_hsBignet_i2_stride8h32_nr2_b64,32,2.269185314213022,15400,0,32,cross,v5_ks,0.004724999999999979
L=32 i2_stride8h32_nr2_b64 (P2.x D32),data/32Ising_T2.269_hsBignet_i2_stride8h32_nr2_b64,32,2.269185314213022,15400,0,32,cross,v5_w1,0.009195985288557855
L=32 i2_stride8h32_nr2_b64 (P2.x D32),data/32Ising_T2.269_hsBignet_i2_stride8h32_nr2_b64,32,2.269185314213022,15400,0,32,cross,v5_rms_g,0.0
L=32 i2_stride8h32_nr2_b64 (P2.x D32),data/32Ising_T2.269_hsBignet_i2_stride8h32_nr2_b64,32,2.269185314213022,15400,1,16,cross,v5_ks,0.10461999999999999
L=32 i2_stride8h32_nr2_b64 (P2.x D32),data/32Ising_T2.269_hsBignet_i2_stride8h32_nr2_b64,32,2.269185314213022,15400,1,16,cross,v5_w1,0.20599912719356697
L=32 i2_stride8h32_nr2_b64 (P2.x D32),data/32Ising_T2.269_hsBignet_i2_stride8h32_nr2_b64,32,2.269185314213022,15400,1,16,cross,v5_rms_g,0.20347844064235687
L=32 i2_stride8h32_nr2_b64 (P2.x D32),data/32Ising_T2.269_hsBignet_i2_stride8h32_nr2_b64,32,2.269185314213022,15400,2,8,cross,v5_ks,0.09181250000000002
L=32 i2_stride8h32_nr2_b64 (P2.x D32),data/32Ising_T2.269_hsBignet_i2_stride8h32_nr2_b64,32,2.269185314213022,15400,2,8,cross,v5_w1,0.17595302617864872
L=32 i2_stride8h32_nr2_b64 (P2.x D32),data/32Ising_T2.269_hsBignet_i2_stride8h32_nr2_b64,32,2.269185314213022,15400,2,8,cross,v5_rms_g,0.1423850953578949
L=32 i2_stride8h32_nr2_b64 (P2.x D32),data/32Ising_T2.269_hsBignet_i2_stride8h32_nr2_b64,32,2.269185314213022,15400,3,4,cross,v5_ks,0.09037500000000001
L=32 i2_stride8h32_nr2_b64 (P2.x D32),data/32Ising_T2.269_hsBignet_i2_stride8h32_nr2_b64,32,2.269185314213022,15400,3,4,cross,v5_w1,0.16300933959328429
L=32 i2_stride8h32_nr2_b64 (P2.x D32),data/32Ising_T2.269_hsBignet_i2_stride8h32_nr2_b64,32,2.269185314213022,15400,3,4,cross,v5_rms_g,0.15703999996185303
L=32 i2_stride8h32_nr2_b64 (P2.x D32),data/32Ising_T2.269_hsBignet_i2_stride8h32_nr2_b64,32,2.269185314213022,15400,4,2,cross,v5_ks,0.10625
L=32 i2_stride8h32_nr2_b64 (P2.x D32),data/32Ising_T2.269_hsBignet_i2_stride8h32_nr2_b64,32,2.269185314213022,15400,4,2,cross,v5_w1,0.18872600997566888
L=32 i2_stride8h32_nr2_b64 (P2.x D32),data/32Ising_T2.269_hsBignet_i2_stride8h32_nr2_b64,32,2.269185314213022,15400,4,2,cross,v5_rms_g,nan
L=32 i2_stride8h32_nr2_b64 (P2.x D32),data/32Ising_T2.269_hsBignet_i2_stride8h32_nr2_b64,32,2.269185314213022,15400,5,1,cross,v5_ks,0.1435
L=32 i2_stride8h32_nr2_b64 (P2.x D32),data/32Ising_T2.269_hsBignet_i2_stride8h32_nr2_b64,32,2.269185314213022,15400,5,1,cross,v5_w1,0.24302565992844755
L=32 i2_stride8h32_nr2_b64 (P2.x D32),data/32Ising_T2.269_hsBignet_i2_stride8h32_nr2_b64,32,2.269185314213022,15400,5,1,cross,v5_rms_g,nan
L=64 baseline_nr2_b16 (P2.x C64),data/64Ising_T2.269_hsBignet_baseline_nr2_b16,64,2.269185314213022,19800,0,64,mera_subsampled,moment_mean,-0.01689569093286991
L=64 baseline_nr2_b16 (P2.x C64),data/64Ising_T2.269_hsBignet_baseline_nr2_b16,64,2.269185314213022,19800,0,64,mera_subsampled,moment_std,3.5013132095336914
L=64 baseline_nr2_b16 (P2.x C64),data/64Ising_T2.269_hsBignet_baseline_nr2_b16,64,2.269185314213022,19800,0,64,mera_subsampled,moment_var,12.259194374084473
L=64 baseline_nr2_b16 (P2.x C64),data/64Ising_T2.269_hsBignet_baseline_nr2_b16,64,2.269185314213022,19800,0,64,mera_subsampled,moment_kurtosis,-1.3322957467744365
L=64 baseline_nr2_b16 (P2.x C64),data/64Ising_T2.269_hsBignet_baseline_nr2_b16,64,2.269185314213022,19800,0,64,mera_subsampled,moment_skew,0.007592712038213583
L=64 baseline_nr2_b16 (P2.x C64),data/64Ising_T2.269_hsBignet_baseline_nr2_b16,64,2.269185314213022,19800,1,32,mera_subsampled,moment_mean,-2.10239577293396
L=64 baseline_nr2_b16 (P2.x C64),data/64Ising_T2.269_hsBignet_baseline_nr2_b16,64,2.269185314213022,19800,1,32,mera_subsampled,moment_std,13.663003921508789
L=64 baseline_nr2_b16 (P2.x C64),data/64Ising_T2.269_hsBignet_baseline_nr2_b16,64,2.269185314213022,19800,1,32,mera_subsampled,moment_var,186.67767333984375
L=64 baseline_nr2_b16 (P2.x C64),data/64Ising_T2.269_hsBignet_baseline_nr2_b16,64,2.269185314213022,19800,1,32,mera_subsampled,moment_kurtosis,-1.0955302721760434
L=64 baseline_nr2_b16 (P2.x C64),data/64Ising_T2.269_hsBignet_baseline_nr2_b16,64,2.269185314213022,19800,1,32,mera_subsampled,moment_skew,-0.06802945670945608
L=64 baseline_nr2_b16 (P2.x C64),data/64Ising_T2.269_hsBignet_baseline_nr2_b16,64,2.269185314213022,19800,2,16,mera_subsampled,moment_mean,15.862081527709961
L=64 baseline_nr2_b16 (P2.x C64),data/64Ising_T2.269_hsBignet_baseline_nr2_b16,64,2.269185314213022,19800,2,16,mera_subsampled,moment_std,19.263137817382812
L=64 baseline_nr2_b16 (P2.x C64),data/64Ising_T2.269_hsBignet_baseline_nr2_b16,64,2.269185314213022,19800,2,16,mera_subsampled,moment_var,371.0685119628906
L=64 baseline_nr2_b16 (P2.x C64),data/64Ising_T2.269_hsBignet_baseline_nr2_b16,64,2.269185314213022,19800,2,16,mera_subsampled,moment_kurtosis,-1.068940812697304
L=64 baseline_nr2_b16 (P2.x C64),data/64Ising_T2.269_hsBignet_baseline_nr2_b16,64,2.269185314213022,19800,2,16,mera_subsampled,moment_skew,0.22670230731427787
L=64 baseline_nr2_b16 (P2.x C64),data/64Ising_T2.269_hsBignet_baseline_nr2_b16,64,2.269185314213022,19800,3,8,mera_subsampled,moment_mean,9.152129173278809
L=64 baseline_nr2_b16 (P2.x C64),data/64Ising_T2.269_hsBignet_baseline_nr2_b16,64,2.269185314213022,19800,3,8,mera_subsampled,moment_std,14.822182655334473
L=64 baseline_nr2_b16 (P2.x C64),data/64Ising_T2.269_hsBignet_baseline_nr2_b16,64,2.269185314213022,19800,3,8,mera_subsampled,moment_var,219.6970977783203
L=64 baseline_nr2_b16 (P2.x C64),data/64Ising_T2.269_hsBignet_baseline_nr2_b16,64,2.269185314213022,19800,3,8,mera_subsampled,moment_kurtosis,-0.7594055069643666
L=64 baseline_nr2_b16 (P2.x C64),data/64Ising_T2.269_hsBignet_baseline_nr2_b16,64,2.269185314213022,19800,3,8,mera_subsampled,moment_skew,0.023747616362354507
L=64 baseline_nr2_b16 (P2.x C64),data/64Ising_T2.269_hsBignet_baseline_nr2_b16,64,2.269185314213022,19800,4,4,mera_subsampled,moment_mean,0.10017681121826172
L=64 baseline_nr2_b16 (P2.x C64),data/64Ising_T2.269_hsBignet_baseline_nr2_b16,64,2.269185314213022,19800,4,4,mera_subsampled,moment_std,8.951316833496094
L=64 baseline_nr2_b16 (P2.x C64),data/64Ising_T2.269_hsBignet_baseline_nr2_b16,64,2.269185314213022,19800,4,4,mera_subsampled,moment_var,80.1260757446289
L=64 baseline_nr2_b16 (P2.x C64),data/64Ising_T2.269_hsBignet_baseline_nr2_b16,64,2.269185314213022,19800,4,4,mera_subsampled,moment_kurtosis,0.2288990020097268
L=64 baseline_nr2_b16 (P2.x C64),data/64Ising_T2.269_hsBignet_baseline_nr2_b16,64,2.269185314213022,19800,4,4,mera_subsampled,moment_skew,0.03652468590003936
L=64 baseline_nr2_b16 (P2.x C64),data/64Ising_T2.269_hsBignet_baseline_nr2_b16,64,2.269185314213022,19800,5,2,mera_subsampled,moment_mean,-0.19353467226028442
L=64 baseline_nr2_b16 (P2.x C64),data/64Ising_T2.269_hsBignet_baseline_nr2_b16,64,2.269185314213022,19800,5,2,mera_subsampled,moment_std,7.524338722229004
L=64 baseline_nr2_b16 (P2.x C64),data/64Ising_T2.269_hsBignet_baseline_nr2_b16,64,2.269185314213022,19800,5,2,mera_subsampled,moment_var,56.61567306518555
L=64 baseline_nr2_b16 (P2.x C64),data/64Ising_T2.269_hsBignet_baseline_nr2_b16,64,2.269185314213022,19800,5,2,mera_subsampled,moment_kurtosis,0.27782440342356685
L=64 baseline_nr2_b16 (P2.x C64),data/64Ising_T2.269_hsBignet_baseline_nr2_b16,64,2.269185314213022,19800,5,2,mera_subsampled,moment_skew,0.026717871128720063
L=64 baseline_nr2_b16 (P2.x C64),data/64Ising_T2.269_hsBignet_baseline_nr2_b16,64,2.269185314213022,19800,6,1,mera_subsampled,moment_mean,0.19973748922348022
L=64 baseline_nr2_b16 (P2.x C64),data/64Ising_T2.269_hsBignet_baseline_nr2_b16,64,2.269185314213022,19800,6,1,mera_subsampled,moment_std,3.041203022003174
L=64 baseline_nr2_b16 (P2.x C64),data/64Ising_T2.269_hsBignet_baseline_nr2_b16,64,2.269185314213022,19800,6,1,mera_subsampled,moment_var,9.248915672302246
L=64 baseline_nr2_b16 (P2.x C64),data/64Ising_T2.269_hsBignet_baseline_nr2_b16,64,2.269185314213022,19800,6,1,mera_subsampled,moment_kurtosis,0.0850257641807568
L=64 baseline_nr2_b16 (P2.x C64),data/64Ising_T2.269_hsBignet_baseline_nr2_b16,64,2.269185314213022,19800,6,1,mera_subsampled,moment_skew,0.10666745368326815
L=64 baseline_nr2_b16 (P2.x C64),data/64Ising_T2.269_hsBignet_baseline_nr2_b16,64,2.269185314213022,19800,0,64,blockRG,moment_mean,-0.01689569093286991
L=64 baseline_nr2_b16 (P2.x C64),data/64Ising_T2.269_hsBignet_baseline_nr2_b16,64,2.269185314213022,19800,0,64,blockRG,moment_std,3.5013132095336914
L=64 baseline_nr2_b16 (P2.x C64),data/64Ising_T2.269_hsBignet_baseline_nr2_b16,64,2.269185314213022,19800,0,64,blockRG,moment_var,12.259194374084473
L=64 baseline_nr2_b16 (P2.x C64),data/64Ising_T2.269_hsBignet_baseline_nr2_b16,64,2.269185314213022,19800,0,64,blockRG,moment_kurtosis,-1.3322957467744365
L=64 baseline_nr2_b16 (P2.x C64),data/64Ising_T2.269_hsBignet_baseline_nr2_b16,64,2.269185314213022,19800,0,64,blockRG,moment_skew,0.007592712038213583
L=64 baseline_nr2_b16 (P2.x C64),data/64Ising_T2.269_hsBignet_baseline_nr2_b16,64,2.269185314213022,19800,1,32,blockRG,moment_mean,-0.01689569465816021
L=64 baseline_nr2_b16 (P2.x C64),data/64Ising_T2.269_hsBignet_baseline_nr2_b16,64,2.269185314213022,19800,1,32,blockRG,moment_std,3.1695361137390137
L=64 baseline_nr2_b16 (P2.x C64),data/64Ising_T2.269_hsBignet_baseline_nr2_b16,64,2.269185314213022,19800,1,32,blockRG,moment_var,10.045958518981934
L=64 baseline_nr2_b16 (P2.x C64),data/64Ising_T2.269_hsBignet_baseline_nr2_b16,64,2.269185314213022,19800,1,32,blockRG,moment_kurtosis,-1.5261650073356092
L=64 baseline_nr2_b16 (P2.x C64),data/64Ising_T2.269_hsBignet_baseline_nr2_b16,64,2.269185314213022,19800,1,32,blockRG,moment_skew,0.008613123990872324
L=64 baseline_nr2_b16 (P2.x C64),data/64Ising_T2.269_hsBignet_baseline_nr2_b16,64,2.269185314213022,19800,2,16,blockRG,moment_mean,-0.016895700246095657
L=64 baseline_nr2_b16 (P2.x C64),data/64Ising_T2.269_hsBignet_baseline_nr2_b16,64,2.269185314213022,19800,2,16,blockRG,moment_std,2.8879222869873047
L=64 baseline_nr2_b16 (P2.x C64),data/64Ising_T2.269_hsBignet_baseline_nr2_b16,64,2.269185314213022,19800,2,16,blockRG,moment_var,8.340094566345215
L=64 baseline_nr2_b16 (P2.x C64),data/64Ising_T2.269_hsBignet_baseline_nr2_b16,64,2.269185314213022,19800,2,16,blockRG,moment_kurtosis,-1.641517030003369
L=64 baseline_nr2_b16 (P2.x C64),data/64Ising_T2.269_hsBignet_baseline_nr2_b16,64,2.269185314213022,19800,2,16,blockRG,moment_skew,0.009944519520017259
L=64 baseline_nr2_b16 (P2.x C64),data/64Ising_T2.269_hsBignet_baseline_nr2_b16,64,2.269185314213022,19800,3,8,blockRG,moment_mean,-0.016895702108740807
L=64 baseline_nr2_b16 (P2.x C64),data/64Ising_T2.269_hsBignet_baseline_nr2_b16,64,2.269185314213022,19800,3,8,blockRG,moment_std,2.6576743125915527
L=64 baseline_nr2_b16 (P2.x C64),data/64Ising_T2.269_hsBignet_baseline_nr2_b16,64,2.269185314213022,19800,3,8,blockRG,moment_var,7.063232421875
L=64 baseline_nr2_b16 (P2.x C64),data/64Ising_T2.269_hsBignet_baseline_nr2_b16,64,2.269185314213022,19800,3,8,blockRG,moment_kurtosis,-1.6921270765079353
L=64 baseline_nr2_b16 (P2.x C64),data/64Ising_T2.269_hsBignet_baseline_nr2_b16,64,2.269185314213022,19800,3,8,blockRG,moment_skew,0.011755510912779044
L=64 baseline_nr2_b16 (P2.x C64),data/64Ising_T2.269_hsBignet_baseline_nr2_b16,64,2.269185314213022,19800,4,4,blockRG,moment_mean,-0.016895698383450508
L=64 baseline_nr2_b16 (P2.x C64),data/64Ising_T2.269_hsBignet_baseline_nr2_b16,64,2.269185314213022,19800,4,4,blockRG,moment_std,2.472313165664673
L=64 baseline_nr2_b16 (P2.x C64),data/64Ising_T2.269_hsBignet_baseline_nr2_b16,64,2.269185314213022,19800,4,4,blockRG,moment_var,6.112332344055176
L=64 baseline_nr2_b16 (P2.x C64),data/64Ising_T2.269_hsBignet_baseline_nr2_b16,64,2.269185314213022,19800,4,4,blockRG,moment_kurtosis,-1.7318575697353762
L=64 baseline_nr2_b16 (P2.x C64),data/64Ising_T2.269_hsBignet_baseline_nr2_b16,64,2.269185314213022,19800,4,4,blockRG,moment_skew,0.010836778896408076
L=64 baseline_nr2_b16 (P2.x C64),data/64Ising_T2.269_hsBignet_baseline_nr2_b16,64,2.269185314213022,19800,5,2,blockRG,moment_mean,-0.016895702108740807
L=64 baseline_nr2_b16 (P2.x C64),data/64Ising_T2.269_hsBignet_baseline_nr2_b16,64,2.269185314213022,19800,5,2,blockRG,moment_std,2.331963539123535
L=64 baseline_nr2_b16 (P2.x C64),data/64Ising_T2.269_hsBignet_baseline_nr2_b16,64,2.269185314213022,19800,5,2,blockRG,moment_var,5.438053607940674
L=64 baseline_nr2_b16 (P2.x C64),data/64Ising_T2.269_hsBignet_baseline_nr2_b16,64,2.269185314213022,19800,5,2,blockRG,moment_kurtosis,-1.7846850833554164
L=64 baseline_nr2_b16 (P2.x C64),data/64Ising_T2.269_hsBignet_baseline_nr2_b16,64,2.269185314213022,19800,5,2,blockRG,moment_skew,0.01059472630841828
L=64 baseline_nr2_b16 (P2.x C64),data/64Ising_T2.269_hsBignet_baseline_nr2_b16,64,2.269185314213022,19800,6,1,blockRG,moment_mean,-0.01689569465816021
L=64 baseline_nr2_b16 (P2.x C64),data/64Ising_T2.269_hsBignet_baseline_nr2_b16,64,2.269185314213022,19800,6,1,blockRG,moment_std,2.267432689666748
L=64 baseline_nr2_b16 (P2.x C64),data/64Ising_T2.269_hsBignet_baseline_nr2_b16,64,2.269185314213022,19800,6,1,blockRG,moment_var,5.141251087188721
L=64 baseline_nr2_b16 (P2.x C64),data/64Ising_T2.269_hsBignet_baseline_nr2_b16,64,2.269185314213022,19800,6,1,blockRG,moment_kurtosis,-1.846679190382867
L=64 baseline_nr2_b16 (P2.x C64),data/64Ising_T2.269_hsBignet_baseline_nr2_b16,64,2.269185314213022,19800,6,1,blockRG,moment_skew,0.006558048042675441
L=64 baseline_nr2_b16 (P2.x C64),data/64Ising_T2.269_hsBignet_baseline_nr2_b16,64,2.269185314213022,19800,0,64,cross,v5_ks,0.003970000000000001
L=64 baseline_nr2_b16 (P2.x C64),data/64Ising_T2.269_hsBignet_baseline_nr2_b16,64,2.269185314213022,19800,0,64,cross,v5_w1,0.009729056270474028
L=64 baseline_nr2_b16 (P2.x C64),data/64Ising_T2.269_hsBignet_baseline_nr2_b16,64,2.269185314213022,19800,0,64,cross,v5_rms_g,0.0
L=64 baseline_nr2_b16 (P2.x C64),data/64Ising_T2.269_hsBignet_baseline_nr2_b16,64,2.269185314213022,19800,1,32,cross,v5_ks,0.06255500000000003
L=64 baseline_nr2_b16 (P2.x C64),data/64Ising_T2.269_hsBignet_baseline_nr2_b16,64,2.269185314213022,19800,1,32,cross,v5_w1,0.11471298107149196
L=64 baseline_nr2_b16 (P2.x C64),data/64Ising_T2.269_hsBignet_baseline_nr2_b16,64,2.269185314213022,19800,1,32,cross,v5_rms_g,0.1084652841091156
L=64 baseline_nr2_b16 (P2.x C64),data/64Ising_T2.269_hsBignet_baseline_nr2_b16,64,2.269185314213022,19800,2,16,cross,v5_ks,0.080515
L=64 baseline_nr2_b16 (P2.x C64),data/64Ising_T2.269_hsBignet_baseline_nr2_b16,64,2.269185314213022,19800,2,16,cross,v5_w1,0.1582581173749757
L=64 baseline_nr2_b16 (P2.x C64),data/64Ising_T2.269_hsBignet_baseline_nr2_b16,64,2.269185314213022,19800,2,16,cross,v5_rms_g,0.061919812113046646
L=64 baseline_nr2_b16 (P2.x C64),data/64Ising_T2.269_hsBignet_baseline_nr2_b16,64,2.269185314213022,19800,3,8,cross,v5_ks,0.11035937500000004
L=64 baseline_nr2_b16 (P2.x C64),data/64Ising_T2.269_hsBignet_baseline_nr2_b16,64,2.269185314213022,19800,3,8,cross,v5_w1,0.2213788946213839
L=64 baseline_nr2_b16 (P2.x C64),data/64Ising_T2.269_hsBignet_baseline_nr2_b16,64,2.269185314213022,19800,3,8,cross,v5_rms_g,0.19680163264274597
L=64 baseline_nr2_b16 (P2.x C64),data/64Ising_T2.269_hsBignet_baseline_nr2_b16,64,2.269185314213022,19800,4,4,cross,v5_ks,0.16390625000000003
L=64 baseline_nr2_b16 (P2.x C64),data/64Ising_T2.269_hsBignet_baseline_nr2_b16,64,2.269185314213022,19800,4,4,cross,v5_w1,0.3411508062948527
L=64 baseline_nr2_b16 (P2.x C64),data/64Ising_T2.269_hsBignet_baseline_nr2_b16,64,2.269185314213022,19800,4,4,cross,v5_rms_g,0.6225290894508362
L=64 baseline_nr2_b16 (P2.x C64),data/64Ising_T2.269_hsBignet_baseline_nr2_b16,64,2.269185314213022,19800,5,2,cross,v5_ks,0.1815
L=64 baseline_nr2_b16 (P2.x C64),data/64Ising_T2.269_hsBignet_baseline_nr2_b16,64,2.269185314213022,19800,5,2,cross,v5_w1,0.3637601775424264
L=64 baseline_nr2_b16 (P2.x C64),data/64Ising_T2.269_hsBignet_baseline_nr2_b16,64,2.269185314213022,19800,5,2,cross,v5_rms_g,nan
L=64 baseline_nr2_b16 (P2.x C64),data/64Ising_T2.269_hsBignet_baseline_nr2_b16,64,2.269185314213022,19800,6,1,cross,v5_ks,0.205
L=64 baseline_nr2_b16 (P2.x C64),data/64Ising_T2.269_hsBignet_baseline_nr2_b16,64,2.269185314213022,19800,6,1,cross,v5_w1,0.3908899663786142
L=64 baseline_nr2_b16 (P2.x C64),data/64Ising_T2.269_hsBignet_baseline_nr2_b16,64,2.269185314213022,19800,6,1,cross,v5_rms_g,nan
L=64 i2_stride8h32_nr2_b16 (P2.x D64 ★),data/64Ising_T2.269_hsBignet_i2_stride8h32_nr2_b16,64,2.269185314213022,19800,0,64,mera_subsampled,moment_mean,-0.01689569093286991
L=64 i2_stride8h32_nr2_b16 (P2.x D64 ★),data/64Ising_T2.269_hsBignet_i2_stride8h32_nr2_b16,64,2.269185314213022,19800,0,64,mera_subsampled,moment_std,3.5013132095336914
L=64 i2_stride8h32_nr2_b16 (P2.x D64 ★),data/64Ising_T2.269_hsBignet_i2_stride8h32_nr2_b16,64,2.269185314213022,19800,0,64,mera_subsampled,moment_var,12.259194374084473
L=64 i2_stride8h32_nr2_b16 (P2.x D64 ★),data/64Ising_T2.269_hsBignet_i2_stride8h32_nr2_b16,64,2.269185314213022,19800,0,64,mera_subsampled,moment_kurtosis,-1.3322957467744365
L=64 i2_stride8h32_nr2_b16 (P2.x D64 ★),data/64Ising_T2.269_hsBignet_i2_stride8h32_nr2_b16,64,2.269185314213022,19800,0,64,mera_subsampled,moment_skew,0.007592712038213583
L=64 i2_stride8h32_nr2_b16 (P2.x D64 ★),data/64Ising_T2.269_hsBignet_i2_stride8h32_nr2_b16,64,2.269185314213022,19800,1,32,mera_subsampled,moment_mean,1.3969967365264893
L=64 i2_stride8h32_nr2_b16 (P2.x D64 ★),data/64Ising_T2.269_hsBignet_i2_stride8h32_nr2_b16,64,2.269185314213022,19800,1,32,mera_subsampled,moment_std,15.947757720947266
L=64 i2_stride8h32_nr2_b16 (P2.x D64 ★),data/64Ising_T2.269_hsBignet_i2_stride8h32_nr2_b16,64,2.269185314213022,19800,1,32,mera_subsampled,moment_var,254.3309783935547
L=64 i2_stride8h32_nr2_b16 (P2.x D64 ★),data/64Ising_T2.269_hsBignet_i2_stride8h32_nr2_b16,64,2.269185314213022,19800,1,32,mera_subsampled,moment_kurtosis,-0.7325762990859261
L=64 i2_stride8h32_nr2_b16 (P2.x D64 ★),data/64Ising_T2.269_hsBignet_i2_stride8h32_nr2_b16,64,2.269185314213022,19800,1,32,mera_subsampled,moment_skew,0.31626642576061675
L=64 i2_stride8h32_nr2_b16 (P2.x D64 ★),data/64Ising_T2.269_hsBignet_i2_stride8h32_nr2_b16,64,2.269185314213022,19800,2,16,mera_subsampled,moment_mean,-3.436239719390869
L=64 i2_stride8h32_nr2_b16 (P2.x D64 ★),data/64Ising_T2.269_hsBignet_i2_stride8h32_nr2_b16,64,2.269185314213022,19800,2,16,mera_subsampled,moment_std,22.63212776184082
L=64 i2_stride8h32_nr2_b16 (P2.x D64 ★),data/64Ising_T2.269_hsBignet_i2_stride8h32_nr2_b16,64,2.269185314213022,19800,2,16,mera_subsampled,moment_var,512.2131958007812
L=64 i2_stride8h32_nr2_b16 (P2.x D64 ★),data/64Ising_T2.269_hsBignet_i2_stride8h32_nr2_b16,64,2.269185314213022,19800,2,16,mera_subsampled,moment_kurtosis,-0.8016244231783665
L=64 i2_stride8h32_nr2_b16 (P2.x D64 ★),data/64Ising_T2.269_hsBignet_i2_stride8h32_nr2_b16,64,2.269185314213022,19800,2,16,mera_subsampled,moment_skew,0.06198444069285014
L=64 i2_stride8h32_nr2_b16 (P2.x D64 ★),data/64Ising_T2.269_hsBignet_i2_stride8h32_nr2_b16,64,2.269185314213022,19800,3,8,mera_subsampled,moment_mean,-7.4521918296813965
L=64 i2_stride8h32_nr2_b16 (P2.x D64 ★),data/64Ising_T2.269_hsBignet_i2_stride8h32_nr2_b16,64,2.269185314213022,19800,3,8,mera_subsampled,moment_std,23.234699249267578
L=64 i2_stride8h32_nr2_b16 (P2.x D64 ★),data/64Ising_T2.269_hsBignet_i2_stride8h32_nr2_b16,64,2.269185314213022,19800,3,8,mera_subsampled,moment_var,539.8512573242188
L=64 i2_stride8h32_nr2_b16 (P2.x D64 ★),data/64Ising_T2.269_hsBignet_i2_stride8h32_nr2_b16,64,2.269185314213022,19800,3,8,mera_subsampled,moment_kurtosis,-0.9330144061910692
L=64 i2_stride8h32_nr2_b16 (P2.x D64 ★),data/64Ising_T2.269_hsBignet_i2_stride8h32_nr2_b16,64,2.269185314213022,19800,3,8,mera_subsampled,moment_skew,-0.18377904908672427
L=64 i2_stride8h32_nr2_b16 (P2.x D64 ★),data/64Ising_T2.269_hsBignet_i2_stride8h32_nr2_b16,64,2.269185314213022,19800,4,4,mera_subsampled,moment_mean,3.755419969558716
L=64 i2_stride8h32_nr2_b16 (P2.x D64 ★),data/64Ising_T2.269_hsBignet_i2_stride8h32_nr2_b16,64,2.269185314213022,19800,4,4,mera_subsampled,moment_std,13.987290382385254
L=64 i2_stride8h32_nr2_b16 (P2.x D64 ★),data/64Ising_T2.269_hsBignet_i2_stride8h32_nr2_b16,64,2.269185314213022,19800,4,4,mera_subsampled,moment_var,195.644287109375
L=64 i2_stride8h32_nr2_b16 (P2.x D64 ★),data/64Ising_T2.269_hsBignet_i2_stride8h32_nr2_b16,64,2.269185314213022,19800,4,4,mera_subsampled,moment_kurtosis,-0.5056633005723334
L=64 i2_stride8h32_nr2_b16 (P2.x D64 ★),data/64Ising_T2.269_hsBignet_i2_stride8h32_nr2_b16,64,2.269185314213022,19800,4,4,mera_subsampled,moment_skew,-0.2160491681980782
L=64 i2_stride8h32_nr2_b16 (P2.x D64 ★),data/64Ising_T2.269_hsBignet_i2_stride8h32_nr2_b16,64,2.269185314213022,19800,5,2,mera_subsampled,moment_mean,1.5038615465164185
L=64 i2_stride8h32_nr2_b16 (P2.x D64 ★),data/64Ising_T2.269_hsBignet_i2_stride8h32_nr2_b16,64,2.269185314213022,19800,5,2,mera_subsampled,moment_std,9.508432388305664
L=64 i2_stride8h32_nr2_b16 (P2.x D64 ★),data/64Ising_T2.269_hsBignet_i2_stride8h32_nr2_b16,64,2.269185314213022,19800,5,2,mera_subsampled,moment_var,90.41028594970703
L=64 i2_stride8h32_nr2_b16 (P2.x D64 ★),data/64Ising_T2.269_hsBignet_i2_stride8h32_nr2_b16,64,2.269185314213022,19800,5,2,mera_subsampled,moment_kurtosis,-0.010066292317757242
L=64 i2_stride8h32_nr2_b16 (P2.x D64 ★),data/64Ising_T2.269_hsBignet_i2_stride8h32_nr2_b16,64,2.269185314213022,19800,5,2,mera_subsampled,moment_skew,-0.29526270311031955
L=64 i2_stride8h32_nr2_b16 (P2.x D64 ★),data/64Ising_T2.269_hsBignet_i2_stride8h32_nr2_b16,64,2.269185314213022,19800,6,1,mera_subsampled,moment_mean,0.8247901797294617
L=64 i2_stride8h32_nr2_b16 (P2.x D64 ★),data/64Ising_T2.269_hsBignet_i2_stride8h32_nr2_b16,64,2.269185314213022,19800,6,1,mera_subsampled,moment_std,4.150412082672119
L=64 i2_stride8h32_nr2_b16 (P2.x D64 ★),data/64Ising_T2.269_hsBignet_i2_stride8h32_nr2_b16,64,2.269185314213022,19800,6,1,mera_subsampled,moment_var,17.225919723510742
L=64 i2_stride8h32_nr2_b16 (P2.x D64 ★),data/64Ising_T2.269_hsBignet_i2_stride8h32_nr2_b16,64,2.269185314213022,19800,6,1,mera_subsampled,moment_kurtosis,-0.1607319655698367
L=64 i2_stride8h32_nr2_b16 (P2.x D64 ★),data/64Ising_T2.269_hsBignet_i2_stride8h32_nr2_b16,64,2.269185314213022,19800,6,1,mera_subsampled,moment_skew,-0.25990226385960197
L=64 i2_stride8h32_nr2_b16 (P2.x D64 ★),data/64Ising_T2.269_hsBignet_i2_stride8h32_nr2_b16,64,2.269185314213022,19800,0,64,blockRG,moment_mean,-0.01689569093286991
L=64 i2_stride8h32_nr2_b16 (P2.x D64 ★),data/64Ising_T2.269_hsBignet_i2_stride8h32_nr2_b16,64,2.269185314213022,19800,0,64,blockRG,moment_std,3.5013132095336914
L=64 i2_stride8h32_nr2_b16 (P2.x D64 ★),data/64Ising_T2.269_hsBignet_i2_stride8h32_nr2_b16,64,2.269185314213022,19800,0,64,blockRG,moment_var,12.259194374084473
L=64 i2_stride8h32_nr2_b16 (P2.x D64 ★),data/64Ising_T2.269_hsBignet_i2_stride8h32_nr2_b16,64,2.269185314213022,19800,0,64,blockRG,moment_kurtosis,-1.3322957467744365
L=64 i2_stride8h32_nr2_b16 (P2.x D64 ★),data/64Ising_T2.269_hsBignet_i2_stride8h32_nr2_b16,64,2.269185314213022,19800,0,64,blockRG,moment_skew,0.007592712038213583
L=64 i2_stride8h32_nr2_b16 (P2.x D64 ★),data/64Ising_T2.269_hsBignet_i2_stride8h32_nr2_b16,64,2.269185314213022,19800,1,32,blockRG,moment_mean,-0.01689569465816021
L=64 i2_stride8h32_nr2_b16 (P2.x D64 ★),data/64Ising_T2.269_hsBignet_i2_stride8h32_nr2_b16,64,2.269185314213022,19800,1,32,blockRG,moment_std,3.1695361137390137
L=64 i2_stride8h32_nr2_b16 (P2.x D64 ★),data/64Ising_T2.269_hsBignet_i2_stride8h32_nr2_b16,64,2.269185314213022,19800,1,32,blockRG,moment_var,10.045958518981934
L=64 i2_stride8h32_nr2_b16 (P2.x D64 ★),data/64Ising_T2.269_hsBignet_i2_stride8h32_nr2_b16,64,2.269185314213022,19800,1,32,blockRG,moment_kurtosis,-1.5261650073356092
L=64 i2_stride8h32_nr2_b16 (P2.x D64 ★),data/64Ising_T2.269_hsBignet_i2_stride8h32_nr2_b16,64,2.269185314213022,19800,1,32,blockRG,moment_skew,0.008613123990872324
L=64 i2_stride8h32_nr2_b16 (P2.x D64 ★),data/64Ising_T2.269_hsBignet_i2_stride8h32_nr2_b16,64,2.269185314213022,19800,2,16,blockRG,moment_mean,-0.016895700246095657
L=64 i2_stride8h32_nr2_b16 (P2.x D64 ★),data/64Ising_T2.269_hsBignet_i2_stride8h32_nr2_b16,64,2.269185314213022,19800,2,16,blockRG,moment_std,2.8879222869873047
L=64 i2_stride8h32_nr2_b16 (P2.x D64 ★),data/64Ising_T2.269_hsBignet_i2_stride8h32_nr2_b16,64,2.269185314213022,19800,2,16,blockRG,moment_var,8.340094566345215
L=64 i2_stride8h32_nr2_b16 (P2.x D64 ★),data/64Ising_T2.269_hsBignet_i2_stride8h32_nr2_b16,64,2.269185314213022,19800,2,16,blockRG,moment_kurtosis,-1.641517030003369
L=64 i2_stride8h32_nr2_b16 (P2.x D64 ★),data/64Ising_T2.269_hsBignet_i2_stride8h32_nr2_b16,64,2.269185314213022,19800,2,16,blockRG,moment_skew,0.009944519520017259
L=64 i2_stride8h32_nr2_b16 (P2.x D64 ★),data/64Ising_T2.269_hsBignet_i2_stride8h32_nr2_b16,64,2.269185314213022,19800,3,8,blockRG,moment_mean,-0.016895702108740807
L=64 i2_stride8h32_nr2_b16 (P2.x D64 ★),data/64Ising_T2.269_hsBignet_i2_stride8h32_nr2_b16,64,2.269185314213022,19800,3,8,blockRG,moment_std,2.6576743125915527
L=64 i2_stride8h32_nr2_b16 (P2.x D64 ★),data/64Ising_T2.269_hsBignet_i2_stride8h32_nr2_b16,64,2.269185314213022,19800,3,8,blockRG,moment_var,7.063232421875
L=64 i2_stride8h32_nr2_b16 (P2.x D64 ★),data/64Ising_T2.269_hsBignet_i2_stride8h32_nr2_b16,64,2.269185314213022,19800,3,8,blockRG,moment_kurtosis,-1.6921270765079353
L=64 i2_stride8h32_nr2_b16 (P2.x D64 ★),data/64Ising_T2.269_hsBignet_i2_stride8h32_nr2_b16,64,2.269185314213022,19800,3,8,blockRG,moment_skew,0.011755510912779044
L=64 i2_stride8h32_nr2_b16 (P2.x D64 ★),data/64Ising_T2.269_hsBignet_i2_stride8h32_nr2_b16,64,2.269185314213022,19800,4,4,blockRG,moment_mean,-0.016895698383450508
L=64 i2_stride8h32_nr2_b16 (P2.x D64 ★),data/64Ising_T2.269_hsBignet_i2_stride8h32_nr2_b16,64,2.269185314213022,19800,4,4,blockRG,moment_std,2.472313165664673
L=64 i2_stride8h32_nr2_b16 (P2.x D64 ★),data/64Ising_T2.269_hsBignet_i2_stride8h32_nr2_b16,64,2.269185314213022,19800,4,4,blockRG,moment_var,6.112332344055176
L=64 i2_stride8h32_nr2_b16 (P2.x D64 ★),data/64Ising_T2.269_hsBignet_i2_stride8h32_nr2_b16,64,2.269185314213022,19800,4,4,blockRG,moment_kurtosis,-1.7318575697353762
L=64 i2_stride8h32_nr2_b16 (P2.x D64 ★),data/64Ising_T2.269_hsBignet_i2_stride8h32_nr2_b16,64,2.269185314213022,19800,4,4,blockRG,moment_skew,0.010836778896408076
L=64 i2_stride8h32_nr2_b16 (P2.x D64 ★),data/64Ising_T2.269_hsBignet_i2_stride8h32_nr2_b16,64,2.269185314213022,19800,5,2,blockRG,moment_mean,-0.016895702108740807
L=64 i2_stride8h32_nr2_b16 (P2.x D64 ★),data/64Ising_T2.269_hsBignet_i2_stride8h32_nr2_b16,64,2.269185314213022,19800,5,2,blockRG,moment_std,2.331963539123535
L=64 i2_stride8h32_nr2_b16 (P2.x D64 ★),data/64Ising_T2.269_hsBignet_i2_stride8h32_nr2_b16,64,2.269185314213022,19800,5,2,blockRG,moment_var,5.438053607940674
L=64 i2_stride8h32_nr2_b16 (P2.x D64 ★),data/64Ising_T2.269_hsBignet_i2_stride8h32_nr2_b16,64,2.269185314213022,19800,5,2,blockRG,moment_kurtosis,-1.7846850833554164
L=64 i2_stride8h32_nr2_b16 (P2.x D64 ★),data/64Ising_T2.269_hsBignet_i2_stride8h32_nr2_b16,64,2.269185314213022,19800,5,2,blockRG,moment_skew,0.01059472630841828
L=64 i2_stride8h32_nr2_b16 (P2.x D64 ★),data/64Ising_T2.269_hsBignet_i2_stride8h32_nr2_b16,64,2.269185314213022,19800,6,1,blockRG,moment_mean,-0.01689569465816021
L=64 i2_stride8h32_nr2_b16 (P2.x D64 ★),data/64Ising_T2.269_hsBignet_i2_stride8h32_nr2_b16,64,2.269185314213022,19800,6,1,blockRG,moment_std,2.267432689666748
L=64 i2_stride8h32_nr2_b16 (P2.x D64 ★),data/64Ising_T2.269_hsBignet_i2_stride8h32_nr2_b16,64,2.269185314213022,19800,6,1,blockRG,moment_var,5.141251087188721
L=64 i2_stride8h32_nr2_b16 (P2.x D64 ★),data/64Ising_T2.269_hsBignet_i2_stride8h32_nr2_b16,64,2.269185314213022,19800,6,1,blockRG,moment_kurtosis,-1.846679190382867
L=64 i2_stride8h32_nr2_b16 (P2.x D64 ★),data/64Ising_T2.269_hsBignet_i2_stride8h32_nr2_b16,64,2.269185314213022,19800,6,1,blockRG,moment_skew,0.006558048042675441
L=64 i2_stride8h32_nr2_b16 (P2.x D64 ★),data/64Ising_T2.269_hsBignet_i2_stride8h32_nr2_b16,64,2.269185314213022,19800,0,64,cross,v5_ks,0.003970000000000001
L=64 i2_stride8h32_nr2_b16 (P2.x D64 ★),data/64Ising_T2.269_hsBignet_i2_stride8h32_nr2_b16,64,2.269185314213022,19800,0,64,cross,v5_w1,0.009729056270474028
L=64 i2_stride8h32_nr2_b16 (P2.x D64 ★),data/64Ising_T2.269_hsBignet_i2_stride8h32_nr2_b16,64,2.269185314213022,19800,0,64,cross,v5_rms_g,0.0
L=64 i2_stride8h32_nr2_b16 (P2.x D64 ★),data/64Ising_T2.269_hsBignet_i2_stride8h32_nr2_b16,64,2.269185314213022,19800,1,32,cross,v5_ks,0.09184999999999999
L=64 i2_stride8h32_nr2_b16 (P2.x D64 ★),data/64Ising_T2.269_hsBignet_i2_stride8h32_nr2_b16,64,2.269185314213022,19800,1,32,cross,v5_w1,0.1694489595020583
L=64 i2_stride8h32_nr2_b16 (P2.x D64 ★),data/64Ising_T2.269_hsBignet_i2_stride8h32_nr2_b16,64,2.269185314213022,19800,1,32,cross,v5_rms_g,0.15829895436763763
L=64 i2_stride8h32_nr2_b16 (P2.x D64 ★),data/64Ising_T2.269_hsBignet_i2_stride8h32_nr2_b16,64,2.269185314213022,19800,2,16,cross,v5_ks,0.10831500000000005
L=64 i2_stride8h32_nr2_b16 (P2.x D64 ★),data/64Ising_T2.269_hsBignet_i2_stride8h32_nr2_b16,64,2.269185314213022,19800,2,16,cross,v5_w1,0.2110931154688238
L=64 i2_stride8h32_nr2_b16 (P2.x D64 ★),data/64Ising_T2.269_hsBignet_i2_stride8h32_nr2_b16,64,2.269185314213022,19800,2,16,cross,v5_rms_g,0.17374351620674133
L=64 i2_stride8h32_nr2_b16 (P2.x D64 ★),data/64Ising_T2.269_hsBignet_i2_stride8h32_nr2_b16,64,2.269185314213022,19800,3,8,cross,v5_ks,0.10864843750000008
L=64 i2_stride8h32_nr2_b16 (P2.x D64 ★),data/64Ising_T2.269_hsBignet_i2_stride8h32_nr2_b16,64,2.269185314213022,19800,3,8,cross,v5_w1,0.21769842898060499
L=64 i2_stride8h32_nr2_b16 (P2.x D64 ★),data/64Ising_T2.269_hsBignet_i2_stride8h32_nr2_b16,64,2.269185314213022,19800,3,8,cross,v5_rms_g,0.14789249002933502
L=64 i2_stride8h32_nr2_b16 (P2.x D64 ★),data/64Ising_T2.269_hsBignet_i2_stride8h32_nr2_b16,64,2.269185314213022,19800,4,4,cross,v5_ks,0.140125
L=64 i2_stride8h32_nr2_b16 (P2.x D64 ★),data/64Ising_T2.269_hsBignet_i2_stride8h32_nr2_b16,64,2.269185314213022,19800,4,4,cross,v5_w1,0.26512036600449984
L=64 i2_stride8h32_nr2_b16 (P2.x D64 ★),data/64Ising_T2.269_hsBignet_i2_stride8h32_nr2_b16,64,2.269185314213022,19800,4,4,cross,v5_rms_g,0.30619385838508606
L=64 i2_stride8h32_nr2_b16 (P2.x D64 ★),data/64Ising_T2.269_hsBignet_i2_stride8h32_nr2_b16,64,2.269185314213022,19800,5,2,cross,v5_ks,0.175375
L=64 i2_stride8h32_nr2_b16 (P2.x D64 ★),data/64Ising_T2.269_hsBignet_i2_stride8h32_nr2_b16,64,2.269185314213022,19800,5,2,cross,v5_w1,0.33874094117144704
L=64 i2_stride8h32_nr2_b16 (P2.x D64 ★),data/64Ising_T2.269_hsBignet_i2_stride8h32_nr2_b16,64,2.269185314213022,19800,5,2,cross,v5_rms_g,nan
L=64 i2_stride8h32_nr2_b16 (P2.x D64 ★),data/64Ising_T2.269_hsBignet_i2_stride8h32_nr2_b16,64,2.269185314213022,19800,6,1,cross,v5_ks,0.192
L=64 i2_stride8h32_nr2_b16 (P2.x D64 ★),data/64Ising_T2.269_hsBignet_i2_stride8h32_nr2_b16,64,2.269185314213022,19800,6,1,cross,v5_w1,0.36257825739061805
L=64 i2_stride8h32_nr2_b16 (P2.x D64 ★),data/64Ising_T2.269_hsBignet_i2_stride8h32_nr2_b16,64,2.269185314213022,19800,6,1,cross,v5_rms_g,nan
