label,folder,L,T,epoch,scale_s,metric,value
"T = 2.15  (low T, ordered)",data/32Ising_T2.15_hs_dataDriven,32,2.15,16500,0,moment_mean,0.07170471549034119
"T = 2.15  (low T, ordered)",data/32Ising_T2.15_hs_dataDriven,32,2.15,16500,0,moment_std,3.8077914714813232
"T = 2.15  (low T, ordered)",data/32Ising_T2.15_hs_dataDriven,32,2.15,16500,0,moment_var,14.499276161193848
"T = 2.15  (low T, ordered)",data/32Ising_T2.15_hs_dataDriven,32,2.15,16500,0,moment_kurtosis,-1.422247275224712
"T = 2.15  (low T, ordered)",data/32Ising_T2.15_hs_dataDriven,32,2.15,16500,0,moment_skew,-0.03001022170228763
"T = 2.15  (low T, ordered)",data/32Ising_T2.15_hs_dataDriven,32,2.15,16500,0,moment_L_s,32
"T = 2.15  (low T, ordered)",data/32Ising_T2.15_hs_dataDriven,32,2.15,16500,1,moment_mean,-6.434778213500977
"T = 2.15  (low T, ordered)",data/32Ising_T2.15_hs_dataDriven,32,2.15,16500,1,moment_std,13.858903884887695
"T = 2.15  (low T, ordered)",data/32Ising_T2.15_hs_dataDriven,32,2.15,16500,1,moment_var,192.0692138671875
"T = 2.15  (low T, ordered)",data/32Ising_T2.15_hs_dataDriven,32,2.15,16500,1,moment_kurtosis,-0.680001165313596
"T = 2.15  (low T, ordered)",data/32Ising_T2.15_hs_dataDriven,32,2.15,16500,1,moment_skew,-0.1340079972011286
"T = 2.15  (low T, ordered)",data/32Ising_T2.15_hs_dataDriven,32,2.15,16500,1,moment_L_s,16
"T = 2.15  (low T, ordered)",data/32Ising_T2.15_hs_dataDriven,32,2.15,16500,2,moment_mean,-4.807034015655518
"T = 2.15  (low T, ordered)",data/32Ising_T2.15_hs_dataDriven,32,2.15,16500,2,moment_std,13.083667755126953
"T = 2.15  (low T, ordered)",data/32Ising_T2.15_hs_dataDriven,32,2.15,16500,2,moment_var,171.18235778808594
"T = 2.15  (low T, ordered)",data/32Ising_T2.15_hs_dataDriven,32,2.15,16500,2,moment_kurtosis,-1.3312533748166537
"T = 2.15  (low T, ordered)",data/32Ising_T2.15_hs_dataDriven,32,2.15,16500,2,moment_skew,-0.05426699493014816
"T = 2.15  (low T, ordered)",data/32Ising_T2.15_hs_dataDriven,32,2.15,16500,2,moment_L_s,8
"T = 2.15  (low T, ordered)",data/32Ising_T2.15_hs_dataDriven,32,2.15,16500,3,moment_mean,-0.8373194336891174
"T = 2.15  (low T, ordered)",data/32Ising_T2.15_hs_dataDriven,32,2.15,16500,3,moment_std,7.11987829208374
"T = 2.15  (low T, ordered)",data/32Ising_T2.15_hs_dataDriven,32,2.15,16500,3,moment_var,50.692665100097656
"T = 2.15  (low T, ordered)",data/32Ising_T2.15_hs_dataDriven,32,2.15,16500,3,moment_kurtosis,-1.3764060220368526
"T = 2.15  (low T, ordered)",data/32Ising_T2.15_hs_dataDriven,32,2.15,16500,3,moment_skew,-0.014845041372176928
"T = 2.15  (low T, ordered)",data/32Ising_T2.15_hs_dataDriven,32,2.15,16500,3,moment_L_s,4
"T = 2.15  (low T, ordered)",data/32Ising_T2.15_hs_dataDriven,32,2.15,16500,4,moment_mean,0.6714745759963989
"T = 2.15  (low T, ordered)",data/32Ising_T2.15_hs_dataDriven,32,2.15,16500,4,moment_std,5.945944309234619
"T = 2.15  (low T, ordered)",data/32Ising_T2.15_hs_dataDriven,32,2.15,16500,4,moment_var,35.354251861572266
"T = 2.15  (low T, ordered)",data/32Ising_T2.15_hs_dataDriven,32,2.15,16500,4,moment_kurtosis,-1.2525780799956365
"T = 2.15  (low T, ordered)",data/32Ising_T2.15_hs_dataDriven,32,2.15,16500,4,moment_skew,0.017363801378467665
"T = 2.15  (low T, ordered)",data/32Ising_T2.15_hs_dataDriven,32,2.15,16500,4,moment_L_s,2
"T = 2.15  (low T, ordered)",data/32Ising_T2.15_hs_dataDriven,32,2.15,16500,5,moment_mean,0.5226792097091675
"T = 2.15  (low T, ordered)",data/32Ising_T2.15_hs_dataDriven,32,2.15,16500,5,moment_std,4.895700931549072
"T = 2.15  (low T, ordered)",data/32Ising_T2.15_hs_dataDriven,32,2.15,16500,5,moment_var,23.9678897857666
"T = 2.15  (low T, ordered)",data/32Ising_T2.15_hs_dataDriven,32,2.15,16500,5,moment_kurtosis,-1.0123550173790512
"T = 2.15  (low T, ordered)",data/32Ising_T2.15_hs_dataDriven,32,2.15,16500,5,moment_skew,-0.012322529034006685
"T = 2.15  (low T, ordered)",data/32Ising_T2.15_hs_dataDriven,32,2.15,16500,5,moment_L_s,1
"T = 2.15  (low T, ordered)",data/32Ising_T2.15_hs_dataDriven,32,2.15,16500,0_to_1,adj_ks,0.11367000000000005
"T = 2.15  (low T, ordered)",data/32Ising_T2.15_hs_dataDriven,32,2.15,16500,0_to_1,adj_w1,0.16642629389451466
"T = 2.15  (low T, ordered)",data/32Ising_T2.15_hs_dataDriven,32,2.15,16500,0_to_1,adj_rms_g,0.05009622126817703
"T = 2.15  (low T, ordered)",data/32Ising_T2.15_hs_dataDriven,32,2.15,16500,1_to_2,adj_ks,0.1289296875
"T = 2.15  (low T, ordered)",data/32Ising_T2.15_hs_dataDriven,32,2.15,16500,1_to_2,adj_w1,0.14814354145101277
"T = 2.15  (low T, ordered)",data/32Ising_T2.15_hs_dataDriven,32,2.15,16500,1_to_2,adj_rms_g,0.09339796751737595
"T = 2.15  (low T, ordered)",data/32Ising_T2.15_hs_dataDriven,32,2.15,16500,2_to_3,adj_ks,0.039281250000000045
"T = 2.15  (low T, ordered)",data/32Ising_T2.15_hs_dataDriven,32,2.15,16500,2_to_3,adj_w1,0.04942784541374276
"T = 2.15  (low T, ordered)",data/32Ising_T2.15_hs_dataDriven,32,2.15,16500,2_to_3,adj_rms_g,0.01183244213461876
"T = 2.15  (low T, ordered)",data/32Ising_T2.15_hs_dataDriven,32,2.15,16500,3_to_4,adj_ks,0.0255
"T = 2.15  (low T, ordered)",data/32Ising_T2.15_hs_dataDriven,32,2.15,16500,3_to_4,adj_w1,0.024959136671546707
"T = 2.15  (low T, ordered)",data/32Ising_T2.15_hs_dataDriven,32,2.15,16500,3_to_4,adj_rms_g,nan
"T = 2.15  (low T, ordered)",data/32Ising_T2.15_hs_dataDriven,32,2.15,16500,4_to_5,adj_ks,0.029
"T = 2.15  (low T, ordered)",data/32Ising_T2.15_hs_dataDriven,32,2.15,16500,4_to_5,adj_w1,0.04205307187154539
"T = 2.15  (low T, ordered)",data/32Ising_T2.15_hs_dataDriven,32,2.15,16500,4_to_5,adj_rms_g,nan
"T = 2.269 (T_c, hs_dataDriven)",data/32Ising_T2.269185314213022_hs_dataDriven,32,2.269185314213022,16000,0,moment_mean,-0.03459131717681885
"T = 2.269 (T_c, hs_dataDriven)",data/32Ising_T2.269185314213022_hs_dataDriven,32,2.269185314213022,16000,0,moment_std,3.50704026222229
"T = 2.269 (T_c, hs_dataDriven)",data/32Ising_T2.269185314213022_hs_dataDriven,32,2.269185314213022,16000,0,moment_var,12.299330711364746
"T = 2.269 (T_c, hs_dataDriven)",data/32Ising_T2.269185314213022_hs_dataDriven,32,2.269185314213022,16000,0,moment_kurtosis,-1.333952273373866
"T = 2.269 (T_c, hs_dataDriven)",data/32Ising_T2.269185314213022_hs_dataDriven,32,2.269185314213022,16000,0,moment_skew,0.015193538311129993
"T = 2.269 (T_c, hs_dataDriven)",data/32Ising_T2.269185314213022_hs_dataDriven,32,2.269185314213022,16000,0,moment_L_s,32
"T = 2.269 (T_c, hs_dataDriven)",data/32Ising_T2.269185314213022_hs_dataDriven,32,2.269185314213022,16000,1,moment_mean,-3.263361930847168
"T = 2.269 (T_c, hs_dataDriven)",data/32Ising_T2.269185314213022_hs_dataDriven,32,2.269185314213022,16000,1,moment_std,8.347613334655762
"T = 2.269 (T_c, hs_dataDriven)",data/32Ising_T2.269185314213022_hs_dataDriven,32,2.269185314213022,16000,1,moment_var,69.68264770507812
"T = 2.269 (T_c, hs_dataDriven)",data/32Ising_T2.269185314213022_hs_dataDriven,32,2.269185314213022,16000,1,moment_kurtosis,-0.674766592232181
"T = 2.269 (T_c, hs_dataDriven)",data/32Ising_T2.269185314213022_hs_dataDriven,32,2.269185314213022,16000,1,moment_skew,-0.5874693556529066
"T = 2.269 (T_c, hs_dataDriven)",data/32Ising_T2.269185314213022_hs_dataDriven,32,2.269185314213022,16000,1,moment_L_s,16
"T = 2.269 (T_c, hs_dataDriven)",data/32Ising_T2.269185314213022_hs_dataDriven,32,2.269185314213022,16000,2,moment_mean,-4.739835739135742
"T = 2.269 (T_c, hs_dataDriven)",data/32Ising_T2.269185314213022_hs_dataDriven,32,2.269185314213022,16000,2,moment_std,14.32494831085205
"T = 2.269 (T_c, hs_dataDriven)",data/32Ising_T2.269185314213022_hs_dataDriven,32,2.269185314213022,16000,2,moment_var,205.2041473388672
"T = 2.269 (T_c, hs_dataDriven)",data/32Ising_T2.269185314213022_hs_dataDriven,32,2.269185314213022,16000,2,moment_kurtosis,-1.1593584200184885
"T = 2.269 (T_c, hs_dataDriven)",data/32Ising_T2.269185314213022_hs_dataDriven,32,2.269185314213022,16000,2,moment_skew,-0.351670103939842
"T = 2.269 (T_c, hs_dataDriven)",data/32Ising_T2.269185314213022_hs_dataDriven,32,2.269185314213022,16000,2,moment_L_s,8
"T = 2.269 (T_c, hs_dataDriven)",data/32Ising_T2.269185314213022_hs_dataDriven,32,2.269185314213022,16000,3,moment_mean,-13.324358940124512
"T = 2.269 (T_c, hs_dataDriven)",data/32Ising_T2.269185314213022_hs_dataDriven,32,2.269185314213022,16000,3,moment_std,28.941694259643555
"T = 2.269 (T_c, hs_dataDriven)",data/32Ising_T2.269185314213022_hs_dataDriven,32,2.269185314213022,16000,3,moment_var,837.6216430664062
"T = 2.269 (T_c, hs_dataDriven)",data/32Ising_T2.269185314213022_hs_dataDriven,32,2.269185314213022,16000,3,moment_kurtosis,-1.258003063664568
"T = 2.269 (T_c, hs_dataDriven)",data/32Ising_T2.269185314213022_hs_dataDriven,32,2.269185314213022,16000,3,moment_skew,-0.35876475954187564
"T = 2.269 (T_c, hs_dataDriven)",data/32Ising_T2.269185314213022_hs_dataDriven,32,2.269185314213022,16000,3,moment_L_s,4
"T = 2.269 (T_c, hs_dataDriven)",data/32Ising_T2.269185314213022_hs_dataDriven,32,2.269185314213022,16000,4,moment_mean,12.697222709655762
"T = 2.269 (T_c, hs_dataDriven)",data/32Ising_T2.269185314213022_hs_dataDriven,32,2.269185314213022,16000,4,moment_std,24.18898582458496
"T = 2.269 (T_c, hs_dataDriven)",data/32Ising_T2.269185314213022_hs_dataDriven,32,2.269185314213022,16000,4,moment_var,585.1069946289062
"T = 2.269 (T_c, hs_dataDriven)",data/32Ising_T2.269185314213022_hs_dataDriven,32,2.269185314213022,16000,4,moment_kurtosis,-1.4572525955549782
"T = 2.269 (T_c, hs_dataDriven)",data/32Ising_T2.269185314213022_hs_dataDriven,32,2.269185314213022,16000,4,moment_skew,0.2672633283999135
"T = 2.269 (T_c, hs_dataDriven)",data/32Ising_T2.269185314213022_hs_dataDriven,32,2.269185314213022,16000,4,moment_L_s,2
"T = 2.269 (T_c, hs_dataDriven)",data/32Ising_T2.269185314213022_hs_dataDriven,32,2.269185314213022,16000,5,moment_mean,6.628767013549805
"T = 2.269 (T_c, hs_dataDriven)",data/32Ising_T2.269185314213022_hs_dataDriven,32,2.269185314213022,16000,5,moment_std,11.135059356689453
"T = 2.269 (T_c, hs_dataDriven)",data/32Ising_T2.269185314213022_hs_dataDriven,32,2.269185314213022,16000,5,moment_var,123.98954772949219
"T = 2.269 (T_c, hs_dataDriven)",data/32Ising_T2.269185314213022_hs_dataDriven,32,2.269185314213022,16000,5,moment_kurtosis,-1.0591520520295532
"T = 2.269 (T_c, hs_dataDriven)",data/32Ising_T2.269185314213022_hs_dataDriven,32,2.269185314213022,16000,5,moment_skew,0.43079579472682844
"T = 2.269 (T_c, hs_dataDriven)",data/32Ising_T2.269185314213022_hs_dataDriven,32,2.269185314213022,16000,5,moment_L_s,1
"T = 2.269 (T_c, hs_dataDriven)",data/32Ising_T2.269185314213022_hs_dataDriven,32,2.269185314213022,16000,0_to_1,adj_ks,0.09516999999999998
"T = 2.269 (T_c, hs_dataDriven)",data/32Ising_T2.269185314213022_hs_dataDriven,32,2.269185314213022,16000,0_to_1,adj_w1,0.2072605458524966
"T = 2.269 (T_c, hs_dataDriven)",data/32Ising_T2.269185314213022_hs_dataDriven,32,2.269185314213022,16000,0_to_1,adj_rms_g,0.07620188593864441
"T = 2.269 (T_c, hs_dataDriven)",data/32Ising_T2.269185314213022_hs_dataDriven,32,2.269185314213022,16000,1_to_2,adj_ks,0.06637500000000007
"T = 2.269 (T_c, hs_dataDriven)",data/32Ising_T2.269185314213022_hs_dataDriven,32,2.269185314213022,16000,1_to_2,adj_w1,0.0911825534827276
"T = 2.269 (T_c, hs_dataDriven)",data/32Ising_T2.269185314213022_hs_dataDriven,32,2.269185314213022,16000,1_to_2,adj_rms_g,0.1013798639178276
"T = 2.269 (T_c, hs_dataDriven)",data/32Ising_T2.269185314213022_hs_dataDriven,32,2.269185314213022,16000,2_to_3,adj_ks,0.026000000000000023
"T = 2.269 (T_c, hs_dataDriven)",data/32Ising_T2.269185314213022_hs_dataDriven,32,2.269185314213022,16000,2_to_3,adj_w1,0.029951222241096545
"T = 2.269 (T_c, hs_dataDriven)",data/32Ising_T2.269185314213022_hs_dataDriven,32,2.269185314213022,16000,2_to_3,adj_rms_g,0.061485618352890015
"T = 2.269 (T_c, hs_dataDriven)",data/32Ising_T2.269185314213022_hs_dataDriven,32,2.269185314213022,16000,3_to_4,adj_ks,0.118
"T = 2.269 (T_c, hs_dataDriven)",data/32Ising_T2.269185314213022_hs_dataDriven,32,2.269185314213022,16000,3_to_4,adj_w1,0.23855377829482316
"T = 2.269 (T_c, hs_dataDriven)",data/32Ising_T2.269185314213022_hs_dataDriven,32,2.269185314213022,16000,3_to_4,adj_rms_g,nan
"T = 2.269 (T_c, hs_dataDriven)",data/32Ising_T2.269185314213022_hs_dataDriven,32,2.269185314213022,16000,4_to_5,adj_ks,0.053
"T = 2.269 (T_c, hs_dataDriven)",data/32Ising_T2.269185314213022_hs_dataDriven,32,2.269185314213022,16000,4_to_5,adj_w1,0.09296610267466167
"T = 2.269 (T_c, hs_dataDriven)",data/32Ising_T2.269185314213022_hs_dataDriven,32,2.269185314213022,16000,4_to_5,adj_rms_g,nan
"T = 2.269 (T_c, hs_bignet)",data/32Ising_T2.269_hs_bignet,32,2.269185314213022,9500,0,moment_mean,-0.03459131717681885
"T = 2.269 (T_c, hs_bignet)",data/32Ising_T2.269_hs_bignet,32,2.269185314213022,9500,0,moment_std,3.50704026222229
"T = 2.269 (T_c, hs_bignet)",data/32Ising_T2.269_hs_bignet,32,2.269185314213022,9500,0,moment_var,12.299330711364746
"T = 2.269 (T_c, hs_bignet)",data/32Ising_T2.269_hs_bignet,32,2.269185314213022,9500,0,moment_kurtosis,-1.333952273373866
"T = 2.269 (T_c, hs_bignet)",data/32Ising_T2.269_hs_bignet,32,2.269185314213022,9500,0,moment_skew,0.015193538311129993
"T = 2.269 (T_c, hs_bignet)",data/32Ising_T2.269_hs_bignet,32,2.269185314213022,9500,0,moment_L_s,32
"T = 2.269 (T_c, hs_bignet)",data/32Ising_T2.269_hs_bignet,32,2.269185314213022,9500,1,moment_mean,1.3132463693618774
"T = 2.269 (T_c, hs_bignet)",data/32Ising_T2.269_hs_bignet,32,2.269185314213022,9500,1,moment_std,8.377580642700195
"T = 2.269 (T_c, hs_bignet)",data/32Ising_T2.269_hs_bignet,32,2.269185314213022,9500,1,moment_var,70.1838607788086
"T = 2.269 (T_c, hs_bignet)",data/32Ising_T2.269_hs_bignet,32,2.269185314213022,9500,1,moment_kurtosis,-1.0037132872870485
"T = 2.269 (T_c, hs_bignet)",data/32Ising_T2.269_hs_bignet,32,2.269185314213022,9500,1,moment_skew,0.10434658770044478
"T = 2.269 (T_c, hs_bignet)",data/32Ising_T2.269_hs_bignet,32,2.269185314213022,9500,1,moment_L_s,16
"T = 2.269 (T_c, hs_bignet)",data/32Ising_T2.269_hs_bignet,32,2.269185314213022,9500,2,moment_mean,6.449704647064209
"T = 2.269 (T_c, hs_bignet)",data/32Ising_T2.269_hs_bignet,32,2.269185314213022,9500,2,moment_std,15.921422004699707
"T = 2.269 (T_c, hs_bignet)",data/32Ising_T2.269_hs_bignet,32,2.269185314213022,9500,2,moment_var,253.49166870117188
"T = 2.269 (T_c, hs_bignet)",data/32Ising_T2.269_hs_bignet,32,2.269185314213022,9500,2,moment_kurtosis,-1.0578716230478329
"T = 2.269 (T_c, hs_bignet)",data/32Ising_T2.269_hs_bignet,32,2.269185314213022,9500,2,moment_skew,0.367232812972177
"T = 2.269 (T_c, hs_bignet)",data/32Ising_T2.269_hs_bignet,32,2.269185314213022,9500,2,moment_L_s,8
"T = 2.269 (T_c, hs_bignet)",data/32Ising_T2.269_hs_bignet,32,2.269185314213022,9500,3,moment_mean,-6.942422389984131
"T = 2.269 (T_c, hs_bignet)",data/32Ising_T2.269_hs_bignet,32,2.269185314213022,9500,3,moment_std,10.034053802490234
"T = 2.269 (T_c, hs_bignet)",data/32Ising_T2.269_hs_bignet,32,2.269185314213022,9500,3,moment_var,100.68223571777344
"T = 2.269 (T_c, hs_bignet)",data/32Ising_T2.269_hs_bignet,32,2.269185314213022,9500,3,moment_kurtosis,-1.2350607249552357
"T = 2.269 (T_c, hs_bignet)",data/32Ising_T2.269_hs_bignet,32,2.269185314213022,9500,3,moment_skew,-0.36500631696916264
"T = 2.269 (T_c, hs_bignet)",data/32Ising_T2.269_hs_bignet,32,2.269185314213022,9500,3,moment_L_s,4
"T = 2.269 (T_c, hs_bignet)",data/32Ising_T2.269_hs_bignet,32,2.269185314213022,9500,4,moment_mean,5.550717353820801
"T = 2.269 (T_c, hs_bignet)",data/32Ising_T2.269_hs_bignet,32,2.269185314213022,9500,4,moment_std,8.714001655578613
"T = 2.269 (T_c, hs_bignet)",data/32Ising_T2.269_hs_bignet,32,2.269185314213022,9500,4,moment_var,75.93382263183594
"T = 2.269 (T_c, hs_bignet)",data/32Ising_T2.269_hs_bignet,32,2.269185314213022,9500,4,moment_kurtosis,-1.4461139642359513
"T = 2.269 (T_c, hs_bignet)",data/32Ising_T2.269_hs_bignet,32,2.269185314213022,9500,4,moment_skew,0.09223421172531576
"T = 2.269 (T_c, hs_bignet)",data/32Ising_T2.269_hs_bignet,32,2.269185314213022,9500,4,moment_L_s,2
"T = 2.269 (T_c, hs_bignet)",data/32Ising_T2.269_hs_bignet,32,2.269185314213022,9500,5,moment_mean,3.0002076625823975
"T = 2.269 (T_c, hs_bignet)",data/32Ising_T2.269_hs_bignet,32,2.269185314213022,9500,5,moment_std,5.5031418800354
"T = 2.269 (T_c, hs_bignet)",data/32Ising_T2.269_hs_bignet,32,2.269185314213022,9500,5,moment_var,30.284568786621094
"T = 2.269 (T_c, hs_bignet)",data/32Ising_T2.269_hs_bignet,32,2.269185314213022,9500,5,moment_kurtosis,-1.1760358523833663
"T = 2.269 (T_c, hs_bignet)",data/32Ising_T2.269_hs_bignet,32,2.269185314213022,9500,5,moment_skew,0.11603495298979113
"T = 2.269 (T_c, hs_bignet)",data/32Ising_T2.269_hs_bignet,32,2.269185314213022,9500,5,moment_L_s,1
"T = 2.269 (T_c, hs_bignet)",data/32Ising_T2.269_hs_bignet,32,2.269185314213022,9500,0_to_1,adj_ks,0.05903999999999998
"T = 2.269 (T_c, hs_bignet)",data/32Ising_T2.269_hs_bignet,32,2.269185314213022,9500,0_to_1,adj_w1,0.08775278319012468
"T = 2.269 (T_c, hs_bignet)",data/32Ising_T2.269_hs_bignet,32,2.269185314213022,9500,0_to_1,adj_rms_g,0.06682617962360382
"T = 2.269 (T_c, hs_bignet)",data/32Ising_T2.269_hs_bignet,32,2.269185314213022,9500,1_to_2,adj_ks,0.051578124999999975
"T = 2.269 (T_c, hs_bignet)",data/32Ising_T2.269_hs_bignet,32,2.269185314213022,9500,1_to_2,adj_w1,0.09730781892126578
"T = 2.269 (T_c, hs_bignet)",data/32Ising_T2.269_hs_bignet,32,2.269185314213022,9500,1_to_2,adj_rms_g,0.11148621141910553
"T = 2.269 (T_c, hs_bignet)",data/32Ising_T2.269_hs_bignet,32,2.269185314213022,9500,2_to_3,adj_ks,0.11978125000000006
"T = 2.269 (T_c, hs_bignet)",data/32Ising_T2.269_hs_bignet,32,2.269185314213022,9500,2_to_3,adj_w1,0.2541033631594672
"T = 2.269 (T_c, hs_bignet)",data/32Ising_T2.269_hs_bignet,32,2.269185314213022,9500,2_to_3,adj_rms_g,0.08406901359558105
"T = 2.269 (T_c, hs_bignet)",data/32Ising_T2.269_hs_bignet,32,2.269185314213022,9500,3_to_4,adj_ks,0.08525
"T = 2.269 (T_c, hs_bignet)",data/32Ising_T2.269_hs_bignet,32,2.269185314213022,9500,3_to_4,adj_w1,0.1870717304568061
"T = 2.269 (T_c, hs_bignet)",data/32Ising_T2.269_hs_bignet,32,2.269185314213022,9500,3_to_4,adj_rms_g,nan
"T = 2.269 (T_c, hs_bignet)",data/32Ising_T2.269_hs_bignet,32,2.269185314213022,9500,4_to_5,adj_ks,0.0555
"T = 2.269 (T_c, hs_bignet)",data/32Ising_T2.269_hs_bignet,32,2.269185314213022,9500,4_to_5,adj_w1,0.06513449692484571
"T = 2.269 (T_c, hs_bignet)",data/32Ising_T2.269_hs_bignet,32,2.269185314213022,9500,4_to_5,adj_rms_g,nan
T_c sym_bignet (rev-KL),data/32Ising_T2.269_sym_bignet,32,2.269,5950,0,moment_mean,-0.03459131717681885
T_c sym_bignet (rev-KL),data/32Ising_T2.269_sym_bignet,32,2.269,5950,0,moment_std,3.50704026222229
T_c sym_bignet (rev-KL),data/32Ising_T2.269_sym_bignet,32,2.269,5950,0,moment_var,12.299330711364746
T_c sym_bignet (rev-KL),data/32Ising_T2.269_sym_bignet,32,2.269,5950,0,moment_kurtosis,-1.333952273373866
T_c sym_bignet (rev-KL),data/32Ising_T2.269_sym_bignet,32,2.269,5950,0,moment_skew,0.015193538311129993
T_c sym_bignet (rev-KL),data/32Ising_T2.269_sym_bignet,32,2.269,5950,0,moment_L_s,32
T_c sym_bignet (rev-KL),data/32Ising_T2.269_sym_bignet,32,2.269,5950,1,moment_mean,-0.08266893774271011
T_c sym_bignet (rev-KL),data/32Ising_T2.269_sym_bignet,32,2.269,5950,1,moment_std,2.119558095932007
T_c sym_bignet (rev-KL),data/32Ising_T2.269_sym_bignet,32,2.269,5950,1,moment_var,4.492526054382324
T_c sym_bignet (rev-KL),data/32Ising_T2.269_sym_bignet,32,2.269,5950,1,moment_kurtosis,0.26511236695341767
T_c sym_bignet (rev-KL),data/32Ising_T2.269_sym_bignet,32,2.269,5950,1,moment_skew,0.07634031037265077
T_c sym_bignet (rev-KL),data/32Ising_T2.269_sym_bignet,32,2.269,5950,1,moment_L_s,16
T_c sym_bignet (rev-KL),data/32Ising_T2.269_sym_bignet,32,2.269,5950,2,moment_mean,-0.14570941030979156
T_c sym_bignet (rev-KL),data/32Ising_T2.269_sym_bignet,32,2.269,5950,2,moment_std,1.9047330617904663
T_c sym_bignet (rev-KL),data/32Ising_T2.269_sym_bignet,32,2.269,5950,2,moment_var,3.6280081272125244
T_c sym_bignet (rev-KL),data/32Ising_T2.269_sym_bignet,32,2.269,5950,2,moment_kurtosis,0.1176947957145793
T_c sym_bignet (rev-KL),data/32Ising_T2.269_sym_bignet,32,2.269,5950,2,moment_skew,0.09136395428609942
T_c sym_bignet (rev-KL),data/32Ising_T2.269_sym_bignet,32,2.269,5950,2,moment_L_s,8
T_c sym_bignet (rev-KL),data/32Ising_T2.269_sym_bignet,32,2.269,5950,3,moment_mean,-0.08214705437421799
T_c sym_bignet (rev-KL),data/32Ising_T2.269_sym_bignet,32,2.269,5950,3,moment_std,1.4894979000091553
T_c sym_bignet (rev-KL),data/32Ising_T2.269_sym_bignet,32,2.269,5950,3,moment_var,2.2186038494110107
T_c sym_bignet (rev-KL),data/32Ising_T2.269_sym_bignet,32,2.269,5950,3,moment_kurtosis,0.03628968073195171
T_c sym_bignet (rev-KL),data/32Ising_T2.269_sym_bignet,32,2.269,5950,3,moment_skew,0.09646631591116028
T_c sym_bignet (rev-KL),data/32Ising_T2.269_sym_bignet,32,2.269,5950,3,moment_L_s,4
T_c sym_bignet (rev-KL),data/32Ising_T2.269_sym_bignet,32,2.269,5950,4,moment_mean,-0.15854565799236298
T_c sym_bignet (rev-KL),data/32Ising_T2.269_sym_bignet,32,2.269,5950,4,moment_std,1.1665176153182983
T_c sym_bignet (rev-KL),data/32Ising_T2.269_sym_bignet,32,2.269,5950,4,moment_var,1.3607633113861084
T_c sym_bignet (rev-KL),data/32Ising_T2.269_sym_bignet,32,2.269,5950,4,moment_kurtosis,0.0713062813771197
T_c sym_bignet (rev-KL),data/32Ising_T2.269_sym_bignet,32,2.269,5950,4,moment_skew,0.04886075340116923
T_c sym_bignet (rev-KL),data/32Ising_T2.269_sym_bignet,32,2.269,5950,4,moment_L_s,2
T_c sym_bignet (rev-KL),data/32Ising_T2.269_sym_bignet,32,2.269,5950,5,moment_mean,-0.01651407591998577
T_c sym_bignet (rev-KL),data/32Ising_T2.269_sym_bignet,32,2.269,5950,5,moment_std,0.9377486109733582
T_c sym_bignet (rev-KL),data/32Ising_T2.269_sym_bignet,32,2.269,5950,5,moment_var,0.8793724179267883
T_c sym_bignet (rev-KL),data/32Ising_T2.269_sym_bignet,32,2.269,5950,5,moment_kurtosis,-0.1061637794322654
T_c sym_bignet (rev-KL),data/32Ising_T2.269_sym_bignet,32,2.269,5950,5,moment_skew,0.05606991883681154
T_c sym_bignet (rev-KL),data/32Ising_T2.269_sym_bignet,32,2.269,5950,5,moment_L_s,1
T_c sym_bignet (rev-KL),data/32Ising_T2.269_sym_bignet,32,2.269,5950,0_to_1,adj_ks,0.10999000000000003
T_c sym_bignet (rev-KL),data/32Ising_T2.269_sym_bignet,32,2.269,5950,0_to_1,adj_w1,0.2278783376155453
T_c sym_bignet (rev-KL),data/32Ising_T2.269_sym_bignet,32,2.269,5950,0_to_1,adj_rms_g,0.5772216320037842
T_c sym_bignet (rev-KL),data/32Ising_T2.269_sym_bignet,32,2.269,5950,1_to_2,adj_ks,0.005578124999999989
T_c sym_bignet (rev-KL),data/32Ising_T2.269_sym_bignet,32,2.269,5950,1_to_2,adj_w1,0.009503846452624705
T_c sym_bignet (rev-KL),data/32Ising_T2.269_sym_bignet,32,2.269,5950,1_to_2,adj_rms_g,0.026157371699810028
T_c sym_bignet (rev-KL),data/32Ising_T2.269_sym_bignet,32,2.269,5950,2_to_3,adj_ks,0.003968749999999965
T_c sym_bignet (rev-KL),data/32Ising_T2.269_sym_bignet,32,2.269,5950,2_to_3,adj_w1,0.013898052322020876
T_c sym_bignet (rev-KL),data/32Ising_T2.269_sym_bignet,32,2.269,5950,2_to_3,adj_rms_g,0.03405775502324104
T_c sym_bignet (rev-KL),data/32Ising_T2.269_sym_bignet,32,2.269,5950,3_to_4,adj_ks,0.010875
T_c sym_bignet (rev-KL),data/32Ising_T2.269_sym_bignet,32,2.269,5950,3_to_4,adj_w1,0.01066233944384657
T_c sym_bignet (rev-KL),data/32Ising_T2.269_sym_bignet,32,2.269,5950,3_to_4,adj_rms_g,nan
T_c sym_bignet (rev-KL),data/32Ising_T2.269_sym_bignet,32,2.269,5950,4_to_5,adj_ks,0.0135
T_c sym_bignet (rev-KL),data/32Ising_T2.269_sym_bignet,32,2.269,5950,4_to_5,adj_w1,0.024901532636868055
T_c sym_bignet (rev-KL),data/32Ising_T2.269_sym_bignet,32,2.269,5950,4_to_5,adj_rms_g,nan
T_c pathgrad_bignet_long_ext (STL),data/32Ising_T2.269_pathgrad_bignet_long_ext,32,2.269,4950,0,moment_mean,-0.03459131717681885
T_c pathgrad_bignet_long_ext (STL),data/32Ising_T2.269_pathgrad_bignet_long_ext,32,2.269,4950,0,moment_std,3.50704026222229
T_c pathgrad_bignet_long_ext (STL),data/32Ising_T2.269_pathgrad_bignet_long_ext,32,2.269,4950,0,moment_var,12.299330711364746
T_c pathgrad_bignet_long_ext (STL),data/32Ising_T2.269_pathgrad_bignet_long_ext,32,2.269,4950,0,moment_kurtosis,-1.333952273373866
T_c pathgrad_bignet_long_ext (STL),data/32Ising_T2.269_pathgrad_bignet_long_ext,32,2.269,4950,0,moment_skew,0.015193538311129993
T_c pathgrad_bignet_long_ext (STL),data/32Ising_T2.269_pathgrad_bignet_long_ext,32,2.269,4950,0,moment_L_s,32
T_c pathgrad_bignet_long_ext (STL),data/32Ising_T2.269_pathgrad_bignet_long_ext,32,2.269,4950,1,moment_mean,0.1695084422826767
T_c pathgrad_bignet_long_ext (STL),data/32Ising_T2.269_pathgrad_bignet_long_ext,32,2.269,4950,1,moment_std,2.4545705318450928
T_c pathgrad_bignet_long_ext (STL),data/32Ising_T2.269_pathgrad_bignet_long_ext,32,2.269,4950,1,moment_var,6.024916648864746
T_c pathgrad_bignet_long_ext (STL),data/32Ising_T2.269_pathgrad_bignet_long_ext,32,2.269,4950,1,moment_kurtosis,0.15937349112835975
T_c pathgrad_bignet_long_ext (STL),data/32Ising_T2.269_pathgrad_bignet_long_ext,32,2.269,4950,1,moment_skew,-0.050043248304525556
T_c pathgrad_bignet_long_ext (STL),data/32Ising_T2.269_pathgrad_bignet_long_ext,32,2.269,4950,1,moment_L_s,16
T_c pathgrad_bignet_long_ext (STL),data/32Ising_T2.269_pathgrad_bignet_long_ext,32,2.269,4950,2,moment_mean,0.2151244729757309
T_c pathgrad_bignet_long_ext (STL),data/32Ising_T2.269_pathgrad_bignet_long_ext,32,2.269,4950,2,moment_std,1.929931879043579
T_c pathgrad_bignet_long_ext (STL),data/32Ising_T2.269_pathgrad_bignet_long_ext,32,2.269,4950,2,moment_var,3.724637031555176
T_c pathgrad_bignet_long_ext (STL),data/32Ising_T2.269_pathgrad_bignet_long_ext,32,2.269,4950,2,moment_kurtosis,0.037778718422931234
T_c pathgrad_bignet_long_ext (STL),data/32Ising_T2.269_pathgrad_bignet_long_ext,32,2.269,4950,2,moment_skew,-0.07897288044627737
T_c pathgrad_bignet_long_ext (STL),data/32Ising_T2.269_pathgrad_bignet_long_ext,32,2.269,4950,2,moment_L_s,8
T_c pathgrad_bignet_long_ext (STL),data/32Ising_T2.269_pathgrad_bignet_long_ext,32,2.269,4950,3,moment_mean,0.20265136659145355
T_c pathgrad_bignet_long_ext (STL),data/32Ising_T2.269_pathgrad_bignet_long_ext,32,2.269,4950,3,moment_std,1.343180775642395
T_c pathgrad_bignet_long_ext (STL),data/32Ising_T2.269_pathgrad_bignet_long_ext,32,2.269,4950,3,moment_var,1.804134726524353
T_c pathgrad_bignet_long_ext (STL),data/32Ising_T2.269_pathgrad_bignet_long_ext,32,2.269,4950,3,moment_kurtosis,-0.024592560306484046
T_c pathgrad_bignet_long_ext (STL),data/32Ising_T2.269_pathgrad_bignet_long_ext,32,2.269,4950,3,moment_skew,-0.08067455821015981
T_c pathgrad_bignet_long_ext (STL),data/32Ising_T2.269_pathgrad_bignet_long_ext,32,2.269,4950,3,moment_L_s,4
T_c pathgrad_bignet_long_ext (STL),data/32Ising_T2.269_pathgrad_bignet_long_ext,32,2.269,4950,4,moment_mean,0.06406731903553009
T_c pathgrad_bignet_long_ext (STL),data/32Ising_T2.269_pathgrad_bignet_long_ext,32,2.269,4950,4,moment_std,0.9676679968833923
T_c pathgrad_bignet_long_ext (STL),data/32Ising_T2.269_pathgrad_bignet_long_ext,32,2.269,4950,4,moment_var,0.9363813400268555
T_c pathgrad_bignet_long_ext (STL),data/32Ising_T2.269_pathgrad_bignet_long_ext,32,2.269,4950,4,moment_kurtosis,-0.03310202027366138
T_c pathgrad_bignet_long_ext (STL),data/32Ising_T2.269_pathgrad_bignet_long_ext,32,2.269,4950,4,moment_skew,-0.09286371343750274
T_c pathgrad_bignet_long_ext (STL),data/32Ising_T2.269_pathgrad_bignet_long_ext,32,2.269,4950,4,moment_L_s,2
T_c pathgrad_bignet_long_ext (STL),data/32Ising_T2.269_pathgrad_bignet_long_ext,32,2.269,4950,5,moment_mean,0.1815023124217987
T_c pathgrad_bignet_long_ext (STL),data/32Ising_T2.269_pathgrad_bignet_long_ext,32,2.269,4950,5,moment_std,0.959120512008667
T_c pathgrad_bignet_long_ext (STL),data/32Ising_T2.269_pathgrad_bignet_long_ext,32,2.269,4950,5,moment_var,0.9199120998382568
T_c pathgrad_bignet_long_ext (STL),data/32Ising_T2.269_pathgrad_bignet_long_ext,32,2.269,4950,5,moment_kurtosis,-0.13170176925874566
T_c pathgrad_bignet_long_ext (STL),data/32Ising_T2.269_pathgrad_bignet_long_ext,32,2.269,4950,5,moment_skew,-0.11230931945830828
T_c pathgrad_bignet_long_ext (STL),data/32Ising_T2.269_pathgrad_bignet_long_ext,32,2.269,4950,5,moment_L_s,1
T_c pathgrad_bignet_long_ext (STL),data/32Ising_T2.269_pathgrad_bignet_long_ext,32,2.269,4950,0_to_1,adj_ks,0.10958500000000004
T_c pathgrad_bignet_long_ext (STL),data/32Ising_T2.269_pathgrad_bignet_long_ext,32,2.269,4950,0_to_1,adj_w1,0.21987822284129815
T_c pathgrad_bignet_long_ext (STL),data/32Ising_T2.269_pathgrad_bignet_long_ext,32,2.269,4950,0_to_1,adj_rms_g,0.5714159607887268
T_c pathgrad_bignet_long_ext (STL),data/32Ising_T2.269_pathgrad_bignet_long_ext,32,2.269,4950,1_to_2,adj_ks,0.0065078124999999876
T_c pathgrad_bignet_long_ext (STL),data/32Ising_T2.269_pathgrad_bignet_long_ext,32,2.269,4950,1_to_2,adj_w1,0.016712136282132566
T_c pathgrad_bignet_long_ext (STL),data/32Ising_T2.269_pathgrad_bignet_long_ext,32,2.269,4950,1_to_2,adj_rms_g,0.04176711291074753
T_c pathgrad_bignet_long_ext (STL),data/32Ising_T2.269_pathgrad_bignet_long_ext,32,2.269,4950,2_to_3,adj_ks,0.0037500000000000033
T_c pathgrad_bignet_long_ext (STL),data/32Ising_T2.269_pathgrad_bignet_long_ext,32,2.269,4950,2_to_3,adj_w1,0.013143121483857252
T_c pathgrad_bignet_long_ext (STL),data/32Ising_T2.269_pathgrad_bignet_long_ext,32,2.269,4950,2_to_3,adj_rms_g,0.04471864178776741
T_c pathgrad_bignet_long_ext (STL),data/32Ising_T2.269_pathgrad_bignet_long_ext,32,2.269,4950,3_to_4,adj_ks,0.013
T_c pathgrad_bignet_long_ext (STL),data/32Ising_T2.269_pathgrad_bignet_long_ext,32,2.269,4950,3_to_4,adj_w1,0.013193008723388624
T_c pathgrad_bignet_long_ext (STL),data/32Ising_T2.269_pathgrad_bignet_long_ext,32,2.269,4950,3_to_4,adj_rms_g,nan
T_c pathgrad_bignet_long_ext (STL),data/32Ising_T2.269_pathgrad_bignet_long_ext,32,2.269,4950,4_to_5,adj_ks,0.015
T_c pathgrad_bignet_long_ext (STL),data/32Ising_T2.269_pathgrad_bignet_long_ext,32,2.269,4950,4_to_5,adj_w1,0.02336507135816645
T_c pathgrad_bignet_long_ext (STL),data/32Ising_T2.269_pathgrad_bignet_long_ext,32,2.269,4950,4_to_5,adj_rms_g,nan
"T = 2.40  (high T, disorder)",data/32Ising_T2.4_hs_dataDriven,32,2.4,17000,0,moment_mean,0.0014502692501991987
"T = 2.40  (high T, disorder)",data/32Ising_T2.4_hs_dataDriven,32,2.4,17000,0,moment_std,3.185211181640625
"T = 2.40  (high T, disorder)",data/32Ising_T2.4_hs_dataDriven,32,2.4,17000,0,moment_var,10.145570755004883
"T = 2.40  (high T, disorder)",data/32Ising_T2.4_hs_dataDriven,32,2.4,17000,0,moment_kurtosis,-1.2209148590956334
"T = 2.40  (high T, disorder)",data/32Ising_T2.4_hs_dataDriven,32,2.4,17000,0,moment_skew,0.000264151239856686
"T = 2.40  (high T, disorder)",data/32Ising_T2.4_hs_dataDriven,32,2.4,17000,0,moment_L_s,32
"T = 2.40  (high T, disorder)",data/32Ising_T2.4_hs_dataDriven,32,2.4,17000,1,moment_mean,-0.5667105317115784
"T = 2.40  (high T, disorder)",data/32Ising_T2.4_hs_dataDriven,32,2.4,17000,1,moment_std,9.226865768432617
"T = 2.40  (high T, disorder)",data/32Ising_T2.4_hs_dataDriven,32,2.4,17000,1,moment_var,85.13504791259766
"T = 2.40  (high T, disorder)",data/32Ising_T2.4_hs_dataDriven,32,2.4,17000,1,moment_kurtosis,-0.37473005904533796
"T = 2.40  (high T, disorder)",data/32Ising_T2.4_hs_dataDriven,32,2.4,17000,1,moment_skew,-0.016432327222128614
"T = 2.40  (high T, disorder)",data/32Ising_T2.4_hs_dataDriven,32,2.4,17000,1,moment_L_s,16
"T = 2.40  (high T, disorder)",data/32Ising_T2.4_hs_dataDriven,32,2.4,17000,2,moment_mean,-1.4969122409820557
"T = 2.40  (high T, disorder)",data/32Ising_T2.4_hs_dataDriven,32,2.4,17000,2,moment_std,7.926527976989746
"T = 2.40  (high T, disorder)",data/32Ising_T2.4_hs_dataDriven,32,2.4,17000,2,moment_var,62.8298454284668
"T = 2.40  (high T, disorder)",data/32Ising_T2.4_hs_dataDriven,32,2.4,17000,2,moment_kurtosis,-0.26318841969584295
"T = 2.40  (high T, disorder)",data/32Ising_T2.4_hs_dataDriven,32,2.4,17000,2,moment_skew,-0.1682581339794842
"T = 2.40  (high T, disorder)",data/32Ising_T2.4_hs_dataDriven,32,2.4,17000,2,moment_L_s,8
"T = 2.40  (high T, disorder)",data/32Ising_T2.4_hs_dataDriven,32,2.4,17000,3,moment_mean,-1.1461936235427856
"T = 2.40  (high T, disorder)",data/32Ising_T2.4_hs_dataDriven,32,2.4,17000,3,moment_std,6.7628631591796875
"T = 2.40  (high T, disorder)",data/32Ising_T2.4_hs_dataDriven,32,2.4,17000,3,moment_var,45.7363166809082
"T = 2.40  (high T, disorder)",data/32Ising_T2.4_hs_dataDriven,32,2.4,17000,3,moment_kurtosis,-0.32959510022332106
"T = 2.40  (high T, disorder)",data/32Ising_T2.4_hs_dataDriven,32,2.4,17000,3,moment_skew,0.256724680735363
"T = 2.40  (high T, disorder)",data/32Ising_T2.4_hs_dataDriven,32,2.4,17000,3,moment_L_s,4
"T = 2.40  (high T, disorder)",data/32Ising_T2.4_hs_dataDriven,32,2.4,17000,4,moment_mean,-0.3575054705142975
"T = 2.40  (high T, disorder)",data/32Ising_T2.4_hs_dataDriven,32,2.4,17000,4,moment_std,4.879273891448975
"T = 2.40  (high T, disorder)",data/32Ising_T2.4_hs_dataDriven,32,2.4,17000,4,moment_var,23.807315826416016
"T = 2.40  (high T, disorder)",data/32Ising_T2.4_hs_dataDriven,32,2.4,17000,4,moment_kurtosis,-0.40670842337741053
"T = 2.40  (high T, disorder)",data/32Ising_T2.4_hs_dataDriven,32,2.4,17000,4,moment_skew,0.23846017893963814
"T = 2.40  (high T, disorder)",data/32Ising_T2.4_hs_dataDriven,32,2.4,17000,4,moment_L_s,2
"T = 2.40  (high T, disorder)",data/32Ising_T2.4_hs_dataDriven,32,2.4,17000,5,moment_mean,-0.14950351417064667
"T = 2.40  (high T, disorder)",data/32Ising_T2.4_hs_dataDriven,32,2.4,17000,5,moment_std,3.4993340969085693
"T = 2.40  (high T, disorder)",data/32Ising_T2.4_hs_dataDriven,32,2.4,17000,5,moment_var,12.245339393615723
"T = 2.40  (high T, disorder)",data/32Ising_T2.4_hs_dataDriven,32,2.4,17000,5,moment_kurtosis,-0.37887607942127
"T = 2.40  (high T, disorder)",data/32Ising_T2.4_hs_dataDriven,32,2.4,17000,5,moment_skew,0.20235632875605825
"T = 2.40  (high T, disorder)",data/32Ising_T2.4_hs_dataDriven,32,2.4,17000,5,moment_L_s,1
"T = 2.40  (high T, disorder)",data/32Ising_T2.4_hs_dataDriven,32,2.4,17000,0_to_1,adj_ks,0.08398500000000003
"T = 2.40  (high T, disorder)",data/32Ising_T2.4_hs_dataDriven,32,2.4,17000,0_to_1,adj_w1,0.1547472108267433
"T = 2.40  (high T, disorder)",data/32Ising_T2.4_hs_dataDriven,32,2.4,17000,0_to_1,adj_rms_g,0.1560552567243576
"T = 2.40  (high T, disorder)",data/32Ising_T2.4_hs_dataDriven,32,2.4,17000,1_to_2,adj_ks,0.03608593750000011
"T = 2.40  (high T, disorder)",data/32Ising_T2.4_hs_dataDriven,32,2.4,17000,1_to_2,adj_w1,0.04306559732052737
"T = 2.40  (high T, disorder)",data/32Ising_T2.4_hs_dataDriven,32,2.4,17000,1_to_2,adj_rms_g,0.019009679555892944
"T = 2.40  (high T, disorder)",data/32Ising_T2.4_hs_dataDriven,32,2.4,17000,2_to_3,adj_ks,0.05296875000000001
"T = 2.40  (high T, disorder)",data/32Ising_T2.4_hs_dataDriven,32,2.4,17000,2_to_3,adj_w1,0.10464977159990439
"T = 2.40  (high T, disorder)",data/32Ising_T2.4_hs_dataDriven,32,2.4,17000,2_to_3,adj_rms_g,0.03252972662448883
"T = 2.40  (high T, disorder)",data/32Ising_T2.4_hs_dataDriven,32,2.4,17000,3_to_4,adj_ks,0.026375
"T = 2.40  (high T, disorder)",data/32Ising_T2.4_hs_dataDriven,32,2.4,17000,3_to_4,adj_w1,0.021683440764687017
"T = 2.40  (high T, disorder)",data/32Ising_T2.4_hs_dataDriven,32,2.4,17000,3_to_4,adj_rms_g,nan
"T = 2.40  (high T, disorder)",data/32Ising_T2.4_hs_dataDriven,32,2.4,17000,4_to_5,adj_ks,0.0185
"T = 2.40  (high T, disorder)",data/32Ising_T2.4_hs_dataDriven,32,2.4,17000,4_to_5,adj_w1,0.026958026388681763
"T = 2.40  (high T, disorder)",data/32Ising_T2.4_hs_dataDriven,32,2.4,17000,4_to_5,adj_rms_g,nan
L=32 baseline_b64,data/32Ising_T2.269_hsBignet_baseline_b64,32,2.269185314213022,19800,0,moment_mean,-0.03459131717681885
L=32 baseline_b64,data/32Ising_T2.269_hsBignet_baseline_b64,32,2.269185314213022,19800,0,moment_std,3.50704026222229
L=32 baseline_b64,data/32Ising_T2.269_hsBignet_baseline_b64,32,2.269185314213022,19800,0,moment_var,12.299330711364746
L=32 baseline_b64,data/32Ising_T2.269_hsBignet_baseline_b64,32,2.269185314213022,19800,0,moment_kurtosis,-1.333952273373866
L=32 baseline_b64,data/32Ising_T2.269_hsBignet_baseline_b64,32,2.269185314213022,19800,0,moment_skew,0.015193538311129993
L=32 baseline_b64,data/32Ising_T2.269_hsBignet_baseline_b64,32,2.269185314213022,19800,0,moment_L_s,32
L=32 baseline_b64,data/32Ising_T2.269_hsBignet_baseline_b64,32,2.269185314213022,19800,1,moment_mean,-0.00400914391502738
L=32 baseline_b64,data/32Ising_T2.269_hsBignet_baseline_b64,32,2.269185314213022,19800,1,moment_std,12.274746894836426
L=32 baseline_b64,data/32Ising_T2.269_hsBignet_baseline_b64,32,2.269185314213022,19800,1,moment_var,150.66940307617188
L=32 baseline_b64,data/32Ising_T2.269_hsBignet_baseline_b64,32,2.269185314213022,19800,1,moment_kurtosis,-0.9406681950486604
L=32 baseline_b64,data/32Ising_T2.269_hsBignet_baseline_b64,32,2.269185314213022,19800,1,moment_skew,-0.23223671204915575
L=32 baseline_b64,data/32Ising_T2.269_hsBignet_baseline_b64,32,2.269185314213022,19800,1,moment_L_s,16
L=32 baseline_b64,data/32Ising_T2.269_hsBignet_baseline_b64,32,2.269185314213022,19800,2,moment_mean,8.631104469299316
L=32 baseline_b64,data/32Ising_T2.269_hsBignet_baseline_b64,32,2.269185314213022,19800,2,moment_std,22.83641242980957
L=32 baseline_b64,data/32Ising_T2.269_hsBignet_baseline_b64,32,2.269185314213022,19800,2,moment_var,521.5017700195312
L=32 baseline_b64,data/32Ising_T2.269_hsBignet_baseline_b64,32,2.269185314213022,19800,2,moment_kurtosis,-0.9727236689016832
L=32 baseline_b64,data/32Ising_T2.269_hsBignet_baseline_b64,32,2.269185314213022,19800,2,moment_skew,0.42327627907606286
L=32 baseline_b64,data/32Ising_T2.269_hsBignet_baseline_b64,32,2.269185314213022,19800,2,moment_L_s,8
L=32 baseline_b64,data/32Ising_T2.269_hsBignet_baseline_b64,32,2.269185314213022,19800,3,moment_mean,-7.666705131530762
L=32 baseline_b64,data/32Ising_T2.269_hsBignet_baseline_b64,32,2.269185314213022,19800,3,moment_std,17.718191146850586
L=32 baseline_b64,data/32Ising_T2.269_hsBignet_baseline_b64,32,2.269185314213022,19800,3,moment_var,313.93426513671875
L=32 baseline_b64,data/32Ising_T2.269_hsBignet_baseline_b64,32,2.269185314213022,19800,3,moment_kurtosis,-1.251787864062484
L=32 baseline_b64,data/32Ising_T2.269_hsBignet_baseline_b64,32,2.269185314213022,19800,3,moment_skew,-0.0774991082828331
L=32 baseline_b64,data/32Ising_T2.269_hsBignet_baseline_b64,32,2.269185314213022,19800,3,moment_L_s,4
L=32 baseline_b64,data/32Ising_T2.269_hsBignet_baseline_b64,32,2.269185314213022,19800,4,moment_mean,8.243742942810059
L=32 baseline_b64,data/32Ising_T2.269_hsBignet_baseline_b64,32,2.269185314213022,19800,4,moment_std,9.770732879638672
L=32 baseline_b64,data/32Ising_T2.269_hsBignet_baseline_b64,32,2.269185314213022,19800,4,moment_var,95.46721649169922
L=32 baseline_b64,data/32Ising_T2.269_hsBignet_baseline_b64,32,2.269185314213022,19800,4,moment_kurtosis,-0.6321398524637449
L=32 baseline_b64,data/32Ising_T2.269_hsBignet_baseline_b64,32,2.269185314213022,19800,4,moment_skew,0.02607056825527002
L=32 baseline_b64,data/32Ising_T2.269_hsBignet_baseline_b64,32,2.269185314213022,19800,4,moment_L_s,2
L=32 baseline_b64,data/32Ising_T2.269_hsBignet_baseline_b64,32,2.269185314213022,19800,5,moment_mean,4.767383575439453
L=32 baseline_b64,data/32Ising_T2.269_hsBignet_baseline_b64,32,2.269185314213022,19800,5,moment_std,5.806387901306152
L=32 baseline_b64,data/32Ising_T2.269_hsBignet_baseline_b64,32,2.269185314213022,19800,5,moment_var,33.71413803100586
L=32 baseline_b64,data/32Ising_T2.269_hsBignet_baseline_b64,32,2.269185314213022,19800,5,moment_kurtosis,-0.4704633214297038
L=32 baseline_b64,data/32Ising_T2.269_hsBignet_baseline_b64,32,2.269185314213022,19800,5,moment_skew,-0.041647041476178134
L=32 baseline_b64,data/32Ising_T2.269_hsBignet_baseline_b64,32,2.269185314213022,19800,5,moment_L_s,1
L=32 baseline_b64,data/32Ising_T2.269_hsBignet_baseline_b64,32,2.269185314213022,19800,0_to_1,adj_ks,0.075345
L=32 baseline_b64,data/32Ising_T2.269_hsBignet_baseline_b64,32,2.269185314213022,19800,0_to_1,adj_w1,0.11299548401635258
L=32 baseline_b64,data/32Ising_T2.269_hsBignet_baseline_b64,32,2.269185314213022,19800,0_to_1,adj_rms_g,0.06752543151378632
L=32 baseline_b64,data/32Ising_T2.269_hsBignet_baseline_b64,32,2.269185314213022,19800,1_to_2,adj_ks,0.10087500000000005
L=32 baseline_b64,data/32Ising_T2.269_hsBignet_baseline_b64,32,2.269185314213022,19800,1_to_2,adj_w1,0.2011177734859848
L=32 baseline_b64,data/32Ising_T2.269_hsBignet_baseline_b64,32,2.269185314213022,19800,1_to_2,adj_rms_g,0.10716971009969711
L=32 baseline_b64,data/32Ising_T2.269_hsBignet_baseline_b64,32,2.269185314213022,19800,2_to_3,adj_ks,0.07490625000000006
L=32 baseline_b64,data/32Ising_T2.269_hsBignet_baseline_b64,32,2.269185314213022,19800,2_to_3,adj_w1,0.15953099195990167
L=32 baseline_b64,data/32Ising_T2.269_hsBignet_baseline_b64,32,2.269185314213022,19800,2_to_3,adj_rms_g,0.05302051827311516
L=32 baseline_b64,data/32Ising_T2.269_hsBignet_baseline_b64,32,2.269185314213022,19800,3_to_4,adj_ks,0.058375
L=32 baseline_b64,data/32Ising_T2.269_hsBignet_baseline_b64,32,2.269185314213022,19800,3_to_4,adj_w1,0.12152083660165817
L=32 baseline_b64,data/32Ising_T2.269_hsBignet_baseline_b64,32,2.269185314213022,19800,3_to_4,adj_rms_g,nan
L=32 baseline_b64,data/32Ising_T2.269_hsBignet_baseline_b64,32,2.269185314213022,19800,4_to_5,adj_ks,0.0225
L=32 baseline_b64,data/32Ising_T2.269_hsBignet_baseline_b64,32,2.269185314213022,19800,4_to_5,adj_w1,0.028744077062176056
L=32 baseline_b64,data/32Ising_T2.269_hsBignet_baseline_b64,32,2.269185314213022,19800,4_to_5,adj_rms_g,nan
L=32 iii1_lam1.0_b64 (+III.1),data/32Ising_T2.269_hsBignet_iii1_lam1.0_b64,32,2.269185314213022,19800,0,moment_mean,-0.03459131717681885
L=32 iii1_lam1.0_b64 (+III.1),data/32Ising_T2.269_hsBignet_iii1_lam1.0_b64,32,2.269185314213022,19800,0,moment_std,3.50704026222229
L=32 iii1_lam1.0_b64 (+III.1),data/32Ising_T2.269_hsBignet_iii1_lam1.0_b64,32,2.269185314213022,19800,0,moment_var,12.299330711364746
L=32 iii1_lam1.0_b64 (+III.1),data/32Ising_T2.269_hsBignet_iii1_lam1.0_b64,32,2.269185314213022,19800,0,moment_kurtosis,-1.333952273373866
L=32 iii1_lam1.0_b64 (+III.1),data/32Ising_T2.269_hsBignet_iii1_lam1.0_b64,32,2.269185314213022,19800,0,moment_skew,0.015193538311129993
L=32 iii1_lam1.0_b64 (+III.1),data/32Ising_T2.269_hsBignet_iii1_lam1.0_b64,32,2.269185314213022,19800,0,moment_L_s,32
L=32 iii1_lam1.0_b64 (+III.1),data/32Ising_T2.269_hsBignet_iii1_lam1.0_b64,32,2.269185314213022,19800,1,moment_mean,1.5705645084381104
L=32 iii1_lam1.0_b64 (+III.1),data/32Ising_T2.269_hsBignet_iii1_lam1.0_b64,32,2.269185314213022,19800,1,moment_std,13.778428077697754
L=32 iii1_lam1.0_b64 (+III.1),data/32Ising_T2.269_hsBignet_iii1_lam1.0_b64,32,2.269185314213022,19800,1,moment_var,189.8450927734375
L=32 iii1_lam1.0_b64 (+III.1),data/32Ising_T2.269_hsBignet_iii1_lam1.0_b64,32,2.269185314213022,19800,1,moment_kurtosis,-1.0222475172689327
L=32 iii1_lam1.0_b64 (+III.1),data/32Ising_T2.269_hsBignet_iii1_lam1.0_b64,32,2.269185314213022,19800,1,moment_skew,0.022034188063326743
L=32 iii1_lam1.0_b64 (+III.1),data/32Ising_T2.269_hsBignet_iii1_lam1.0_b64,32,2.269185314213022,19800,1,moment_L_s,16
L=32 iii1_lam1.0_b64 (+III.1),data/32Ising_T2.269_hsBignet_iii1_lam1.0_b64,32,2.269185314213022,19800,2,moment_mean,4.84649658203125
L=32 iii1_lam1.0_b64 (+III.1),data/32Ising_T2.269_hsBignet_iii1_lam1.0_b64,32,2.269185314213022,19800,2,moment_std,14.604766845703125
L=32 iii1_lam1.0_b64 (+III.1),data/32Ising_T2.269_hsBignet_iii1_lam1.0_b64,32,2.269185314213022,19800,2,moment_var,213.29922485351562
L=32 iii1_lam1.0_b64 (+III.1),data/32Ising_T2.269_hsBignet_iii1_lam1.0_b64,32,2.269185314213022,19800,2,moment_kurtosis,-0.6946314732810683
L=32 iii1_lam1.0_b64 (+III.1),data/32Ising_T2.269_hsBignet_iii1_lam1.0_b64,32,2.269185314213022,19800,2,moment_skew,0.4879751680678782
L=32 iii1_lam1.0_b64 (+III.1),data/32Ising_T2.269_hsBignet_iii1_lam1.0_b64,32,2.269185314213022,19800,2,moment_L_s,8
L=32 iii1_lam1.0_b64 (+III.1),data/32Ising_T2.269_hsBignet_iii1_lam1.0_b64,32,2.269185314213022,19800,3,moment_mean,7.4263386726379395
L=32 iii1_lam1.0_b64 (+III.1),data/32Ising_T2.269_hsBignet_iii1_lam1.0_b64,32,2.269185314213022,19800,3,moment_std,14.68531608581543
L=32 iii1_lam1.0_b64 (+III.1),data/32Ising_T2.269_hsBignet_iii1_lam1.0_b64,32,2.269185314213022,19800,3,moment_var,215.65850830078125
L=32 iii1_lam1.0_b64 (+III.1),data/32Ising_T2.269_hsBignet_iii1_lam1.0_b64,32,2.269185314213022,19800,3,moment_kurtosis,-1.2826195864046084
L=32 iii1_lam1.0_b64 (+III.1),data/32Ising_T2.269_hsBignet_iii1_lam1.0_b64,32,2.269185314213022,19800,3,moment_skew,0.27327615646391695
L=32 iii1_lam1.0_b64 (+III.1),data/32Ising_T2.269_hsBignet_iii1_lam1.0_b64,32,2.269185314213022,19800,3,moment_L_s,4
L=32 iii1_lam1.0_b64 (+III.1),data/32Ising_T2.269_hsBignet_iii1_lam1.0_b64,32,2.269185314213022,19800,4,moment_mean,-8.507363319396973
L=32 iii1_lam1.0_b64 (+III.1),data/32Ising_T2.269_hsBignet_iii1_lam1.0_b64,32,2.269185314213022,19800,4,moment_std,14.822654724121094
L=32 iii1_lam1.0_b64 (+III.1),data/32Ising_T2.269_hsBignet_iii1_lam1.0_b64,32,2.269185314213022,19800,4,moment_var,219.71109008789062
L=32 iii1_lam1.0_b64 (+III.1),data/32Ising_T2.269_hsBignet_iii1_lam1.0_b64,32,2.269185314213022,19800,4,moment_kurtosis,-1.163086334117688
L=32 iii1_lam1.0_b64 (+III.1),data/32Ising_T2.269_hsBignet_iii1_lam1.0_b64,32,2.269185314213022,19800,4,moment_skew,-0.24318205058027678
L=32 iii1_lam1.0_b64 (+III.1),data/32Ising_T2.269_hsBignet_iii1_lam1.0_b64,32,2.269185314213022,19800,4,moment_L_s,2
L=32 iii1_lam1.0_b64 (+III.1),data/32Ising_T2.269_hsBignet_iii1_lam1.0_b64,32,2.269185314213022,19800,5,moment_mean,-8.315430641174316
L=32 iii1_lam1.0_b64 (+III.1),data/32Ising_T2.269_hsBignet_iii1_lam1.0_b64,32,2.269185314213022,19800,5,moment_std,14.716313362121582
L=32 iii1_lam1.0_b64 (+III.1),data/32Ising_T2.269_hsBignet_iii1_lam1.0_b64,32,2.269185314213022,19800,5,moment_var,216.5698699951172
L=32 iii1_lam1.0_b64 (+III.1),data/32Ising_T2.269_hsBignet_iii1_lam1.0_b64,32,2.269185314213022,19800,5,moment_kurtosis,-1.1806936597686528
L=32 iii1_lam1.0_b64 (+III.1),data/32Ising_T2.269_hsBignet_iii1_lam1.0_b64,32,2.269185314213022,19800,5,moment_skew,-0.2493350982041043
L=32 iii1_lam1.0_b64 (+III.1),data/32Ising_T2.269_hsBignet_iii1_lam1.0_b64,32,2.269185314213022,19800,5,moment_L_s,1
L=32 iii1_lam1.0_b64 (+III.1),data/32Ising_T2.269_hsBignet_iii1_lam1.0_b64,32,2.269185314213022,19800,0_to_1,adj_ks,0.05335000000000001
L=32 iii1_lam1.0_b64 (+III.1),data/32Ising_T2.269_hsBignet_iii1_lam1.0_b64,32,2.269185314213022,19800,0_to_1,adj_w1,0.09747148042092722
L=32 iii1_lam1.0_b64 (+III.1),data/32Ising_T2.269_hsBignet_iii1_lam1.0_b64,32,2.269185314213022,19800,0_to_1,adj_rms_g,0.05294134467840195
L=32 iii1_lam1.0_b64 (+III.1),data/32Ising_T2.269_hsBignet_iii1_lam1.0_b64,32,2.269185314213022,19800,1_to_2,adj_ks,0.07302343750000001
L=32 iii1_lam1.0_b64 (+III.1),data/32Ising_T2.269_hsBignet_iii1_lam1.0_b64,32,2.269185314213022,19800,1_to_2,adj_w1,0.13996423050404314
L=32 iii1_lam1.0_b64 (+III.1),data/32Ising_T2.269_hsBignet_iii1_lam1.0_b64,32,2.269185314213022,19800,1_to_2,adj_rms_g,0.04682547599077225
L=32 iii1_lam1.0_b64 (+III.1),data/32Ising_T2.269_hsBignet_iii1_lam1.0_b64,32,2.269185314213022,19800,2_to_3,adj_ks,0.06237499999999996
L=32 iii1_lam1.0_b64 (+III.1),data/32Ising_T2.269_hsBignet_iii1_lam1.0_b64,32,2.269185314213022,19800,2_to_3,adj_w1,0.11463535025386082
L=32 iii1_lam1.0_b64 (+III.1),data/32Ising_T2.269_hsBignet_iii1_lam1.0_b64,32,2.269185314213022,19800,2_to_3,adj_rms_g,0.1216808333992958
L=32 iii1_lam1.0_b64 (+III.1),data/32Ising_T2.269_hsBignet_iii1_lam1.0_b64,32,2.269185314213022,19800,3_to_4,adj_ks,0.078
L=32 iii1_lam1.0_b64 (+III.1),data/32Ising_T2.269_hsBignet_iii1_lam1.0_b64,32,2.269185314213022,19800,3_to_4,adj_w1,0.18857667785843296
L=32 iii1_lam1.0_b64 (+III.1),data/32Ising_T2.269_hsBignet_iii1_lam1.0_b64,32,2.269185314213022,19800,3_to_4,adj_rms_g,nan
L=32 iii1_lam1.0_b64 (+III.1),data/32Ising_T2.269_hsBignet_iii1_lam1.0_b64,32,2.269185314213022,19800,4_to_5,adj_ks,0.0255
L=32 iii1_lam1.0_b64 (+III.1),data/32Ising_T2.269_hsBignet_iii1_lam1.0_b64,32,2.269185314213022,19800,4_to_5,adj_w1,0.011075285819933917
L=32 iii1_lam1.0_b64 (+III.1),data/32Ising_T2.269_hsBignet_iii1_lam1.0_b64,32,2.269185314213022,19800,4_to_5,adj_rms_g,nan
L=32 i2_stride8h32_b64 (+I.2 cond),data/32Ising_T2.269_hsBignet_i2_stride8h32_b64,32,2.269185314213022,19800,0,moment_mean,-0.03459131717681885
L=32 i2_stride8h32_b64 (+I.2 cond),data/32Ising_T2.269_hsBignet_i2_stride8h32_b64,32,2.269185314213022,19800,0,moment_std,3.50704026222229
L=32 i2_stride8h32_b64 (+I.2 cond),data/32Ising_T2.269_hsBignet_i2_stride8h32_b64,32,2.269185314213022,19800,0,moment_var,12.299330711364746
L=32 i2_stride8h32_b64 (+I.2 cond),data/32Ising_T2.269_hsBignet_i2_stride8h32_b64,32,2.269185314213022,19800,0,moment_kurtosis,-1.333952273373866
L=32 i2_stride8h32_b64 (+I.2 cond),data/32Ising_T2.269_hsBignet_i2_stride8h32_b64,32,2.269185314213022,19800,0,moment_skew,0.015193538311129993
L=32 i2_stride8h32_b64 (+I.2 cond),data/32Ising_T2.269_hsBignet_i2_stride8h32_b64,32,2.269185314213022,19800,0,moment_L_s,32
L=32 i2_stride8h32_b64 (+I.2 cond),data/32Ising_T2.269_hsBignet_i2_stride8h32_b64,32,2.269185314213022,19800,1,moment_mean,-0.043154601007699966
L=32 i2_stride8h32_b64 (+I.2 cond),data/32Ising_T2.269_hsBignet_i2_stride8h32_b64,32,2.269185314213022,19800,1,moment_std,13.436908721923828
L=32 i2_stride8h32_b64 (+I.2 cond),data/32Ising_T2.269_hsBignet_i2_stride8h32_b64,32,2.269185314213022,19800,1,moment_var,180.55052185058594
L=32 i2_stride8h32_b64 (+I.2 cond),data/32Ising_T2.269_hsBignet_i2_stride8h32_b64,32,2.269185314213022,19800,1,moment_kurtosis,-1.1457669519413705
L=32 i2_stride8h32_b64 (+I.2 cond),data/32Ising_T2.269_hsBignet_i2_stride8h32_b64,32,2.269185314213022,19800,1,moment_skew,0.1940286965166828
L=32 i2_stride8h32_b64 (+I.2 cond),data/32Ising_T2.269_hsBignet_i2_stride8h32_b64,32,2.269185314213022,19800,1,moment_L_s,16
L=32 i2_stride8h32_b64 (+I.2 cond),data/32Ising_T2.269_hsBignet_i2_stride8h32_b64,32,2.269185314213022,19800,2,moment_mean,-9.685755729675293
L=32 i2_stride8h32_b64 (+I.2 cond),data/32Ising_T2.269_hsBignet_i2_stride8h32_b64,32,2.269185314213022,19800,2,moment_std,23.725818634033203
L=32 i2_stride8h32_b64 (+I.2 cond),data/32Ising_T2.269_hsBignet_i2_stride8h32_b64,32,2.269185314213022,19800,2,moment_var,562.9144287109375
L=32 i2_stride8h32_b64 (+I.2 cond),data/32Ising_T2.269_hsBignet_i2_stride8h32_b64,32,2.269185314213022,19800,2,moment_kurtosis,-1.0816173556515323
L=32 i2_stride8h32_b64 (+I.2 cond),data/32Ising_T2.269_hsBignet_i2_stride8h32_b64,32,2.269185314213022,19800,2,moment_skew,-0.35464382598508737
L=32 i2_stride8h32_b64 (+I.2 cond),data/32Ising_T2.269_hsBignet_i2_stride8h32_b64,32,2.269185314213022,19800,2,moment_L_s,8
L=32 i2_stride8h32_b64 (+I.2 cond),data/32Ising_T2.269_hsBignet_i2_stride8h32_b64,32,2.269185314213022,19800,3,moment_mean,-16.057130813598633
L=32 i2_stride8h32_b64 (+I.2 cond),data/32Ising_T2.269_hsBignet_i2_stride8h32_b64,32,2.269185314213022,19800,3,moment_std,26.15703582763672
L=32 i2_stride8h32_b64 (+I.2 cond),data/32Ising_T2.269_hsBignet_i2_stride8h32_b64,32,2.269185314213022,19800,3,moment_var,684.1904907226562
L=32 i2_stride8h32_b64 (+I.2 cond),data/32Ising_T2.269_hsBignet_i2_stride8h32_b64,32,2.269185314213022,19800,3,moment_kurtosis,-1.41395801551861
L=32 i2_stride8h32_b64 (+I.2 cond),data/32Ising_T2.269_hsBignet_i2_stride8h32_b64,32,2.269185314213022,19800,3,moment_skew,-0.21366198889113514
L=32 i2_stride8h32_b64 (+I.2 cond),data/32Ising_T2.269_hsBignet_i2_stride8h32_b64,32,2.269185314213022,19800,3,moment_L_s,4
L=32 i2_stride8h32_b64 (+I.2 cond),data/32Ising_T2.269_hsBignet_i2_stride8h32_b64,32,2.269185314213022,19800,4,moment_mean,5.087467193603516
L=32 i2_stride8h32_b64 (+I.2 cond),data/32Ising_T2.269_hsBignet_i2_stride8h32_b64,32,2.269185314213022,19800,4,moment_std,8.416229248046875
L=32 i2_stride8h32_b64 (+I.2 cond),data/32Ising_T2.269_hsBignet_i2_stride8h32_b64,32,2.269185314213022,19800,4,moment_var,70.8329086303711
L=32 i2_stride8h32_b64 (+I.2 cond),data/32Ising_T2.269_hsBignet_i2_stride8h32_b64,32,2.269185314213022,19800,4,moment_kurtosis,-0.05863626820241352
L=32 i2_stride8h32_b64 (+I.2 cond),data/32Ising_T2.269_hsBignet_i2_stride8h32_b64,32,2.269185314213022,19800,4,moment_skew,-0.26651043108862726
L=32 i2_stride8h32_b64 (+I.2 cond),data/32Ising_T2.269_hsBignet_i2_stride8h32_b64,32,2.269185314213022,19800,4,moment_L_s,2
L=32 i2_stride8h32_b64 (+I.2 cond),data/32Ising_T2.269_hsBignet_i2_stride8h32_b64,32,2.269185314213022,19800,5,moment_mean,1.6874949932098389
L=32 i2_stride8h32_b64 (+I.2 cond),data/32Ising_T2.269_hsBignet_i2_stride8h32_b64,32,2.269185314213022,19800,5,moment_std,5.438225746154785
L=32 i2_stride8h32_b64 (+I.2 cond),data/32Ising_T2.269_hsBignet_i2_stride8h32_b64,32,2.269185314213022,19800,5,moment_var,29.57430076599121
L=32 i2_stride8h32_b64 (+I.2 cond),data/32Ising_T2.269_hsBignet_i2_stride8h32_b64,32,2.269185314213022,19800,5,moment_kurtosis,-0.006784130057482685
L=32 i2_stride8h32_b64 (+I.2 cond),data/32Ising_T2.269_hsBignet_i2_stride8h32_b64,32,2.269185314213022,19800,5,moment_skew,-0.13254397173713467
L=32 i2_stride8h32_b64 (+I.2 cond),data/32Ising_T2.269_hsBignet_i2_stride8h32_b64,32,2.269185314213022,19800,5,moment_L_s,1
L=32 i2_stride8h32_b64 (+I.2 cond),data/32Ising_T2.269_hsBignet_i2_stride8h32_b64,32,2.269185314213022,19800,0_to_1,adj_ks,0.048639999999999906
L=32 i2_stride8h32_b64 (+I.2 cond),data/32Ising_T2.269_hsBignet_i2_stride8h32_b64,32,2.269185314213022,19800,0_to_1,adj_w1,0.07711459469078491
L=32 i2_stride8h32_b64 (+I.2 cond),data/32Ising_T2.269_hsBignet_i2_stride8h32_b64,32,2.269185314213022,19800,0_to_1,adj_rms_g,0.0662798061966896
L=32 i2_stride8h32_b64 (+I.2 cond),data/32Ising_T2.269_hsBignet_i2_stride8h32_b64,32,2.269185314213022,19800,1_to_2,adj_ks,0.07708593750000003
L=32 i2_stride8h32_b64 (+I.2 cond),data/32Ising_T2.269_hsBignet_i2_stride8h32_b64,32,2.269185314213022,19800,1_to_2,adj_w1,0.1799145336385588
L=32 i2_stride8h32_b64 (+I.2 cond),data/32Ising_T2.269_hsBignet_i2_stride8h32_b64,32,2.269185314213022,19800,1_to_2,adj_rms_g,0.10513865947723389
L=32 i2_stride8h32_b64 (+I.2 cond),data/32Ising_T2.269_hsBignet_i2_stride8h32_b64,32,2.269185314213022,19800,2_to_3,adj_ks,0.03981250000000003
L=32 i2_stride8h32_b64 (+I.2 cond),data/32Ising_T2.269_hsBignet_i2_stride8h32_b64,32,2.269185314213022,19800,2_to_3,adj_w1,0.07688679279895222
L=32 i2_stride8h32_b64 (+I.2 cond),data/32Ising_T2.269_hsBignet_i2_stride8h32_b64,32,2.269185314213022,19800,2_to_3,adj_rms_g,0.10980221629142761
L=32 i2_stride8h32_b64 (+I.2 cond),data/32Ising_T2.269_hsBignet_i2_stride8h32_b64,32,2.269185314213022,19800,3_to_4,adj_ks,0.135375
L=32 i2_stride8h32_b64 (+I.2 cond),data/32Ising_T2.269_hsBignet_i2_stride8h32_b64,32,2.269185314213022,19800,3_to_4,adj_w1,0.21709586296010822
L=32 i2_stride8h32_b64 (+I.2 cond),data/32Ising_T2.269_hsBignet_i2_stride8h32_b64,32,2.269185314213022,19800,3_to_4,adj_rms_g,nan
L=32 i2_stride8h32_b64 (+I.2 cond),data/32Ising_T2.269_hsBignet_i2_stride8h32_b64,32,2.269185314213022,19800,4_to_5,adj_ks,0.0395
L=32 i2_stride8h32_b64 (+I.2 cond),data/32Ising_T2.269_hsBignet_i2_stride8h32_b64,32,2.269185314213022,19800,4_to_5,adj_w1,0.05554604512336664
L=32 i2_stride8h32_b64 (+I.2 cond),data/32Ising_T2.269_hsBignet_i2_stride8h32_b64,32,2.269185314213022,19800,4_to_5,adj_rms_g,nan
L=32 combined_lam1.0_b64 (I.2+III.1),data/32Ising_T2.269_hsBignet_combined_lam1.0_stride8h32_b64,32,2.269185314213022,19800,0,moment_mean,-0.03459131717681885
L=32 combined_lam1.0_b64 (I.2+III.1),data/32Ising_T2.269_hsBignet_combined_lam1.0_stride8h32_b64,32,2.269185314213022,19800,0,moment_std,3.50704026222229
L=32 combined_lam1.0_b64 (I.2+III.1),data/32Ising_T2.269_hsBignet_combined_lam1.0_stride8h32_b64,32,2.269185314213022,19800,0,moment_var,12.299330711364746
L=32 combined_lam1.0_b64 (I.2+III.1),data/32Ising_T2.269_hsBignet_combined_lam1.0_stride8h32_b64,32,2.269185314213022,19800,0,moment_kurtosis,-1.333952273373866
L=32 combined_lam1.0_b64 (I.2+III.1),data/32Ising_T2.269_hsBignet_combined_lam1.0_stride8h32_b64,32,2.269185314213022,19800,0,moment_skew,0.015193538311129993
L=32 combined_lam1.0_b64 (I.2+III.1),data/32Ising_T2.269_hsBignet_combined_lam1.0_stride8h32_b64,32,2.269185314213022,19800,0,moment_L_s,32
L=32 combined_lam1.0_b64 (I.2+III.1),data/32Ising_T2.269_hsBignet_combined_lam1.0_stride8h32_b64,32,2.269185314213022,19800,1,moment_mean,0.05575495585799217
L=32 combined_lam1.0_b64 (I.2+III.1),data/32Ising_T2.269_hsBignet_combined_lam1.0_stride8h32_b64,32,2.269185314213022,19800,1,moment_std,8.980266571044922
L=32 combined_lam1.0_b64 (I.2+III.1),data/32Ising_T2.269_hsBignet_combined_lam1.0_stride8h32_b64,32,2.269185314213022,19800,1,moment_var,80.64517974853516
L=32 combined_lam1.0_b64 (I.2+III.1),data/32Ising_T2.269_hsBignet_combined_lam1.0_stride8h32_b64,32,2.269185314213022,19800,1,moment_kurtosis,-0.7747810431557669
L=32 combined_lam1.0_b64 (I.2+III.1),data/32Ising_T2.269_hsBignet_combined_lam1.0_stride8h32_b64,32,2.269185314213022,19800,1,moment_skew,0.09759189079057595
L=32 combined_lam1.0_b64 (I.2+III.1),data/32Ising_T2.269_hsBignet_combined_lam1.0_stride8h32_b64,32,2.269185314213022,19800,1,moment_L_s,16
L=32 combined_lam1.0_b64 (I.2+III.1),data/32Ising_T2.269_hsBignet_combined_lam1.0_stride8h32_b64,32,2.269185314213022,19800,2,moment_mean,-3.5558018684387207
L=32 combined_lam1.0_b64 (I.2+III.1),data/32Ising_T2.269_hsBignet_combined_lam1.0_stride8h32_b64,32,2.269185314213022,19800,2,moment_std,10.226122856140137
L=32 combined_lam1.0_b64 (I.2+III.1),data/32Ising_T2.269_hsBignet_combined_lam1.0_stride8h32_b64,32,2.269185314213022,19800,2,moment_var,104.57359313964844
L=32 combined_lam1.0_b64 (I.2+III.1),data/32Ising_T2.269_hsBignet_combined_lam1.0_stride8h32_b64,32,2.269185314213022,19800,2,moment_kurtosis,-1.0425607617160468
L=32 combined_lam1.0_b64 (I.2+III.1),data/32Ising_T2.269_hsBignet_combined_lam1.0_stride8h32_b64,32,2.269185314213022,19800,2,moment_skew,-0.2842069059606071
L=32 combined_lam1.0_b64 (I.2+III.1),data/32Ising_T2.269_hsBignet_combined_lam1.0_stride8h32_b64,32,2.269185314213022,19800,2,moment_L_s,8
L=32 combined_lam1.0_b64 (I.2+III.1),data/32Ising_T2.269_hsBignet_combined_lam1.0_stride8h32_b64,32,2.269185314213022,19800,3,moment_mean,-3.7871577739715576
L=32 combined_lam1.0_b64 (I.2+III.1),data/32Ising_T2.269_hsBignet_combined_lam1.0_stride8h32_b64,32,2.269185314213022,19800,3,moment_std,8.50519847869873
L=32 combined_lam1.0_b64 (I.2+III.1),data/32Ising_T2.269_hsBignet_combined_lam1.0_stride8h32_b64,32,2.269185314213022,19800,3,moment_var,72.33839416503906
L=32 combined_lam1.0_b64 (I.2+III.1),data/32Ising_T2.269_hsBignet_combined_lam1.0_stride8h32_b64,32,2.269185314213022,19800,3,moment_kurtosis,-1.334388526710967
L=32 combined_lam1.0_b64 (I.2+III.1),data/32Ising_T2.269_hsBignet_combined_lam1.0_stride8h32_b64,32,2.269185314213022,19800,3,moment_skew,-0.15296203140568682
L=32 combined_lam1.0_b64 (I.2+III.1),data/32Ising_T2.269_hsBignet_combined_lam1.0_stride8h32_b64,32,2.269185314213022,19800,3,moment_L_s,4
L=32 combined_lam1.0_b64 (I.2+III.1),data/32Ising_T2.269_hsBignet_combined_lam1.0_stride8h32_b64,32,2.269185314213022,19800,4,moment_mean,-2.6041836738586426
L=32 combined_lam1.0_b64 (I.2+III.1),data/32Ising_T2.269_hsBignet_combined_lam1.0_stride8h32_b64,32,2.269185314213022,19800,4,moment_std,7.010369777679443
L=32 combined_lam1.0_b64 (I.2+III.1),data/32Ising_T2.269_hsBignet_combined_lam1.0_stride8h32_b64,32,2.269185314213022,19800,4,moment_var,49.145286560058594
L=32 combined_lam1.0_b64 (I.2+III.1),data/32Ising_T2.269_hsBignet_combined_lam1.0_stride8h32_b64,32,2.269185314213022,19800,4,moment_kurtosis,-1.1649448616326412
L=32 combined_lam1.0_b64 (I.2+III.1),data/32Ising_T2.269_hsBignet_combined_lam1.0_stride8h32_b64,32,2.269185314213022,19800,4,moment_skew,-0.15762403586645438
L=32 combined_lam1.0_b64 (I.2+III.1),data/32Ising_T2.269_hsBignet_combined_lam1.0_stride8h32_b64,32,2.269185314213022,19800,4,moment_L_s,2
L=32 combined_lam1.0_b64 (I.2+III.1),data/32Ising_T2.269_hsBignet_combined_lam1.0_stride8h32_b64,32,2.269185314213022,19800,5,moment_mean,-2.6158061027526855
L=32 combined_lam1.0_b64 (I.2+III.1),data/32Ising_T2.269_hsBignet_combined_lam1.0_stride8h32_b64,32,2.269185314213022,19800,5,moment_std,6.919120788574219
L=32 combined_lam1.0_b64 (I.2+III.1),data/32Ising_T2.269_hsBignet_combined_lam1.0_stride8h32_b64,32,2.269185314213022,19800,5,moment_var,47.87423324584961
L=32 combined_lam1.0_b64 (I.2+III.1),data/32Ising_T2.269_hsBignet_combined_lam1.0_stride8h32_b64,32,2.269185314213022,19800,5,moment_kurtosis,-1.1375403420693546
L=32 combined_lam1.0_b64 (I.2+III.1),data/32Ising_T2.269_hsBignet_combined_lam1.0_stride8h32_b64,32,2.269185314213022,19800,5,moment_skew,-0.15834322266386924
L=32 combined_lam1.0_b64 (I.2+III.1),data/32Ising_T2.269_hsBignet_combined_lam1.0_stride8h32_b64,32,2.269185314213022,19800,5,moment_L_s,1
L=32 combined_lam1.0_b64 (I.2+III.1),data/32Ising_T2.269_hsBignet_combined_lam1.0_stride8h32_b64,32,2.269185314213022,19800,0_to_1,adj_ks,0.06523500000000004
L=32 combined_lam1.0_b64 (I.2+III.1),data/32Ising_T2.269_hsBignet_combined_lam1.0_stride8h32_b64,32,2.269185314213022,19800,0_to_1,adj_w1,0.121300878778275
L=32 combined_lam1.0_b64 (I.2+III.1),data/32Ising_T2.269_hsBignet_combined_lam1.0_stride8h32_b64,32,2.269185314213022,19800,0_to_1,adj_rms_g,0.120259128510952
L=32 combined_lam1.0_b64 (I.2+III.1),data/32Ising_T2.269_hsBignet_combined_lam1.0_stride8h32_b64,32,2.269185314213022,19800,1_to_2,adj_ks,0.06875000000000009
L=32 combined_lam1.0_b64 (I.2+III.1),data/32Ising_T2.269_hsBignet_combined_lam1.0_stride8h32_b64,32,2.269185314213022,19800,1_to_2,adj_w1,0.12723852756474116
L=32 combined_lam1.0_b64 (I.2+III.1),data/32Ising_T2.269_hsBignet_combined_lam1.0_stride8h32_b64,32,2.269185314213022,19800,1_to_2,adj_rms_g,0.14032620191574097
L=32 combined_lam1.0_b64 (I.2+III.1),data/32Ising_T2.269_hsBignet_combined_lam1.0_stride8h32_b64,32,2.269185314213022,19800,2_to_3,adj_ks,0.03403125000000007
L=32 combined_lam1.0_b64 (I.2+III.1),data/32Ising_T2.269_hsBignet_combined_lam1.0_stride8h32_b64,32,2.269185314213022,19800,2_to_3,adj_w1,0.06657888747408605
L=32 combined_lam1.0_b64 (I.2+III.1),data/32Ising_T2.269_hsBignet_combined_lam1.0_stride8h32_b64,32,2.269185314213022,19800,2_to_3,adj_rms_g,0.0933312177658081
L=32 combined_lam1.0_b64 (I.2+III.1),data/32Ising_T2.269_hsBignet_combined_lam1.0_stride8h32_b64,32,2.269185314213022,19800,3_to_4,adj_ks,0.037625
L=32 combined_lam1.0_b64 (I.2+III.1),data/32Ising_T2.269_hsBignet_combined_lam1.0_stride8h32_b64,32,2.269185314213022,19800,3_to_4,adj_w1,0.041447394728905254
L=32 combined_lam1.0_b64 (I.2+III.1),data/32Ising_T2.269_hsBignet_combined_lam1.0_stride8h32_b64,32,2.269185314213022,19800,3_to_4,adj_rms_g,nan
L=32 combined_lam1.0_b64 (I.2+III.1),data/32Ising_T2.269_hsBignet_combined_lam1.0_stride8h32_b64,32,2.269185314213022,19800,4_to_5,adj_ks,0.0175
L=32 combined_lam1.0_b64 (I.2+III.1),data/32Ising_T2.269_hsBignet_combined_lam1.0_stride8h32_b64,32,2.269185314213022,19800,4_to_5,adj_w1,0.01556581961602202
L=32 combined_lam1.0_b64 (I.2+III.1),data/32Ising_T2.269_hsBignet_combined_lam1.0_stride8h32_b64,32,2.269185314213022,19800,4_to_5,adj_rms_g,nan
L=32 iii1_lam0.1_b64,data/32Ising_T2.269_hsBignet_iii1_lam0.1_b64,32,2.269185314213022,19800,0,moment_mean,-0.03459131717681885
L=32 iii1_lam0.1_b64,data/32Ising_T2.269_hsBignet_iii1_lam0.1_b64,32,2.269185314213022,19800,0,moment_std,3.50704026222229
L=32 iii1_lam0.1_b64,data/32Ising_T2.269_hsBignet_iii1_lam0.1_b64,32,2.269185314213022,19800,0,moment_var,12.299330711364746
L=32 iii1_lam0.1_b64,data/32Ising_T2.269_hsBignet_iii1_lam0.1_b64,32,2.269185314213022,19800,0,moment_kurtosis,-1.333952273373866
L=32 iii1_lam0.1_b64,data/32Ising_T2.269_hsBignet_iii1_lam0.1_b64,32,2.269185314213022,19800,0,moment_skew,0.015193538311129993
L=32 iii1_lam0.1_b64,data/32Ising_T2.269_hsBignet_iii1_lam0.1_b64,32,2.269185314213022,19800,0,moment_L_s,32
L=32 iii1_lam0.1_b64,data/32Ising_T2.269_hsBignet_iii1_lam0.1_b64,32,2.269185314213022,19800,1,moment_mean,2.2082550525665283
L=32 iii1_lam0.1_b64,data/32Ising_T2.269_hsBignet_iii1_lam0.1_b64,32,2.269185314213022,19800,1,moment_std,11.902057647705078
L=32 iii1_lam0.1_b64,data/32Ising_T2.269_hsBignet_iii1_lam0.1_b64,32,2.269185314213022,19800,1,moment_var,141.65896606445312
L=32 iii1_lam0.1_b64,data/32Ising_T2.269_hsBignet_iii1_lam0.1_b64,32,2.269185314213022,19800,1,moment_kurtosis,-0.8278542392268706
L=32 iii1_lam0.1_b64,data/32Ising_T2.269_hsBignet_iii1_lam0.1_b64,32,2.269185314213022,19800,1,moment_skew,0.21576676799484493
L=32 iii1_lam0.1_b64,data/32Ising_T2.269_hsBignet_iii1_lam0.1_b64,32,2.269185314213022,19800,1,moment_L_s,16
L=32 iii1_lam0.1_b64,data/32Ising_T2.269_hsBignet_iii1_lam0.1_b64,32,2.269185314213022,19800,2,moment_mean,6.588074207305908
L=32 iii1_lam0.1_b64,data/32Ising_T2.269_hsBignet_iii1_lam0.1_b64,32,2.269185314213022,19800,2,moment_std,14.226871490478516
L=32 iii1_lam0.1_b64,data/32Ising_T2.269_hsBignet_iii1_lam0.1_b64,32,2.269185314213022,19800,2,moment_var,202.40386962890625
L=32 iii1_lam0.1_b64,data/32Ising_T2.269_hsBignet_iii1_lam0.1_b64,32,2.269185314213022,19800,2,moment_kurtosis,-0.3986998479358106
L=32 iii1_lam0.1_b64,data/32Ising_T2.269_hsBignet_iii1_lam0.1_b64,32,2.269185314213022,19800,2,moment_skew,0.5069630912092792
L=32 iii1_lam0.1_b64,data/32Ising_T2.269_hsBignet_iii1_lam0.1_b64,32,2.269185314213022,19800,2,moment_L_s,8
L=32 iii1_lam0.1_b64,data/32Ising_T2.269_hsBignet_iii1_lam0.1_b64,32,2.269185314213022,19800,3,moment_mean,8.813323020935059
L=32 iii1_lam0.1_b64,data/32Ising_T2.269_hsBignet_iii1_lam0.1_b64,32,2.269185314213022,19800,3,moment_std,13.422723770141602
L=32 iii1_lam0.1_b64,data/32Ising_T2.269_hsBignet_iii1_lam0.1_b64,32,2.269185314213022,19800,3,moment_var,180.1695098876953
L=32 iii1_lam0.1_b64,data/32Ising_T2.269_hsBignet_iii1_lam0.1_b64,32,2.269185314213022,19800,3,moment_kurtosis,-1.1957629387735924
L=32 iii1_lam0.1_b64,data/32Ising_T2.269_hsBignet_iii1_lam0.1_b64,32,2.269185314213022,19800,3,moment_skew,0.3293801166382236
L=32 iii1_lam0.1_b64,data/32Ising_T2.269_hsBignet_iii1_lam0.1_b64,32,2.269185314213022,19800,3,moment_L_s,4
L=32 iii1_lam0.1_b64,data/32Ising_T2.269_hsBignet_iii1_lam0.1_b64,32,2.269185314213022,19800,4,moment_mean,-6.963744163513184
L=32 iii1_lam0.1_b64,data/32Ising_T2.269_hsBignet_iii1_lam0.1_b64,32,2.269185314213022,19800,4,moment_std,10.203033447265625
L=32 iii1_lam0.1_b64,data/32Ising_T2.269_hsBignet_iii1_lam0.1_b64,32,2.269185314213022,19800,4,moment_var,104.10189056396484
L=32 iii1_lam0.1_b64,data/32Ising_T2.269_hsBignet_iii1_lam0.1_b64,32,2.269185314213022,19800,4,moment_kurtosis,-1.512991881283455
L=32 iii1_lam0.1_b64,data/32Ising_T2.269_hsBignet_iii1_lam0.1_b64,32,2.269185314213022,19800,4,moment_skew,-0.004499250820175778
L=32 iii1_lam0.1_b64,data/32Ising_T2.269_hsBignet_iii1_lam0.1_b64,32,2.269185314213022,19800,4,moment_L_s,2
L=32 iii1_lam0.1_b64,data/32Ising_T2.269_hsBignet_iii1_lam0.1_b64,32,2.269185314213022,19800,5,moment_mean,-3.2287983894348145
L=32 iii1_lam0.1_b64,data/32Ising_T2.269_hsBignet_iii1_lam0.1_b64,32,2.269185314213022,19800,5,moment_std,6.015490531921387
L=32 iii1_lam0.1_b64,data/32Ising_T2.269_hsBignet_iii1_lam0.1_b64,32,2.269185314213022,19800,5,moment_var,36.186126708984375
L=32 iii1_lam0.1_b64,data/32Ising_T2.269_hsBignet_iii1_lam0.1_b64,32,2.269185314213022,19800,5,moment_kurtosis,-1.106295185710623
L=32 iii1_lam0.1_b64,data/32Ising_T2.269_hsBignet_iii1_lam0.1_b64,32,2.269185314213022,19800,5,moment_skew,-0.001493764760475207
L=32 iii1_lam0.1_b64,data/32Ising_T2.269_hsBignet_iii1_lam0.1_b64,32,2.269185314213022,19800,5,moment_L_s,1
L=32 iii1_lam0.1_b64,data/32Ising_T2.269_hsBignet_iii1_lam0.1_b64,32,2.269185314213022,19800,0_to_1,adj_ks,0.07187500000000002
L=32 iii1_lam0.1_b64,data/32Ising_T2.269_hsBignet_iii1_lam0.1_b64,32,2.269185314213022,19800,0_to_1,adj_w1,0.11492567900033827
L=32 iii1_lam0.1_b64,data/32Ising_T2.269_hsBignet_iii1_lam0.1_b64,32,2.269185314213022,19800,0_to_1,adj_rms_g,0.0712827742099762
L=32 iii1_lam0.1_b64,data/32Ising_T2.269_hsBignet_iii1_lam0.1_b64,32,2.269185314213022,19800,1_to_2,adj_ks,0.05140624999999999
L=32 iii1_lam0.1_b64,data/32Ising_T2.269_hsBignet_iii1_lam0.1_b64,32,2.269185314213022,19800,1_to_2,adj_w1,0.07312512386861578
L=32 iii1_lam0.1_b64,data/32Ising_T2.269_hsBignet_iii1_lam0.1_b64,32,2.269185314213022,19800,1_to_2,adj_rms_g,0.08608446270227432
L=32 iii1_lam0.1_b64,data/32Ising_T2.269_hsBignet_iii1_lam0.1_b64,32,2.269185314213022,19800,2_to_3,adj_ks,0.08350000000000002
L=32 iii1_lam0.1_b64,data/32Ising_T2.269_hsBignet_iii1_lam0.1_b64,32,2.269185314213022,19800,2_to_3,adj_w1,0.1153797469928948
L=32 iii1_lam0.1_b64,data/32Ising_T2.269_hsBignet_iii1_lam0.1_b64,32,2.269185314213022,19800,2_to_3,adj_rms_g,0.12021205574274063
L=32 iii1_lam0.1_b64,data/32Ising_T2.269_hsBignet_iii1_lam0.1_b64,32,2.269185314213022,19800,3_to_4,adj_ks,0.05375
L=32 iii1_lam0.1_b64,data/32Ising_T2.269_hsBignet_iii1_lam0.1_b64,32,2.269185314213022,19800,3_to_4,adj_w1,0.1247914014928906
L=32 iii1_lam0.1_b64,data/32Ising_T2.269_hsBignet_iii1_lam0.1_b64,32,2.269185314213022,19800,3_to_4,adj_rms_g,nan
L=32 iii1_lam0.1_b64,data/32Ising_T2.269_hsBignet_iii1_lam0.1_b64,32,2.269185314213022,19800,4_to_5,adj_ks,0.0655
L=32 iii1_lam0.1_b64,data/32Ising_T2.269_hsBignet_iii1_lam0.1_b64,32,2.269185314213022,19800,4_to_5,adj_w1,0.09585396842903171
L=32 iii1_lam0.1_b64,data/32Ising_T2.269_hsBignet_iii1_lam0.1_b64,32,2.269185314213022,19800,4_to_5,adj_rms_g,nan
L=32 iii1_lam10.0_b64,data/32Ising_T2.269_hsBignet_iii1_lam10.0_b64,32,2.269185314213022,19800,0,moment_mean,-0.03459131717681885
L=32 iii1_lam10.0_b64,data/32Ising_T2.269_hsBignet_iii1_lam10.0_b64,32,2.269185314213022,19800,0,moment_std,3.50704026222229
L=32 iii1_lam10.0_b64,data/32Ising_T2.269_hsBignet_iii1_lam10.0_b64,32,2.269185314213022,19800,0,moment_var,12.299330711364746
L=32 iii1_lam10.0_b64,data/32Ising_T2.269_hsBignet_iii1_lam10.0_b64,32,2.269185314213022,19800,0,moment_kurtosis,-1.333952273373866
L=32 iii1_lam10.0_b64,data/32Ising_T2.269_hsBignet_iii1_lam10.0_b64,32,2.269185314213022,19800,0,moment_skew,0.015193538311129993
L=32 iii1_lam10.0_b64,data/32Ising_T2.269_hsBignet_iii1_lam10.0_b64,32,2.269185314213022,19800,0,moment_L_s,32
L=32 iii1_lam10.0_b64,data/32Ising_T2.269_hsBignet_iii1_lam10.0_b64,32,2.269185314213022,19800,1,moment_mean,-0.04113542661070824
L=32 iii1_lam10.0_b64,data/32Ising_T2.269_hsBignet_iii1_lam10.0_b64,32,2.269185314213022,19800,1,moment_std,5.070573806762695
L=32 iii1_lam10.0_b64,data/32Ising_T2.269_hsBignet_iii1_lam10.0_b64,32,2.269185314213022,19800,1,moment_var,25.71072006225586
L=32 iii1_lam10.0_b64,data/32Ising_T2.269_hsBignet_iii1_lam10.0_b64,32,2.269185314213022,19800,1,moment_kurtosis,0.8820546143170263
L=32 iii1_lam10.0_b64,data/32Ising_T2.269_hsBignet_iii1_lam10.0_b64,32,2.269185314213022,19800,1,moment_skew,-0.3207986354583259
L=32 iii1_lam10.0_b64,data/32Ising_T2.269_hsBignet_iii1_lam10.0_b64,32,2.269185314213022,19800,1,moment_L_s,16
L=32 iii1_lam10.0_b64,data/32Ising_T2.269_hsBignet_iii1_lam10.0_b64,32,2.269185314213022,19800,2,moment_mean,-0.11277960985898972
L=32 iii1_lam10.0_b64,data/32Ising_T2.269_hsBignet_iii1_lam10.0_b64,32,2.269185314213022,19800,2,moment_std,4.014880657196045
L=32 iii1_lam10.0_b64,data/32Ising_T2.269_hsBignet_iii1_lam10.0_b64,32,2.269185314213022,19800,2,moment_var,16.1192684173584
L=32 iii1_lam10.0_b64,data/32Ising_T2.269_hsBignet_iii1_lam10.0_b64,32,2.269185314213022,19800,2,moment_kurtosis,0.6533099247426346
L=32 iii1_lam10.0_b64,data/32Ising_T2.269_hsBignet_iii1_lam10.0_b64,32,2.269185314213022,19800,2,moment_skew,-0.4237800162223773
L=32 iii1_lam10.0_b64,data/32Ising_T2.269_hsBignet_iii1_lam10.0_b64,32,2.269185314213022,19800,2,moment_L_s,8
L=32 iii1_lam10.0_b64,data/32Ising_T2.269_hsBignet_iii1_lam10.0_b64,32,2.269185314213022,19800,3,moment_mean,-0.13948307931423187
L=32 iii1_lam10.0_b64,data/32Ising_T2.269_hsBignet_iii1_lam10.0_b64,32,2.269185314213022,19800,3,moment_std,4.084291934967041
L=32 iii1_lam10.0_b64,data/32Ising_T2.269_hsBignet_iii1_lam10.0_b64,32,2.269185314213022,19800,3,moment_var,16.681440353393555
L=32 iii1_lam10.0_b64,data/32Ising_T2.269_hsBignet_iii1_lam10.0_b64,32,2.269185314213022,19800,3,moment_kurtosis,0.6235405936278453
L=32 iii1_lam10.0_b64,data/32Ising_T2.269_hsBignet_iii1_lam10.0_b64,32,2.269185314213022,19800,3,moment_skew,-0.40548860350645133
L=32 iii1_lam10.0_b64,data/32Ising_T2.269_hsBignet_iii1_lam10.0_b64,32,2.269185314213022,19800,3,moment_L_s,4
L=32 iii1_lam10.0_b64,data/32Ising_T2.269_hsBignet_iii1_lam10.0_b64,32,2.269185314213022,19800,4,moment_mean,-0.1277514547109604
L=32 iii1_lam10.0_b64,data/32Ising_T2.269_hsBignet_iii1_lam10.0_b64,32,2.269185314213022,19800,4,moment_std,4.067453861236572
L=32 iii1_lam10.0_b64,data/32Ising_T2.269_hsBignet_iii1_lam10.0_b64,32,2.269185314213022,19800,4,moment_var,16.544179916381836
L=32 iii1_lam10.0_b64,data/32Ising_T2.269_hsBignet_iii1_lam10.0_b64,32,2.269185314213022,19800,4,moment_kurtosis,0.47114417356623717
L=32 iii1_lam10.0_b64,data/32Ising_T2.269_hsBignet_iii1_lam10.0_b64,32,2.269185314213022,19800,4,moment_skew,-0.35853945050983377
L=32 iii1_lam10.0_b64,data/32Ising_T2.269_hsBignet_iii1_lam10.0_b64,32,2.269185314213022,19800,4,moment_L_s,2
L=32 iii1_lam10.0_b64,data/32Ising_T2.269_hsBignet_iii1_lam10.0_b64,32,2.269185314213022,19800,5,moment_mean,0.015701118856668472
L=32 iii1_lam10.0_b64,data/32Ising_T2.269_hsBignet_iii1_lam10.0_b64,32,2.269185314213022,19800,5,moment_std,4.045309066772461
L=32 iii1_lam10.0_b64,data/32Ising_T2.269_hsBignet_iii1_lam10.0_b64,32,2.269185314213022,19800,5,moment_var,16.364524841308594
L=32 iii1_lam10.0_b64,data/32Ising_T2.269_hsBignet_iii1_lam10.0_b64,32,2.269185314213022,19800,5,moment_kurtosis,0.63471046057315
L=32 iii1_lam10.0_b64,data/32Ising_T2.269_hsBignet_iii1_lam10.0_b64,32,2.269185314213022,19800,5,moment_skew,-0.3657544839697136
L=32 iii1_lam10.0_b64,data/32Ising_T2.269_hsBignet_iii1_lam10.0_b64,32,2.269185314213022,19800,5,moment_L_s,1
L=32 iii1_lam10.0_b64,data/32Ising_T2.269_hsBignet_iii1_lam10.0_b64,32,2.269185314213022,19800,0_to_1,adj_ks,0.132405
L=32 iii1_lam10.0_b64,data/32Ising_T2.269_hsBignet_iii1_lam10.0_b64,32,2.269185314213022,19800,0_to_1,adj_w1,0.2543944856104499
L=32 iii1_lam10.0_b64,data/32Ising_T2.269_hsBignet_iii1_lam10.0_b64,32,2.269185314213022,19800,0_to_1,adj_rms_g,0.5355179905891418
L=32 iii1_lam10.0_b64,data/32Ising_T2.269_hsBignet_iii1_lam10.0_b64,32,2.269185314213022,19800,1_to_2,adj_ks,0.017820312500000046
L=32 iii1_lam10.0_b64,data/32Ising_T2.269_hsBignet_iii1_lam10.0_b64,32,2.269185314213022,19800,1_to_2,adj_w1,0.03457427966639899
L=32 iii1_lam10.0_b64,data/32Ising_T2.269_hsBignet_iii1_lam10.0_b64,32,2.269185314213022,19800,1_to_2,adj_rms_g,0.13134418427944183
L=32 iii1_lam10.0_b64,data/32Ising_T2.269_hsBignet_iii1_lam10.0_b64,32,2.269185314213022,19800,2_to_3,adj_ks,0.005812499999999998
L=32 iii1_lam10.0_b64,data/32Ising_T2.269_hsBignet_iii1_lam10.0_b64,32,2.269185314213022,19800,2_to_3,adj_w1,0.010597036231993468
L=32 iii1_lam10.0_b64,data/32Ising_T2.269_hsBignet_iii1_lam10.0_b64,32,2.269185314213022,19800,2_to_3,adj_rms_g,0.025659993290901184
L=32 iii1_lam10.0_b64,data/32Ising_T2.269_hsBignet_iii1_lam10.0_b64,32,2.269185314213022,19800,3_to_4,adj_ks,0.012625
L=32 iii1_lam10.0_b64,data/32Ising_T2.269_hsBignet_iii1_lam10.0_b64,32,2.269185314213022,19800,3_to_4,adj_w1,0.01174471846873347
L=32 iii1_lam10.0_b64,data/32Ising_T2.269_hsBignet_iii1_lam10.0_b64,32,2.269185314213022,19800,3_to_4,adj_rms_g,nan
L=32 iii1_lam10.0_b64,data/32Ising_T2.269_hsBignet_iii1_lam10.0_b64,32,2.269185314213022,19800,4_to_5,adj_ks,0.022
L=32 iii1_lam10.0_b64,data/32Ising_T2.269_hsBignet_iii1_lam10.0_b64,32,2.269185314213022,19800,4_to_5,adj_w1,0.03841522942433214
L=32 iii1_lam10.0_b64,data/32Ising_T2.269_hsBignet_iii1_lam10.0_b64,32,2.269185314213022,19800,4_to_5,adj_rms_g,nan
L=32 i2_stride4h32 (b128),data/32Ising_T2.269_hsBignet_i2_stride4h32,32,2.269185314213022,19800,0,moment_mean,-0.03459131717681885
L=32 i2_stride4h32 (b128),data/32Ising_T2.269_hsBignet_i2_stride4h32,32,2.269185314213022,19800,0,moment_std,3.50704026222229
L=32 i2_stride4h32 (b128),data/32Ising_T2.269_hsBignet_i2_stride4h32,32,2.269185314213022,19800,0,moment_var,12.299330711364746
L=32 i2_stride4h32 (b128),data/32Ising_T2.269_hsBignet_i2_stride4h32,32,2.269185314213022,19800,0,moment_kurtosis,-1.333952273373866
L=32 i2_stride4h32 (b128),data/32Ising_T2.269_hsBignet_i2_stride4h32,32,2.269185314213022,19800,0,moment_skew,0.015193538311129993
L=32 i2_stride4h32 (b128),data/32Ising_T2.269_hsBignet_i2_stride4h32,32,2.269185314213022,19800,0,moment_L_s,32
L=32 i2_stride4h32 (b128),data/32Ising_T2.269_hsBignet_i2_stride4h32,32,2.269185314213022,19800,1,moment_mean,-2.8997621536254883
L=32 i2_stride4h32 (b128),data/32Ising_T2.269_hsBignet_i2_stride4h32,32,2.269185314213022,19800,1,moment_std,8.218063354492188
L=32 i2_stride4h32 (b128),data/32Ising_T2.269_hsBignet_i2_stride4h32,32,2.269185314213022,19800,1,moment_var,67.53656768798828
L=32 i2_stride4h32 (b128),data/32Ising_T2.269_hsBignet_i2_stride4h32,32,2.269185314213022,19800,1,moment_kurtosis,-0.6886150734357877
L=32 i2_stride4h32 (b128),data/32Ising_T2.269_hsBignet_i2_stride4h32,32,2.269185314213022,19800,1,moment_skew,-0.41112575960779635
L=32 i2_stride4h32 (b128),data/32Ising_T2.269_hsBignet_i2_stride4h32,32,2.269185314213022,19800,1,moment_L_s,16
L=32 i2_stride4h32 (b128),data/32Ising_T2.269_hsBignet_i2_stride4h32,32,2.269185314213022,19800,2,moment_mean,-8.26325798034668
L=32 i2_stride4h32 (b128),data/32Ising_T2.269_hsBignet_i2_stride4h32,32,2.269185314213022,19800,2,moment_std,18.425111770629883
L=32 i2_stride4h32 (b128),data/32Ising_T2.269_hsBignet_i2_stride4h32,32,2.269185314213022,19800,2,moment_var,339.4847412109375
L=32 i2_stride4h32 (b128),data/32Ising_T2.269_hsBignet_i2_stride4h32,32,2.269185314213022,19800,2,moment_kurtosis,-0.9606728009548902
L=32 i2_stride4h32 (b128),data/32Ising_T2.269_hsBignet_i2_stride4h32,32,2.269185314213022,19800,2,moment_skew,-0.49290281081099174
L=32 i2_stride4h32 (b128),data/32Ising_T2.269_hsBignet_i2_stride4h32,32,2.269185314213022,19800,2,moment_L_s,8
L=32 i2_stride4h32 (b128),data/32Ising_T2.269_hsBignet_i2_stride4h32,32,2.269185314213022,19800,3,moment_mean,-18.160058975219727
L=32 i2_stride4h32 (b128),data/32Ising_T2.269_hsBignet_i2_stride4h32,32,2.269185314213022,19800,3,moment_std,26.00078010559082
L=32 i2_stride4h32 (b128),data/32Ising_T2.269_hsBignet_i2_stride4h32,32,2.269185314213022,19800,3,moment_var,676.04052734375
L=32 i2_stride4h32 (b128),data/32Ising_T2.269_hsBignet_i2_stride4h32,32,2.269185314213022,19800,3,moment_kurtosis,-1.1138597274756903
L=32 i2_stride4h32 (b128),data/32Ising_T2.269_hsBignet_i2_stride4h32,32,2.269185314213022,19800,3,moment_skew,-0.5111335524753654
L=32 i2_stride4h32 (b128),data/32Ising_T2.269_hsBignet_i2_stride4h32,32,2.269185314213022,19800,3,moment_L_s,4
L=32 i2_stride4h32 (b128),data/32Ising_T2.269_hsBignet_i2_stride4h32,32,2.269185314213022,19800,4,moment_mean,-2.8924145698547363
L=32 i2_stride4h32 (b128),data/32Ising_T2.269_hsBignet_i2_stride4h32,32,2.269185314213022,19800,4,moment_std,7.114567279815674
L=32 i2_stride4h32 (b128),data/32Ising_T2.269_hsBignet_i2_stride4h32,32,2.269185314213022,19800,4,moment_var,50.617069244384766
L=32 i2_stride4h32 (b128),data/32Ising_T2.269_hsBignet_i2_stride4h32,32,2.269185314213022,19800,4,moment_kurtosis,-0.6027400478781662
L=32 i2_stride4h32 (b128),data/32Ising_T2.269_hsBignet_i2_stride4h32,32,2.269185314213022,19800,4,moment_skew,-0.5942173991235302
L=32 i2_stride4h32 (b128),data/32Ising_T2.269_hsBignet_i2_stride4h32,32,2.269185314213022,19800,4,moment_L_s,2
L=32 i2_stride4h32 (b128),data/32Ising_T2.269_hsBignet_i2_stride4h32,32,2.269185314213022,19800,5,moment_mean,-2.7427570819854736
L=32 i2_stride4h32 (b128),data/32Ising_T2.269_hsBignet_i2_stride4h32,32,2.269185314213022,19800,5,moment_std,5.649372577667236
L=32 i2_stride4h32 (b128),data/32Ising_T2.269_hsBignet_i2_stride4h32,32,2.269185314213022,19800,5,moment_var,31.9154109954834
L=32 i2_stride4h32 (b128),data/32Ising_T2.269_hsBignet_i2_stride4h32,32,2.269185314213022,19800,5,moment_kurtosis,-0.6844088529836587
L=32 i2_stride4h32 (b128),data/32Ising_T2.269_hsBignet_i2_stride4h32,32,2.269185314213022,19800,5,moment_skew,-0.5635745150016722
L=32 i2_stride4h32 (b128),data/32Ising_T2.269_hsBignet_i2_stride4h32,32,2.269185314213022,19800,5,moment_L_s,1
L=32 i2_stride4h32 (b128),data/32Ising_T2.269_hsBignet_i2_stride4h32,32,2.269185314213022,19800,0_to_1,adj_ks,0.08118000000000003
L=32 i2_stride4h32 (b128),data/32Ising_T2.269_hsBignet_i2_stride4h32,32,2.269185314213022,19800,0_to_1,adj_w1,0.1731866929031115
L=32 i2_stride4h32 (b128),data/32Ising_T2.269_hsBignet_i2_stride4h32,32,2.269185314213022,19800,0_to_1,adj_rms_g,0.07161640375852585
L=32 i2_stride4h32 (b128),data/32Ising_T2.269_hsBignet_i2_stride4h32,32,2.269185314213022,19800,1_to_2,adj_ks,0.05942187499999996
L=32 i2_stride4h32 (b128),data/32Ising_T2.269_hsBignet_i2_stride4h32,32,2.269185314213022,19800,1_to_2,adj_w1,0.05709682585658683
L=32 i2_stride4h32 (b128),data/32Ising_T2.269_hsBignet_i2_stride4h32,32,2.269185314213022,19800,1_to_2,adj_rms_g,0.09986267983913422
L=32 i2_stride4h32 (b128),data/32Ising_T2.269_hsBignet_i2_stride4h32,32,2.269185314213022,19800,2_to_3,adj_ks,0.0495000000000001
L=32 i2_stride4h32 (b128),data/32Ising_T2.269_hsBignet_i2_stride4h32,32,2.269185314213022,19800,2_to_3,adj_w1,0.057063047003063166
L=32 i2_stride4h32 (b128),data/32Ising_T2.269_hsBignet_i2_stride4h32,32,2.269185314213022,19800,2_to_3,adj_rms_g,0.09571444988250732
L=32 i2_stride4h32 (b128),data/32Ising_T2.269_hsBignet_i2_stride4h32,32,2.269185314213022,19800,3_to_4,adj_ks,0.09525
L=32 i2_stride4h32 (b128),data/32Ising_T2.269_hsBignet_i2_stride4h32,32,2.269185314213022,19800,3_to_4,adj_w1,0.10391278304433854
L=32 i2_stride4h32 (b128),data/32Ising_T2.269_hsBignet_i2_stride4h32,32,2.269185314213022,19800,3_to_4,adj_rms_g,nan
L=32 i2_stride4h32 (b128),data/32Ising_T2.269_hsBignet_i2_stride4h32,32,2.269185314213022,19800,4_to_5,adj_ks,0.019
L=32 i2_stride4h32 (b128),data/32Ising_T2.269_hsBignet_i2_stride4h32,32,2.269185314213022,19800,4_to_5,adj_w1,0.021989082711050278
L=32 i2_stride4h32 (b128),data/32Ising_T2.269_hsBignet_i2_stride4h32,32,2.269185314213022,19800,4_to_5,adj_rms_g,nan
L=32 i2_stride16h32 (b128),data/32Ising_T2.269_hsBignet_i2_stride16h32,32,2.269185314213022,19800,0,moment_mean,-0.03459131717681885
L=32 i2_stride16h32 (b128),data/32Ising_T2.269_hsBignet_i2_stride16h32,32,2.269185314213022,19800,0,moment_std,3.50704026222229
L=32 i2_stride16h32 (b128),data/32Ising_T2.269_hsBignet_i2_stride16h32,32,2.269185314213022,19800,0,moment_var,12.299330711364746
L=32 i2_stride16h32 (b128),data/32Ising_T2.269_hsBignet_i2_stride16h32,32,2.269185314213022,19800,0,moment_kurtosis,-1.333952273373866
L=32 i2_stride16h32 (b128),data/32Ising_T2.269_hsBignet_i2_stride16h32,32,2.269185314213022,19800,0,moment_skew,0.015193538311129993
L=32 i2_stride16h32 (b128),data/32Ising_T2.269_hsBignet_i2_stride16h32,32,2.269185314213022,19800,0,moment_L_s,32
L=32 i2_stride16h32 (b128),data/32Ising_T2.269_hsBignet_i2_stride16h32,32,2.269185314213022,19800,1,moment_mean,2.5467989444732666
L=32 i2_stride16h32 (b128),data/32Ising_T2.269_hsBignet_i2_stride16h32,32,2.269185314213022,19800,1,moment_std,15.88700008392334
L=32 i2_stride16h32 (b128),data/32Ising_T2.269_hsBignet_i2_stride16h32,32,2.269185314213022,19800,1,moment_var,252.39675903320312
L=32 i2_stride16h32 (b128),data/32Ising_T2.269_hsBignet_i2_stride16h32,32,2.269185314213022,19800,1,moment_kurtosis,-0.9566380035639277
L=32 i2_stride16h32 (b128),data/32Ising_T2.269_hsBignet_i2_stride16h32,32,2.269185314213022,19800,1,moment_skew,0.4042617503867248
L=32 i2_stride16h32 (b128),data/32Ising_T2.269_hsBignet_i2_stride16h32,32,2.269185314213022,19800,1,moment_L_s,16
L=32 i2_stride16h32 (b128),data/32Ising_T2.269_hsBignet_i2_stride16h32,32,2.269185314213022,19800,2,moment_mean,8.99927043914795
L=32 i2_stride16h32 (b128),data/32Ising_T2.269_hsBignet_i2_stride16h32,32,2.269185314213022,19800,2,moment_std,30.6984806060791
L=32 i2_stride16h32 (b128),data/32Ising_T2.269_hsBignet_i2_stride16h32,32,2.269185314213022,19800,2,moment_var,942.396728515625
L=32 i2_stride16h32 (b128),data/32Ising_T2.269_hsBignet_i2_stride16h32,32,2.269185314213022,19800,2,moment_kurtosis,-1.015009586548818
L=32 i2_stride16h32 (b128),data/32Ising_T2.269_hsBignet_i2_stride16h32,32,2.269185314213022,19800,2,moment_skew,0.4771294568904961
L=32 i2_stride16h32 (b128),data/32Ising_T2.269_hsBignet_i2_stride16h32,32,2.269185314213022,19800,2,moment_L_s,8
L=32 i2_stride16h32 (b128),data/32Ising_T2.269_hsBignet_i2_stride16h32,32,2.269185314213022,19800,3,moment_mean,-2.123037338256836
L=32 i2_stride16h32 (b128),data/32Ising_T2.269_hsBignet_i2_stride16h32,32,2.269185314213022,19800,3,moment_std,29.043041229248047
L=32 i2_stride16h32 (b128),data/32Ising_T2.269_hsBignet_i2_stride16h32,32,2.269185314213022,19800,3,moment_var,843.4982299804688
L=32 i2_stride16h32 (b128),data/32Ising_T2.269_hsBignet_i2_stride16h32,32,2.269185314213022,19800,3,moment_kurtosis,-1.2771403771538279
L=32 i2_stride16h32 (b128),data/32Ising_T2.269_hsBignet_i2_stride16h32,32,2.269185314213022,19800,3,moment_skew,0.11367341862651269
L=32 i2_stride16h32 (b128),data/32Ising_T2.269_hsBignet_i2_stride16h32,32,2.269185314213022,19800,3,moment_L_s,4
L=32 i2_stride16h32 (b128),data/32Ising_T2.269_hsBignet_i2_stride16h32,32,2.269185314213022,19800,4,moment_mean,2.2716870307922363
L=32 i2_stride16h32 (b128),data/32Ising_T2.269_hsBignet_i2_stride16h32,32,2.269185314213022,19800,4,moment_std,12.673043251037598
L=32 i2_stride16h32 (b128),data/32Ising_T2.269_hsBignet_i2_stride16h32,32,2.269185314213022,19800,4,moment_var,160.6060333251953
L=32 i2_stride16h32 (b128),data/32Ising_T2.269_hsBignet_i2_stride16h32,32,2.269185314213022,19800,4,moment_kurtosis,-1.0131990086701892
L=32 i2_stride16h32 (b128),data/32Ising_T2.269_hsBignet_i2_stride16h32,32,2.269185314213022,19800,4,moment_skew,0.393314846751427
L=32 i2_stride16h32 (b128),data/32Ising_T2.269_hsBignet_i2_stride16h32,32,2.269185314213022,19800,4,moment_L_s,2
L=32 i2_stride16h32 (b128),data/32Ising_T2.269_hsBignet_i2_stride16h32,32,2.269185314213022,19800,5,moment_mean,1.1680794954299927
L=32 i2_stride16h32 (b128),data/32Ising_T2.269_hsBignet_i2_stride16h32,32,2.269185314213022,19800,5,moment_std,8.588127136230469
L=32 i2_stride16h32 (b128),data/32Ising_T2.269_hsBignet_i2_stride16h32,32,2.269185314213022,19800,5,moment_var,73.75592041015625
L=32 i2_stride16h32 (b128),data/32Ising_T2.269_hsBignet_i2_stride16h32,32,2.269185314213022,19800,5,moment_kurtosis,-0.968644704988348
L=32 i2_stride16h32 (b128),data/32Ising_T2.269_hsBignet_i2_stride16h32,32,2.269185314213022,19800,5,moment_skew,0.43955407188109025
L=32 i2_stride16h32 (b128),data/32Ising_T2.269_hsBignet_i2_stride16h32,32,2.269185314213022,19800,5,moment_L_s,1
L=32 i2_stride16h32 (b128),data/32Ising_T2.269_hsBignet_i2_stride16h32,32,2.269185314213022,19800,0_to_1,adj_ks,0.06848500000000002
L=32 i2_stride16h32 (b128),data/32Ising_T2.269_hsBignet_i2_stride16h32,32,2.269185314213022,19800,0_to_1,adj_w1,0.12865557970966038
L=32 i2_stride16h32 (b128),data/32Ising_T2.269_hsBignet_i2_stride16h32,32,2.269185314213022,19800,0_to_1,adj_rms_g,0.08344768732786179
L=32 i2_stride16h32 (b128),data/32Ising_T2.269_hsBignet_i2_stride16h32,32,2.269185314213022,19800,1_to_2,adj_ks,0.02875781249999998
L=32 i2_stride16h32 (b128),data/32Ising_T2.269_hsBignet_i2_stride16h32,32,2.269185314213022,19800,1_to_2,adj_w1,0.04470056265530474
L=32 i2_stride16h32 (b128),data/32Ising_T2.269_hsBignet_i2_stride16h32,32,2.269185314213022,19800,1_to_2,adj_rms_g,0.08554854989051819
L=32 i2_stride16h32 (b128),data/32Ising_T2.269_hsBignet_i2_stride16h32,32,2.269185314213022,19800,2_to_3,adj_ks,0.056468749999999956
L=32 i2_stride16h32 (b128),data/32Ising_T2.269_hsBignet_i2_stride16h32,32,2.269185314213022,19800,2_to_3,adj_w1,0.11626153633029407
L=32 i2_stride16h32 (b128),data/32Ising_T2.269_hsBignet_i2_stride16h32,32,2.269185314213022,19800,2_to_3,adj_rms_g,0.05174540728330612
L=32 i2_stride16h32 (b128),data/32Ising_T2.269_hsBignet_i2_stride16h32,32,2.269185314213022,19800,3_to_4,adj_ks,0.052
L=32 i2_stride16h32 (b128),data/32Ising_T2.269_hsBignet_i2_stride16h32,32,2.269185314213022,19800,3_to_4,adj_w1,0.08970708633427102
L=32 i2_stride16h32 (b128),data/32Ising_T2.269_hsBignet_i2_stride16h32,32,2.269185314213022,19800,3_to_4,adj_rms_g,nan
L=32 i2_stride16h32 (b128),data/32Ising_T2.269_hsBignet_i2_stride16h32,32,2.269185314213022,19800,4_to_5,adj_ks,0.0215
L=32 i2_stride16h32 (b128),data/32Ising_T2.269_hsBignet_i2_stride16h32,32,2.269185314213022,19800,4_to_5,adj_w1,0.025900766268838187
L=32 i2_stride16h32 (b128),data/32Ising_T2.269_hsBignet_i2_stride16h32,32,2.269185314213022,19800,4_to_5,adj_rms_g,nan
L=32 i1_df4.0 (Student-t b128),data/32Ising_T2.269_hsBignet_i1_df4.0,32,2.269185314213022,19800,0,moment_mean,-0.03459131717681885
L=32 i1_df4.0 (Student-t b128),data/32Ising_T2.269_hsBignet_i1_df4.0,32,2.269185314213022,19800,0,moment_std,3.50704026222229
L=32 i1_df4.0 (Student-t b128),data/32Ising_T2.269_hsBignet_i1_df4.0,32,2.269185314213022,19800,0,moment_var,12.299330711364746
L=32 i1_df4.0 (Student-t b128),data/32Ising_T2.269_hsBignet_i1_df4.0,32,2.269185314213022,19800,0,moment_kurtosis,-1.333952273373866
L=32 i1_df4.0 (Student-t b128),data/32Ising_T2.269_hsBignet_i1_df4.0,32,2.269185314213022,19800,0,moment_skew,0.015193538311129993
L=32 i1_df4.0 (Student-t b128),data/32Ising_T2.269_hsBignet_i1_df4.0,32,2.269185314213022,19800,0,moment_L_s,32
L=32 i1_df4.0 (Student-t b128),data/32Ising_T2.269_hsBignet_i1_df4.0,32,2.269185314213022,19800,1,moment_mean,6.572023868560791
L=32 i1_df4.0 (Student-t b128),data/32Ising_T2.269_hsBignet_i1_df4.0,32,2.269185314213022,19800,1,moment_std,40.849090576171875
L=32 i1_df4.0 (Student-t b128),data/32Ising_T2.269_hsBignet_i1_df4.0,32,2.269185314213022,19800,1,moment_var,1668.6483154296875
L=32 i1_df4.0 (Student-t b128),data/32Ising_T2.269_hsBignet_i1_df4.0,32,2.269185314213022,19800,1,moment_kurtosis,0.42907372867876203
L=32 i1_df4.0 (Student-t b128),data/32Ising_T2.269_hsBignet_i1_df4.0,32,2.269185314213022,19800,1,moment_skew,0.6545113360095444
L=32 i1_df4.0 (Student-t b128),data/32Ising_T2.269_hsBignet_i1_df4.0,32,2.269185314213022,19800,1,moment_L_s,16
L=32 i1_df4.0 (Student-t b128),data/32Ising_T2.269_hsBignet_i1_df4.0,32,2.269185314213022,19800,2,moment_mean,33.88542556762695
L=32 i1_df4.0 (Student-t b128),data/32Ising_T2.269_hsBignet_i1_df4.0,32,2.269185314213022,19800,2,moment_std,105.27484130859375
L=32 i1_df4.0 (Student-t b128),data/32Ising_T2.269_hsBignet_i1_df4.0,32,2.269185314213022,19800,2,moment_var,11082.7919921875
L=32 i1_df4.0 (Student-t b128),data/32Ising_T2.269_hsBignet_i1_df4.0,32,2.269185314213022,19800,2,moment_kurtosis,1.106033486811115
L=32 i1_df4.0 (Student-t b128),data/32Ising_T2.269_hsBignet_i1_df4.0,32,2.269185314213022,19800,2,moment_skew,0.7163403835788926
L=32 i1_df4.0 (Student-t b128),data/32Ising_T2.269_hsBignet_i1_df4.0,32,2.269185314213022,19800,2,moment_L_s,8
L=32 i1_df4.0 (Student-t b128),data/32Ising_T2.269_hsBignet_i1_df4.0,32,2.269185314213022,19800,3,moment_mean,16.824113845825195
L=32 i1_df4.0 (Student-t b128),data/32Ising_T2.269_hsBignet_i1_df4.0,32,2.269185314213022,19800,3,moment_std,70.14555358886719
L=32 i1_df4.0 (Student-t b128),data/32Ising_T2.269_hsBignet_i1_df4.0,32,2.269185314213022,19800,3,moment_var,4920.3984375
L=32 i1_df4.0 (Student-t b128),data/32Ising_T2.269_hsBignet_i1_df4.0,32,2.269185314213022,19800,3,moment_kurtosis,0.6235505007795621
L=32 i1_df4.0 (Student-t b128),data/32Ising_T2.269_hsBignet_i1_df4.0,32,2.269185314213022,19800,3,moment_skew,0.6395630972877723
L=32 i1_df4.0 (Student-t b128),data/32Ising_T2.269_hsBignet_i1_df4.0,32,2.269185314213022,19800,3,moment_L_s,4
L=32 i1_df4.0 (Student-t b128),data/32Ising_T2.269_hsBignet_i1_df4.0,32,2.269185314213022,19800,4,moment_mean,25.336397171020508
L=32 i1_df4.0 (Student-t b128),data/32Ising_T2.269_hsBignet_i1_df4.0,32,2.269185314213022,19800,4,moment_std,56.32918167114258
L=32 i1_df4.0 (Student-t b128),data/32Ising_T2.269_hsBignet_i1_df4.0,32,2.269185314213022,19800,4,moment_var,3172.9765625
L=32 i1_df4.0 (Student-t b128),data/32Ising_T2.269_hsBignet_i1_df4.0,32,2.269185314213022,19800,4,moment_kurtosis,1.5054114015974918
L=32 i1_df4.0 (Student-t b128),data/32Ising_T2.269_hsBignet_i1_df4.0,32,2.269185314213022,19800,4,moment_skew,1.1335107586637605
L=32 i1_df4.0 (Student-t b128),data/32Ising_T2.269_hsBignet_i1_df4.0,32,2.269185314213022,19800,4,moment_L_s,2
L=32 i1_df4.0 (Student-t b128),data/32Ising_T2.269_hsBignet_i1_df4.0,32,2.269185314213022,19800,5,moment_mean,36.030174255371094
L=32 i1_df4.0 (Student-t b128),data/32Ising_T2.269_hsBignet_i1_df4.0,32,2.269185314213022,19800,5,moment_std,60.98220443725586
L=32 i1_df4.0 (Student-t b128),data/32Ising_T2.269_hsBignet_i1_df4.0,32,2.269185314213022,19800,5,moment_var,3718.8291015625
L=32 i1_df4.0 (Student-t b128),data/32Ising_T2.269_hsBignet_i1_df4.0,32,2.269185314213022,19800,5,moment_kurtosis,0.19251439200309317
L=32 i1_df4.0 (Student-t b128),data/32Ising_T2.269_hsBignet_i1_df4.0,32,2.269185314213022,19800,5,moment_skew,0.879648113638164
L=32 i1_df4.0 (Student-t b128),data/32Ising_T2.269_hsBignet_i1_df4.0,32,2.269185314213022,19800,5,moment_L_s,1
L=32 i1_df4.0 (Student-t b128),data/32Ising_T2.269_hsBignet_i1_df4.0,32,2.269185314213022,19800,0_to_1,adj_ks,0.13180500000000006
L=32 i1_df4.0 (Student-t b128),data/32Ising_T2.269_hsBignet_i1_df4.0,32,2.269185314213022,19800,0_to_1,adj_w1,0.25078588523000106
L=32 i1_df4.0 (Student-t b128),data/32Ising_T2.269_hsBignet_i1_df4.0,32,2.269185314213022,19800,0_to_1,adj_rms_g,0.1615455597639084
L=32 i1_df4.0 (Student-t b128),data/32Ising_T2.269_hsBignet_i1_df4.0,32,2.269185314213022,19800,1_to_2,adj_ks,0.04556249999999995
L=32 i1_df4.0 (Student-t b128),data/32Ising_T2.269_hsBignet_i1_df4.0,32,2.269185314213022,19800,1_to_2,adj_w1,0.047484413557430466
L=32 i1_df4.0 (Student-t b128),data/32Ising_T2.269_hsBignet_i1_df4.0,32,2.269185314213022,19800,1_to_2,adj_rms_g,0.0725628212094307
L=32 i1_df4.0 (Student-t b128),data/32Ising_T2.269_hsBignet_i1_df4.0,32,2.269185314213022,19800,2_to_3,adj_ks,0.028781250000000008
L=32 i1_df4.0 (Student-t b128),data/32Ising_T2.269_hsBignet_i1_df4.0,32,2.269185314213022,19800,2_to_3,adj_w1,0.03479063361661309
L=32 i1_df4.0 (Student-t b128),data/32Ising_T2.269_hsBignet_i1_df4.0,32,2.269185314213022,19800,2_to_3,adj_rms_g,0.014362389221787453
L=32 i1_df4.0 (Student-t b128),data/32Ising_T2.269_hsBignet_i1_df4.0,32,2.269185314213022,19800,3_to_4,adj_ks,0.075875
L=32 i1_df4.0 (Student-t b128),data/32Ising_T2.269_hsBignet_i1_df4.0,32,2.269185314213022,19800,3_to_4,adj_w1,0.09093385795327047
L=32 i1_df4.0 (Student-t b128),data/32Ising_T2.269_hsBignet_i1_df4.0,32,2.269185314213022,19800,3_to_4,adj_rms_g,nan
L=32 i1_df4.0 (Student-t b128),data/32Ising_T2.269_hsBignet_i1_df4.0,32,2.269185314213022,19800,4_to_5,adj_ks,0.122
L=32 i1_df4.0 (Student-t b128),data/32Ising_T2.269_hsBignet_i1_df4.0,32,2.269185314213022,19800,4_to_5,adj_w1,0.10260784319616495
L=32 i1_df4.0 (Student-t b128),data/32Ising_T2.269_hsBignet_i1_df4.0,32,2.269185314213022,19800,4_to_5,adj_rms_g,nan
L=64 baseline_b16,data/64Ising_T2.269_hsBignet_baseline_b16,64,2.269185314213022,19800,0,moment_mean,-0.01689569093286991
L=64 baseline_b16,data/64Ising_T2.269_hsBignet_baseline_b16,64,2.269185314213022,19800,0,moment_std,3.5013132095336914
L=64 baseline_b16,data/64Ising_T2.269_hsBignet_baseline_b16,64,2.269185314213022,19800,0,moment_var,12.259194374084473
L=64 baseline_b16,data/64Ising_T2.269_hsBignet_baseline_b16,64,2.269185314213022,19800,0,moment_kurtosis,-1.3322957467744365
L=64 baseline_b16,data/64Ising_T2.269_hsBignet_baseline_b16,64,2.269185314213022,19800,0,moment_skew,0.007592712038213583
L=64 baseline_b16,data/64Ising_T2.269_hsBignet_baseline_b16,64,2.269185314213022,19800,0,moment_L_s,64
L=64 baseline_b16,data/64Ising_T2.269_hsBignet_baseline_b16,64,2.269185314213022,19800,1,moment_mean,-1.4778220653533936
L=64 baseline_b16,data/64Ising_T2.269_hsBignet_baseline_b16,64,2.269185314213022,19800,1,moment_std,10.201562881469727
L=64 baseline_b16,data/64Ising_T2.269_hsBignet_baseline_b16,64,2.269185314213022,19800,1,moment_var,104.07188415527344
L=64 baseline_b16,data/64Ising_T2.269_hsBignet_baseline_b16,64,2.269185314213022,19800,1,moment_kurtosis,-0.9064993901812768
L=64 baseline_b16,data/64Ising_T2.269_hsBignet_baseline_b16,64,2.269185314213022,19800,1,moment_skew,0.01070343834736457
L=64 baseline_b16,data/64Ising_T2.269_hsBignet_baseline_b16,64,2.269185314213022,19800,1,moment_L_s,32
L=64 baseline_b16,data/64Ising_T2.269_hsBignet_baseline_b16,64,2.269185314213022,19800,2,moment_mean,-6.7603254318237305
L=64 baseline_b16,data/64Ising_T2.269_hsBignet_baseline_b16,64,2.269185314213022,19800,2,moment_std,12.791404724121094
L=64 baseline_b16,data/64Ising_T2.269_hsBignet_baseline_b16,64,2.269185314213022,19800,2,moment_var,163.6200408935547
L=64 baseline_b16,data/64Ising_T2.269_hsBignet_baseline_b16,64,2.269185314213022,19800,2,moment_kurtosis,-0.03367058709055737
L=64 baseline_b16,data/64Ising_T2.269_hsBignet_baseline_b16,64,2.269185314213022,19800,2,moment_skew,-0.4206519650824591
L=64 baseline_b16,data/64Ising_T2.269_hsBignet_baseline_b16,64,2.269185314213022,19800,2,moment_L_s,16
L=64 baseline_b16,data/64Ising_T2.269_hsBignet_baseline_b16,64,2.269185314213022,19800,3,moment_mean,-7.219433307647705
L=64 baseline_b16,data/64Ising_T2.269_hsBignet_baseline_b16,64,2.269185314213022,19800,3,moment_std,11.844832420349121
L=64 baseline_b16,data/64Ising_T2.269_hsBignet_baseline_b16,64,2.269185314213022,19800,3,moment_var,140.300048828125
L=64 baseline_b16,data/64Ising_T2.269_hsBignet_baseline_b16,64,2.269185314213022,19800,3,moment_kurtosis,-0.844121342443017
L=64 baseline_b16,data/64Ising_T2.269_hsBignet_baseline_b16,64,2.269185314213022,19800,3,moment_skew,-0.3329084505148444
L=64 baseline_b16,data/64Ising_T2.269_hsBignet_baseline_b16,64,2.269185314213022,19800,3,moment_L_s,8
L=64 baseline_b16,data/64Ising_T2.269_hsBignet_baseline_b16,64,2.269185314213022,19800,4,moment_mean,-6.5637383460998535
L=64 baseline_b16,data/64Ising_T2.269_hsBignet_baseline_b16,64,2.269185314213022,19800,4,moment_std,10.157103538513184
L=64 baseline_b16,data/64Ising_T2.269_hsBignet_baseline_b16,64,2.269185314213022,19800,4,moment_var,103.166748046875
L=64 baseline_b16,data/64Ising_T2.269_hsBignet_baseline_b16,64,2.269185314213022,19800,4,moment_kurtosis,-1.3090399017581955
L=64 baseline_b16,data/64Ising_T2.269_hsBignet_baseline_b16,64,2.269185314213022,19800,4,moment_skew,-0.15660521273995706
L=64 baseline_b16,data/64Ising_T2.269_hsBignet_baseline_b16,64,2.269185314213022,19800,4,moment_L_s,4
L=64 baseline_b16,data/64Ising_T2.269_hsBignet_baseline_b16,64,2.269185314213022,19800,5,moment_mean,-4.097108364105225
L=64 baseline_b16,data/64Ising_T2.269_hsBignet_baseline_b16,64,2.269185314213022,19800,5,moment_std,6.451478958129883
L=64 baseline_b16,data/64Ising_T2.269_hsBignet_baseline_b16,64,2.269185314213022,19800,5,moment_var,41.621578216552734
L=64 baseline_b16,data/64Ising_T2.269_hsBignet_baseline_b16,64,2.269185314213022,19800,5,moment_kurtosis,-1.406585481753279
L=64 baseline_b16,data/64Ising_T2.269_hsBignet_baseline_b16,64,2.269185314213022,19800,5,moment_skew,0.0496205147288281
L=64 baseline_b16,data/64Ising_T2.269_hsBignet_baseline_b16,64,2.269185314213022,19800,5,moment_L_s,2
L=64 baseline_b16,data/64Ising_T2.269_hsBignet_baseline_b16,64,2.269185314213022,19800,6,moment_mean,-1.9262611865997314
L=64 baseline_b16,data/64Ising_T2.269_hsBignet_baseline_b16,64,2.269185314213022,19800,6,moment_std,3.260207414627075
L=64 baseline_b16,data/64Ising_T2.269_hsBignet_baseline_b16,64,2.269185314213022,19800,6,moment_var,10.628952980041504
L=64 baseline_b16,data/64Ising_T2.269_hsBignet_baseline_b16,64,2.269185314213022,19800,6,moment_kurtosis,-1.0953737384890043
L=64 baseline_b16,data/64Ising_T2.269_hsBignet_baseline_b16,64,2.269185314213022,19800,6,moment_skew,0.14387612157343832
L=64 baseline_b16,data/64Ising_T2.269_hsBignet_baseline_b16,64,2.269185314213022,19800,6,moment_L_s,1
L=64 baseline_b16,data/64Ising_T2.269_hsBignet_baseline_b16,64,2.269185314213022,19800,0_to_1,adj_ks,0.05661000000000005
L=64 baseline_b16,data/64Ising_T2.269_hsBignet_baseline_b16,64,2.269185314213022,19800,0_to_1,adj_w1,0.1010577922308521
L=64 baseline_b16,data/64Ising_T2.269_hsBignet_baseline_b16,64,2.269185314213022,19800,0_to_1,adj_rms_g,0.07777290046215057
L=64 baseline_b16,data/64Ising_T2.269_hsBignet_baseline_b16,64,2.269185314213022,19800,1_to_2,adj_ks,0.055300000000000016
L=64 baseline_b16,data/64Ising_T2.269_hsBignet_baseline_b16,64,2.269185314213022,19800,1_to_2,adj_w1,0.1126912728589057
L=64 baseline_b16,data/64Ising_T2.269_hsBignet_baseline_b16,64,2.269185314213022,19800,1_to_2,adj_rms_g,0.13347522914409637
L=64 baseline_b16,data/64Ising_T2.269_hsBignet_baseline_b16,64,2.269185314213022,19800,2_to_3,adj_ks,0.03939843750000005
L=64 baseline_b16,data/64Ising_T2.269_hsBignet_baseline_b16,64,2.269185314213022,19800,2_to_3,adj_w1,0.06687804313305096
L=64 baseline_b16,data/64Ising_T2.269_hsBignet_baseline_b16,64,2.269185314213022,19800,2_to_3,adj_rms_g,0.07201164960861206
L=64 baseline_b16,data/64Ising_T2.269_hsBignet_baseline_b16,64,2.269185314213022,19800,3_to_4,adj_ks,0.03815625
L=64 baseline_b16,data/64Ising_T2.269_hsBignet_baseline_b16,64,2.269185314213022,19800,3_to_4,adj_w1,0.06959130969680499
L=64 baseline_b16,data/64Ising_T2.269_hsBignet_baseline_b16,64,2.269185314213022,19800,3_to_4,adj_rms_g,0.05767237767577171
L=64 baseline_b16,data/64Ising_T2.269_hsBignet_baseline_b16,64,2.269185314213022,19800,4_to_5,adj_ks,0.047125
L=64 baseline_b16,data/64Ising_T2.269_hsBignet_baseline_b16,64,2.269185314213022,19800,4_to_5,adj_w1,0.07627419787333474
L=64 baseline_b16,data/64Ising_T2.269_hsBignet_baseline_b16,64,2.269185314213022,19800,4_to_5,adj_rms_g,nan
L=64 baseline_b16,data/64Ising_T2.269_hsBignet_baseline_b16,64,2.269185314213022,19800,5_to_6,adj_ks,0.055
L=64 baseline_b16,data/64Ising_T2.269_hsBignet_baseline_b16,64,2.269185314213022,19800,5_to_6,adj_w1,0.08418041494281714
L=64 baseline_b16,data/64Ising_T2.269_hsBignet_baseline_b16,64,2.269185314213022,19800,5_to_6,adj_rms_g,nan
L=64 iii1_lam1.0_b16 (+III.1),data/64Ising_T2.269_hsBignet_iii1_lam1.0_b16,64,2.269185314213022,19800,0,moment_mean,-0.01689569093286991
L=64 iii1_lam1.0_b16 (+III.1),data/64Ising_T2.269_hsBignet_iii1_lam1.0_b16,64,2.269185314213022,19800,0,moment_std,3.5013132095336914
L=64 iii1_lam1.0_b16 (+III.1),data/64Ising_T2.269_hsBignet_iii1_lam1.0_b16,64,2.269185314213022,19800,0,moment_var,12.259194374084473
L=64 iii1_lam1.0_b16 (+III.1),data/64Ising_T2.269_hsBignet_iii1_lam1.0_b16,64,2.269185314213022,19800,0,moment_kurtosis,-1.3322957467744365
L=64 iii1_lam1.0_b16 (+III.1),data/64Ising_T2.269_hsBignet_iii1_lam1.0_b16,64,2.269185314213022,19800,0,moment_skew,0.007592712038213583
L=64 iii1_lam1.0_b16 (+III.1),data/64Ising_T2.269_hsBignet_iii1_lam1.0_b16,64,2.269185314213022,19800,0,moment_L_s,64
L=64 iii1_lam1.0_b16 (+III.1),data/64Ising_T2.269_hsBignet_iii1_lam1.0_b16,64,2.269185314213022,19800,1,moment_mean,-1.5649778842926025
L=64 iii1_lam1.0_b16 (+III.1),data/64Ising_T2.269_hsBignet_iii1_lam1.0_b16,64,2.269185314213022,19800,1,moment_std,11.398045539855957
L=64 iii1_lam1.0_b16 (+III.1),data/64Ising_T2.269_hsBignet_iii1_lam1.0_b16,64,2.269185314213022,19800,1,moment_var,129.91543579101562
L=64 iii1_lam1.0_b16 (+III.1),data/64Ising_T2.269_hsBignet_iii1_lam1.0_b16,64,2.269185314213022,19800,1,moment_kurtosis,-0.9613486945562184
L=64 iii1_lam1.0_b16 (+III.1),data/64Ising_T2.269_hsBignet_iii1_lam1.0_b16,64,2.269185314213022,19800,1,moment_skew,-0.05384661025621287
L=64 iii1_lam1.0_b16 (+III.1),data/64Ising_T2.269_hsBignet_iii1_lam1.0_b16,64,2.269185314213022,19800,1,moment_L_s,32
L=64 iii1_lam1.0_b16 (+III.1),data/64Ising_T2.269_hsBignet_iii1_lam1.0_b16,64,2.269185314213022,19800,2,moment_mean,-5.118763446807861
L=64 iii1_lam1.0_b16 (+III.1),data/64Ising_T2.269_hsBignet_iii1_lam1.0_b16,64,2.269185314213022,19800,2,moment_std,12.862210273742676
L=64 iii1_lam1.0_b16 (+III.1),data/64Ising_T2.269_hsBignet_iii1_lam1.0_b16,64,2.269185314213022,19800,2,moment_var,165.43646240234375
L=64 iii1_lam1.0_b16 (+III.1),data/64Ising_T2.269_hsBignet_iii1_lam1.0_b16,64,2.269185314213022,19800,2,moment_kurtosis,-0.6811056812357048
L=64 iii1_lam1.0_b16 (+III.1),data/64Ising_T2.269_hsBignet_iii1_lam1.0_b16,64,2.269185314213022,19800,2,moment_skew,-0.2539221956486674
L=64 iii1_lam1.0_b16 (+III.1),data/64Ising_T2.269_hsBignet_iii1_lam1.0_b16,64,2.269185314213022,19800,2,moment_L_s,16
L=64 iii1_lam1.0_b16 (+III.1),data/64Ising_T2.269_hsBignet_iii1_lam1.0_b16,64,2.269185314213022,19800,3,moment_mean,-4.019232273101807
L=64 iii1_lam1.0_b16 (+III.1),data/64Ising_T2.269_hsBignet_iii1_lam1.0_b16,64,2.269185314213022,19800,3,moment_std,9.001791000366211
L=64 iii1_lam1.0_b16 (+III.1),data/64Ising_T2.269_hsBignet_iii1_lam1.0_b16,64,2.269185314213022,19800,3,moment_var,81.03223419189453
L=64 iii1_lam1.0_b16 (+III.1),data/64Ising_T2.269_hsBignet_iii1_lam1.0_b16,64,2.269185314213022,19800,3,moment_kurtosis,-1.0263479482361946
L=64 iii1_lam1.0_b16 (+III.1),data/64Ising_T2.269_hsBignet_iii1_lam1.0_b16,64,2.269185314213022,19800,3,moment_skew,-0.2484702746527955
L=64 iii1_lam1.0_b16 (+III.1),data/64Ising_T2.269_hsBignet_iii1_lam1.0_b16,64,2.269185314213022,19800,3,moment_L_s,8
L=64 iii1_lam1.0_b16 (+III.1),data/64Ising_T2.269_hsBignet_iii1_lam1.0_b16,64,2.269185314213022,19800,4,moment_mean,-2.8261964321136475
L=64 iii1_lam1.0_b16 (+III.1),data/64Ising_T2.269_hsBignet_iii1_lam1.0_b16,64,2.269185314213022,19800,4,moment_std,6.617753982543945
L=64 iii1_lam1.0_b16 (+III.1),data/64Ising_T2.269_hsBignet_iii1_lam1.0_b16,64,2.269185314213022,19800,4,moment_var,43.79467010498047
L=64 iii1_lam1.0_b16 (+III.1),data/64Ising_T2.269_hsBignet_iii1_lam1.0_b16,64,2.269185314213022,19800,4,moment_kurtosis,-1.4125429578878423
L=64 iii1_lam1.0_b16 (+III.1),data/64Ising_T2.269_hsBignet_iii1_lam1.0_b16,64,2.269185314213022,19800,4,moment_skew,-0.10649731448097165
L=64 iii1_lam1.0_b16 (+III.1),data/64Ising_T2.269_hsBignet_iii1_lam1.0_b16,64,2.269185314213022,19800,4,moment_L_s,4
L=64 iii1_lam1.0_b16 (+III.1),data/64Ising_T2.269_hsBignet_iii1_lam1.0_b16,64,2.269185314213022,19800,5,moment_mean,-1.3581631183624268
L=64 iii1_lam1.0_b16 (+III.1),data/64Ising_T2.269_hsBignet_iii1_lam1.0_b16,64,2.269185314213022,19800,5,moment_std,4.596977233886719
L=64 iii1_lam1.0_b16 (+III.1),data/64Ising_T2.269_hsBignet_iii1_lam1.0_b16,64,2.269185314213022,19800,5,moment_var,21.132198333740234
L=64 iii1_lam1.0_b16 (+III.1),data/64Ising_T2.269_hsBignet_iii1_lam1.0_b16,64,2.269185314213022,19800,5,moment_kurtosis,-1.124651266027143
L=64 iii1_lam1.0_b16 (+III.1),data/64Ising_T2.269_hsBignet_iii1_lam1.0_b16,64,2.269185314213022,19800,5,moment_skew,-0.05456827319902825
L=64 iii1_lam1.0_b16 (+III.1),data/64Ising_T2.269_hsBignet_iii1_lam1.0_b16,64,2.269185314213022,19800,5,moment_L_s,2
L=64 iii1_lam1.0_b16 (+III.1),data/64Ising_T2.269_hsBignet_iii1_lam1.0_b16,64,2.269185314213022,19800,6,moment_mean,-1.3836134672164917
L=64 iii1_lam1.0_b16 (+III.1),data/64Ising_T2.269_hsBignet_iii1_lam1.0_b16,64,2.269185314213022,19800,6,moment_std,4.467132091522217
L=64 iii1_lam1.0_b16 (+III.1),data/64Ising_T2.269_hsBignet_iii1_lam1.0_b16,64,2.269185314213022,19800,6,moment_var,19.955270767211914
L=64 iii1_lam1.0_b16 (+III.1),data/64Ising_T2.269_hsBignet_iii1_lam1.0_b16,64,2.269185314213022,19800,6,moment_kurtosis,-1.1065461477175087
L=64 iii1_lam1.0_b16 (+III.1),data/64Ising_T2.269_hsBignet_iii1_lam1.0_b16,64,2.269185314213022,19800,6,moment_skew,-0.04644714311445469
L=64 iii1_lam1.0_b16 (+III.1),data/64Ising_T2.269_hsBignet_iii1_lam1.0_b16,64,2.269185314213022,19800,6,moment_L_s,1
L=64 iii1_lam1.0_b16 (+III.1),data/64Ising_T2.269_hsBignet_iii1_lam1.0_b16,64,2.269185314213022,19800,0_to_1,adj_ks,0.061819999999999986
L=64 iii1_lam1.0_b16 (+III.1),data/64Ising_T2.269_hsBignet_iii1_lam1.0_b16,64,2.269185314213022,19800,0_to_1,adj_w1,0.09875273892984204
L=64 iii1_lam1.0_b16 (+III.1),data/64Ising_T2.269_hsBignet_iii1_lam1.0_b16,64,2.269185314213022,19800,0_to_1,adj_rms_g,0.07310694456100464
L=64 iii1_lam1.0_b16 (+III.1),data/64Ising_T2.269_hsBignet_iii1_lam1.0_b16,64,2.269185314213022,19800,1_to_2,adj_ks,0.03434999999999999
L=64 iii1_lam1.0_b16 (+III.1),data/64Ising_T2.269_hsBignet_iii1_lam1.0_b16,64,2.269185314213022,19800,1_to_2,adj_w1,0.056533417221026686
L=64 iii1_lam1.0_b16 (+III.1),data/64Ising_T2.269_hsBignet_iii1_lam1.0_b16,64,2.269185314213022,19800,1_to_2,adj_rms_g,0.11782020330429077
L=64 iii1_lam1.0_b16 (+III.1),data/64Ising_T2.269_hsBignet_iii1_lam1.0_b16,64,2.269185314213022,19800,2_to_3,adj_ks,0.021273437499999992
L=64 iii1_lam1.0_b16 (+III.1),data/64Ising_T2.269_hsBignet_iii1_lam1.0_b16,64,2.269185314213022,19800,2_to_3,adj_w1,0.05060173670208133
L=64 iii1_lam1.0_b16 (+III.1),data/64Ising_T2.269_hsBignet_iii1_lam1.0_b16,64,2.269185314213022,19800,2_to_3,adj_rms_g,0.06564575433731079
L=64 iii1_lam1.0_b16 (+III.1),data/64Ising_T2.269_hsBignet_iii1_lam1.0_b16,64,2.269185314213022,19800,3_to_4,adj_ks,0.037781250000000044
L=64 iii1_lam1.0_b16 (+III.1),data/64Ising_T2.269_hsBignet_iii1_lam1.0_b16,64,2.269185314213022,19800,3_to_4,adj_w1,0.06233675268507342
L=64 iii1_lam1.0_b16 (+III.1),data/64Ising_T2.269_hsBignet_iii1_lam1.0_b16,64,2.269185314213022,19800,3_to_4,adj_rms_g,0.05287900194525719
L=64 iii1_lam1.0_b16 (+III.1),data/64Ising_T2.269_hsBignet_iii1_lam1.0_b16,64,2.269185314213022,19800,4_to_5,adj_ks,0.042375
L=64 iii1_lam1.0_b16 (+III.1),data/64Ising_T2.269_hsBignet_iii1_lam1.0_b16,64,2.269185314213022,19800,4_to_5,adj_w1,0.07995668742575798
L=64 iii1_lam1.0_b16 (+III.1),data/64Ising_T2.269_hsBignet_iii1_lam1.0_b16,64,2.269185314213022,19800,4_to_5,adj_rms_g,nan
L=64 iii1_lam1.0_b16 (+III.1),data/64Ising_T2.269_hsBignet_iii1_lam1.0_b16,64,2.269185314213022,19800,5_to_6,adj_ks,0.017
L=64 iii1_lam1.0_b16 (+III.1),data/64Ising_T2.269_hsBignet_iii1_lam1.0_b16,64,2.269185314213022,19800,5_to_6,adj_w1,0.015314000785321682
L=64 iii1_lam1.0_b16 (+III.1),data/64Ising_T2.269_hsBignet_iii1_lam1.0_b16,64,2.269185314213022,19800,5_to_6,adj_rms_g,nan
L=64 i2_stride16h32_b16 (+I.2),data/64Ising_T2.269_hsBignet_i2_stride16h32_b16,64,2.269185314213022,19800,0,moment_mean,-0.01689569093286991
L=64 i2_stride16h32_b16 (+I.2),data/64Ising_T2.269_hsBignet_i2_stride16h32_b16,64,2.269185314213022,19800,0,moment_std,3.5013132095336914
L=64 i2_stride16h32_b16 (+I.2),data/64Ising_T2.269_hsBignet_i2_stride16h32_b16,64,2.269185314213022,19800,0,moment_var,12.259194374084473
L=64 i2_stride16h32_b16 (+I.2),data/64Ising_T2.269_hsBignet_i2_stride16h32_b16,64,2.269185314213022,19800,0,moment_kurtosis,-1.3322957467744365
L=64 i2_stride16h32_b16 (+I.2),data/64Ising_T2.269_hsBignet_i2_stride16h32_b16,64,2.269185314213022,19800,0,moment_skew,0.007592712038213583
L=64 i2_stride16h32_b16 (+I.2),data/64Ising_T2.269_hsBignet_i2_stride16h32_b16,64,2.269185314213022,19800,0,moment_L_s,64
L=64 i2_stride16h32_b16 (+I.2),data/64Ising_T2.269_hsBignet_i2_stride16h32_b16,64,2.269185314213022,19800,1,moment_mean,-0.8647613525390625
L=64 i2_stride16h32_b16 (+I.2),data/64Ising_T2.269_hsBignet_i2_stride16h32_b16,64,2.269185314213022,19800,1,moment_std,11.563255310058594
L=64 i2_stride16h32_b16 (+I.2),data/64Ising_T2.269_hsBignet_i2_stride16h32_b16,64,2.269185314213022,19800,1,moment_var,133.70887756347656
L=64 i2_stride16h32_b16 (+I.2),data/64Ising_T2.269_hsBignet_i2_stride16h32_b16,64,2.269185314213022,19800,1,moment_kurtosis,-0.7328746201127232
L=64 i2_stride16h32_b16 (+I.2),data/64Ising_T2.269_hsBignet_i2_stride16h32_b16,64,2.269185314213022,19800,1,moment_skew,0.20876362814123706
L=64 i2_stride16h32_b16 (+I.2),data/64Ising_T2.269_hsBignet_i2_stride16h32_b16,64,2.269185314213022,19800,1,moment_L_s,32
L=64 i2_stride16h32_b16 (+I.2),data/64Ising_T2.269_hsBignet_i2_stride16h32_b16,64,2.269185314213022,19800,2,moment_mean,-5.171302795410156
L=64 i2_stride16h32_b16 (+I.2),data/64Ising_T2.269_hsBignet_i2_stride16h32_b16,64,2.269185314213022,19800,2,moment_std,10.937593460083008
L=64 i2_stride16h32_b16 (+I.2),data/64Ising_T2.269_hsBignet_i2_stride16h32_b16,64,2.269185314213022,19800,2,moment_var,119.63094329833984
L=64 i2_stride16h32_b16 (+I.2),data/64Ising_T2.269_hsBignet_i2_stride16h32_b16,64,2.269185314213022,19800,2,moment_kurtosis,-0.8128335515656793
L=64 i2_stride16h32_b16 (+I.2),data/64Ising_T2.269_hsBignet_i2_stride16h32_b16,64,2.269185314213022,19800,2,moment_skew,-0.0921930795882024
L=64 i2_stride16h32_b16 (+I.2),data/64Ising_T2.269_hsBignet_i2_stride16h32_b16,64,2.269185314213022,19800,2,moment_L_s,16
L=64 i2_stride16h32_b16 (+I.2),data/64Ising_T2.269_hsBignet_i2_stride16h32_b16,64,2.269185314213022,19800,3,moment_mean,-4.564970970153809
L=64 i2_stride16h32_b16 (+I.2),data/64Ising_T2.269_hsBignet_i2_stride16h32_b16,64,2.269185314213022,19800,3,moment_std,9.9331693649292
L=64 i2_stride16h32_b16 (+I.2),data/64Ising_T2.269_hsBignet_i2_stride16h32_b16,64,2.269185314213022,19800,3,moment_var,98.66786193847656
L=64 i2_stride16h32_b16 (+I.2),data/64Ising_T2.269_hsBignet_i2_stride16h32_b16,64,2.269185314213022,19800,3,moment_kurtosis,-0.9644837443434553
L=64 i2_stride16h32_b16 (+I.2),data/64Ising_T2.269_hsBignet_i2_stride16h32_b16,64,2.269185314213022,19800,3,moment_skew,-0.17641946571820527
L=64 i2_stride16h32_b16 (+I.2),data/64Ising_T2.269_hsBignet_i2_stride16h32_b16,64,2.269185314213022,19800,3,moment_L_s,8
L=64 i2_stride16h32_b16 (+I.2),data/64Ising_T2.269_hsBignet_i2_stride16h32_b16,64,2.269185314213022,19800,4,moment_mean,-3.3275113105773926
L=64 i2_stride16h32_b16 (+I.2),data/64Ising_T2.269_hsBignet_i2_stride16h32_b16,64,2.269185314213022,19800,4,moment_std,8.470366477966309
L=64 i2_stride16h32_b16 (+I.2),data/64Ising_T2.269_hsBignet_i2_stride16h32_b16,64,2.269185314213022,19800,4,moment_var,71.74710845947266
L=64 i2_stride16h32_b16 (+I.2),data/64Ising_T2.269_hsBignet_i2_stride16h32_b16,64,2.269185314213022,19800,4,moment_kurtosis,-1.2275171212951623
L=64 i2_stride16h32_b16 (+I.2),data/64Ising_T2.269_hsBignet_i2_stride16h32_b16,64,2.269185314213022,19800,4,moment_skew,0.11847595494510463
L=64 i2_stride16h32_b16 (+I.2),data/64Ising_T2.269_hsBignet_i2_stride16h32_b16,64,2.269185314213022,19800,4,moment_L_s,4
L=64 i2_stride16h32_b16 (+I.2),data/64Ising_T2.269_hsBignet_i2_stride16h32_b16,64,2.269185314213022,19800,5,moment_mean,-0.9401285648345947
L=64 i2_stride16h32_b16 (+I.2),data/64Ising_T2.269_hsBignet_i2_stride16h32_b16,64,2.269185314213022,19800,5,moment_std,5.202968120574951
L=64 i2_stride16h32_b16 (+I.2),data/64Ising_T2.269_hsBignet_i2_stride16h32_b16,64,2.269185314213022,19800,5,moment_var,27.070878982543945
L=64 i2_stride16h32_b16 (+I.2),data/64Ising_T2.269_hsBignet_i2_stride16h32_b16,64,2.269185314213022,19800,5,moment_kurtosis,-0.9728464725971984
L=64 i2_stride16h32_b16 (+I.2),data/64Ising_T2.269_hsBignet_i2_stride16h32_b16,64,2.269185314213022,19800,5,moment_skew,0.1535322962870853
L=64 i2_stride16h32_b16 (+I.2),data/64Ising_T2.269_hsBignet_i2_stride16h32_b16,64,2.269185314213022,19800,5,moment_L_s,2
L=64 i2_stride16h32_b16 (+I.2),data/64Ising_T2.269_hsBignet_i2_stride16h32_b16,64,2.269185314213022,19800,6,moment_mean,-1.048822283744812
L=64 i2_stride16h32_b16 (+I.2),data/64Ising_T2.269_hsBignet_i2_stride16h32_b16,64,2.269185314213022,19800,6,moment_std,3.971292018890381
L=64 i2_stride16h32_b16 (+I.2),data/64Ising_T2.269_hsBignet_i2_stride16h32_b16,64,2.269185314213022,19800,6,moment_var,15.771160125732422
L=64 i2_stride16h32_b16 (+I.2),data/64Ising_T2.269_hsBignet_i2_stride16h32_b16,64,2.269185314213022,19800,6,moment_kurtosis,-0.9192914930400056
L=64 i2_stride16h32_b16 (+I.2),data/64Ising_T2.269_hsBignet_i2_stride16h32_b16,64,2.269185314213022,19800,6,moment_skew,0.154106550118466
L=64 i2_stride16h32_b16 (+I.2),data/64Ising_T2.269_hsBignet_i2_stride16h32_b16,64,2.269185314213022,19800,6,moment_L_s,1
L=64 i2_stride16h32_b16 (+I.2),data/64Ising_T2.269_hsBignet_i2_stride16h32_b16,64,2.269185314213022,19800,0_to_1,adj_ks,0.06825999999999999
L=64 i2_stride16h32_b16 (+I.2),data/64Ising_T2.269_hsBignet_i2_stride16h32_b16,64,2.269185314213022,19800,0_to_1,adj_w1,0.11522495668217361
L=64 i2_stride16h32_b16 (+I.2),data/64Ising_T2.269_hsBignet_i2_stride16h32_b16,64,2.269185314213022,19800,0_to_1,adj_rms_g,0.09596429765224457
L=64 i2_stride16h32_b16 (+I.2),data/64Ising_T2.269_hsBignet_i2_stride16h32_b16,64,2.269185314213022,19800,1_to_2,adj_ks,0.05557000000000001
L=64 i2_stride16h32_b16 (+I.2),data/64Ising_T2.269_hsBignet_i2_stride16h32_b16,64,2.269185314213022,19800,1_to_2,adj_w1,0.08183952114240364
L=64 i2_stride16h32_b16 (+I.2),data/64Ising_T2.269_hsBignet_i2_stride16h32_b16,64,2.269185314213022,19800,1_to_2,adj_rms_g,0.16084375977516174
L=64 i2_stride16h32_b16 (+I.2),data/64Ising_T2.269_hsBignet_i2_stride16h32_b16,64,2.269185314213022,19800,2_to_3,adj_ks,0.01832031249999999
L=64 i2_stride16h32_b16 (+I.2),data/64Ising_T2.269_hsBignet_i2_stride16h32_b16,64,2.269185314213022,19800,2_to_3,adj_w1,0.03610554432517201
L=64 i2_stride16h32_b16 (+I.2),data/64Ising_T2.269_hsBignet_i2_stride16h32_b16,64,2.269185314213022,19800,2_to_3,adj_rms_g,0.028632037341594696
L=64 i2_stride16h32_b16 (+I.2),data/64Ising_T2.269_hsBignet_i2_stride16h32_b16,64,2.269185314213022,19800,3_to_4,adj_ks,0.04731249999999998
L=64 i2_stride16h32_b16 (+I.2),data/64Ising_T2.269_hsBignet_i2_stride16h32_b16,64,2.269185314213022,19800,3_to_4,adj_w1,0.0954112900403612
L=64 i2_stride16h32_b16 (+I.2),data/64Ising_T2.269_hsBignet_i2_stride16h32_b16,64,2.269185314213022,19800,3_to_4,adj_rms_g,0.02861061505973339
L=64 i2_stride16h32_b16 (+I.2),data/64Ising_T2.269_hsBignet_i2_stride16h32_b16,64,2.269185314213022,19800,4_to_5,adj_ks,0.030125
L=64 i2_stride16h32_b16 (+I.2),data/64Ising_T2.269_hsBignet_i2_stride16h32_b16,64,2.269185314213022,19800,4_to_5,adj_w1,0.059044292753849724
L=64 i2_stride16h32_b16 (+I.2),data/64Ising_T2.269_hsBignet_i2_stride16h32_b16,64,2.269185314213022,19800,4_to_5,adj_rms_g,nan
L=64 i2_stride16h32_b16 (+I.2),data/64Ising_T2.269_hsBignet_i2_stride16h32_b16,64,2.269185314213022,19800,5_to_6,adj_ks,0.016
L=64 i2_stride16h32_b16 (+I.2),data/64Ising_T2.269_hsBignet_i2_stride16h32_b16,64,2.269185314213022,19800,5_to_6,adj_w1,0.022181270961511457
L=64 i2_stride16h32_b16 (+I.2),data/64Ising_T2.269_hsBignet_i2_stride16h32_b16,64,2.269185314213022,19800,5_to_6,adj_rms_g,nan
L=64 i1_df4.0_b16 (Student-t),data/64Ising_T2.269_hsBignet_i1_df4.0_b16,64,2.269185314213022,19800,0,moment_mean,-0.01689569093286991
L=64 i1_df4.0_b16 (Student-t),data/64Ising_T2.269_hsBignet_i1_df4.0_b16,64,2.269185314213022,19800,0,moment_std,3.5013132095336914
L=64 i1_df4.0_b16 (Student-t),data/64Ising_T2.269_hsBignet_i1_df4.0_b16,64,2.269185314213022,19800,0,moment_var,12.259194374084473
L=64 i1_df4.0_b16 (Student-t),data/64Ising_T2.269_hsBignet_i1_df4.0_b16,64,2.269185314213022,19800,0,moment_kurtosis,-1.3322957467744365
L=64 i1_df4.0_b16 (Student-t),data/64Ising_T2.269_hsBignet_i1_df4.0_b16,64,2.269185314213022,19800,0,moment_skew,0.007592712038213583
L=64 i1_df4.0_b16 (Student-t),data/64Ising_T2.269_hsBignet_i1_df4.0_b16,64,2.269185314213022,19800,0,moment_L_s,64
L=64 i1_df4.0_b16 (Student-t),data/64Ising_T2.269_hsBignet_i1_df4.0_b16,64,2.269185314213022,19800,1,moment_mean,-6.679378986358643
L=64 i1_df4.0_b16 (Student-t),data/64Ising_T2.269_hsBignet_i1_df4.0_b16,64,2.269185314213022,19800,1,moment_std,26.033702850341797
L=64 i1_df4.0_b16 (Student-t),data/64Ising_T2.269_hsBignet_i1_df4.0_b16,64,2.269185314213022,19800,1,moment_var,677.753662109375
L=64 i1_df4.0_b16 (Student-t),data/64Ising_T2.269_hsBignet_i1_df4.0_b16,64,2.269185314213022,19800,1,moment_kurtosis,-0.2595321054309636
L=64 i1_df4.0_b16 (Student-t),data/64Ising_T2.269_hsBignet_i1_df4.0_b16,64,2.269185314213022,19800,1,moment_skew,-0.5006602412158616
L=64 i1_df4.0_b16 (Student-t),data/64Ising_T2.269_hsBignet_i1_df4.0_b16,64,2.269185314213022,19800,1,moment_L_s,32
L=64 i1_df4.0_b16 (Student-t),data/64Ising_T2.269_hsBignet_i1_df4.0_b16,64,2.269185314213022,19800,2,moment_mean,-13.94687271118164
L=64 i1_df4.0_b16 (Student-t),data/64Ising_T2.269_hsBignet_i1_df4.0_b16,64,2.269185314213022,19800,2,moment_std,40.97888946533203
L=64 i1_df4.0_b16 (Student-t),data/64Ising_T2.269_hsBignet_i1_df4.0_b16,64,2.269185314213022,19800,2,moment_var,1679.269287109375
L=64 i1_df4.0_b16 (Student-t),data/64Ising_T2.269_hsBignet_i1_df4.0_b16,64,2.269185314213022,19800,2,moment_kurtosis,1.3582149737611084
L=64 i1_df4.0_b16 (Student-t),data/64Ising_T2.269_hsBignet_i1_df4.0_b16,64,2.269185314213022,19800,2,moment_skew,-1.2184618825937266
L=64 i1_df4.0_b16 (Student-t),data/64Ising_T2.269_hsBignet_i1_df4.0_b16,64,2.269185314213022,19800,2,moment_L_s,16
L=64 i1_df4.0_b16 (Student-t),data/64Ising_T2.269_hsBignet_i1_df4.0_b16,64,2.269185314213022,19800,3,moment_mean,-0.3637509047985077
L=64 i1_df4.0_b16 (Student-t),data/64Ising_T2.269_hsBignet_i1_df4.0_b16,64,2.269185314213022,19800,3,moment_std,61.24114227294922
L=64 i1_df4.0_b16 (Student-t),data/64Ising_T2.269_hsBignet_i1_df4.0_b16,64,2.269185314213022,19800,3,moment_var,3750.477294921875
L=64 i1_df4.0_b16 (Student-t),data/64Ising_T2.269_hsBignet_i1_df4.0_b16,64,2.269185314213022,19800,3,moment_kurtosis,0.8360069209912937
L=64 i1_df4.0_b16 (Student-t),data/64Ising_T2.269_hsBignet_i1_df4.0_b16,64,2.269185314213022,19800,3,moment_skew,-0.6387630770283151
L=64 i1_df4.0_b16 (Student-t),data/64Ising_T2.269_hsBignet_i1_df4.0_b16,64,2.269185314213022,19800,3,moment_L_s,8
L=64 i1_df4.0_b16 (Student-t),data/64Ising_T2.269_hsBignet_i1_df4.0_b16,64,2.269185314213022,19800,4,moment_mean,-8.953568458557129
L=64 i1_df4.0_b16 (Student-t),data/64Ising_T2.269_hsBignet_i1_df4.0_b16,64,2.269185314213022,19800,4,moment_std,65.3154525756836
L=64 i1_df4.0_b16 (Student-t),data/64Ising_T2.269_hsBignet_i1_df4.0_b16,64,2.269185314213022,19800,4,moment_var,4266.1083984375
L=64 i1_df4.0_b16 (Student-t),data/64Ising_T2.269_hsBignet_i1_df4.0_b16,64,2.269185314213022,19800,4,moment_kurtosis,0.9223118537521953
L=64 i1_df4.0_b16 (Student-t),data/64Ising_T2.269_hsBignet_i1_df4.0_b16,64,2.269185314213022,19800,4,moment_skew,-0.773592395622982
L=64 i1_df4.0_b16 (Student-t),data/64Ising_T2.269_hsBignet_i1_df4.0_b16,64,2.269185314213022,19800,4,moment_L_s,4
L=64 i1_df4.0_b16 (Student-t),data/64Ising_T2.269_hsBignet_i1_df4.0_b16,64,2.269185314213022,19800,5,moment_mean,-17.84908676147461
L=64 i1_df4.0_b16 (Student-t),data/64Ising_T2.269_hsBignet_i1_df4.0_b16,64,2.269185314213022,19800,5,moment_std,49.34130096435547
L=64 i1_df4.0_b16 (Student-t),data/64Ising_T2.269_hsBignet_i1_df4.0_b16,64,2.269185314213022,19800,5,moment_var,2434.56396484375
L=64 i1_df4.0_b16 (Student-t),data/64Ising_T2.269_hsBignet_i1_df4.0_b16,64,2.269185314213022,19800,5,moment_kurtosis,2.2943282558726024
L=64 i1_df4.0_b16 (Student-t),data/64Ising_T2.269_hsBignet_i1_df4.0_b16,64,2.269185314213022,19800,5,moment_skew,-1.2380519543726514
L=64 i1_df4.0_b16 (Student-t),data/64Ising_T2.269_hsBignet_i1_df4.0_b16,64,2.269185314213022,19800,5,moment_L_s,2
L=64 i1_df4.0_b16 (Student-t),data/64Ising_T2.269_hsBignet_i1_df4.0_b16,64,2.269185314213022,19800,6,moment_mean,-10.020225524902344
L=64 i1_df4.0_b16 (Student-t),data/64Ising_T2.269_hsBignet_i1_df4.0_b16,64,2.269185314213022,19800,6,moment_std,28.04448890686035
L=64 i1_df4.0_b16 (Student-t),data/64Ising_T2.269_hsBignet_i1_df4.0_b16,64,2.269185314213022,19800,6,moment_var,786.4933471679688
L=64 i1_df4.0_b16 (Student-t),data/64Ising_T2.269_hsBignet_i1_df4.0_b16,64,2.269185314213022,19800,6,moment_kurtosis,2.1004201546124817
L=64 i1_df4.0_b16 (Student-t),data/64Ising_T2.269_hsBignet_i1_df4.0_b16,64,2.269185314213022,19800,6,moment_skew,-1.1795488758910646
L=64 i1_df4.0_b16 (Student-t),data/64Ising_T2.269_hsBignet_i1_df4.0_b16,64,2.269185314213022,19800,6,moment_L_s,1
L=64 i1_df4.0_b16 (Student-t),data/64Ising_T2.269_hsBignet_i1_df4.0_b16,64,2.269185314213022,19800,0_to_1,adj_ks,0.11169000000000001
L=64 i1_df4.0_b16 (Student-t),data/64Ising_T2.269_hsBignet_i1_df4.0_b16,64,2.269185314213022,19800,0_to_1,adj_w1,0.20340940380844832
L=64 i1_df4.0_b16 (Student-t),data/64Ising_T2.269_hsBignet_i1_df4.0_b16,64,2.269185314213022,19800,0_to_1,adj_rms_g,0.09855436533689499
L=64 i1_df4.0_b16 (Student-t),data/64Ising_T2.269_hsBignet_i1_df4.0_b16,64,2.269185314213022,19800,1_to_2,adj_ks,0.07795000000000002
L=64 i1_df4.0_b16 (Student-t),data/64Ising_T2.269_hsBignet_i1_df4.0_b16,64,2.269185314213022,19800,1_to_2,adj_w1,0.15047884570707515
L=64 i1_df4.0_b16 (Student-t),data/64Ising_T2.269_hsBignet_i1_df4.0_b16,64,2.269185314213022,19800,1_to_2,adj_rms_g,0.03890819102525711
L=64 i1_df4.0_b16 (Student-t),data/64Ising_T2.269_hsBignet_i1_df4.0_b16,64,2.269185314213022,19800,2_to_3,adj_ks,0.14230468750000003
L=64 i1_df4.0_b16 (Student-t),data/64Ising_T2.269_hsBignet_i1_df4.0_b16,64,2.269185314213022,19800,2_to_3,adj_w1,0.195291010115665
L=64 i1_df4.0_b16 (Student-t),data/64Ising_T2.269_hsBignet_i1_df4.0_b16,64,2.269185314213022,19800,2_to_3,adj_rms_g,0.01265768427401781
L=64 i1_df4.0_b16 (Student-t),data/64Ising_T2.269_hsBignet_i1_df4.0_b16,64,2.269185314213022,19800,3_to_4,adj_ks,0.03303125000000007
L=64 i1_df4.0_b16 (Student-t),data/64Ising_T2.269_hsBignet_i1_df4.0_b16,64,2.269185314213022,19800,3_to_4,adj_w1,0.03531947041921266
L=64 i1_df4.0_b16 (Student-t),data/64Ising_T2.269_hsBignet_i1_df4.0_b16,64,2.269185314213022,19800,3_to_4,adj_rms_g,0.02407408319413662
L=64 i1_df4.0_b16 (Student-t),data/64Ising_T2.269_hsBignet_i1_df4.0_b16,64,2.269185314213022,19800,4_to_5,adj_ks,0.05225
L=64 i1_df4.0_b16 (Student-t),data/64Ising_T2.269_hsBignet_i1_df4.0_b16,64,2.269185314213022,19800,4_to_5,adj_w1,0.0977655505966013
L=64 i1_df4.0_b16 (Student-t),data/64Ising_T2.269_hsBignet_i1_df4.0_b16,64,2.269185314213022,19800,4_to_5,adj_rms_g,nan
L=64 i1_df4.0_b16 (Student-t),data/64Ising_T2.269_hsBignet_i1_df4.0_b16,64,2.269185314213022,19800,5_to_6,adj_ks,0.0175
L=64 i1_df4.0_b16 (Student-t),data/64Ising_T2.269_hsBignet_i1_df4.0_b16,64,2.269185314213022,19800,5_to_6,adj_w1,0.03188643800359568
L=64 i1_df4.0_b16 (Student-t),data/64Ising_T2.269_hsBignet_i1_df4.0_b16,64,2.269185314213022,19800,5_to_6,adj_rms_g,nan
L=32 i2_stride4h32_b64 (Phase-2),data/32Ising_T2.269_hsBignet_i2_stride4h32_b64,32,2.269185314213022,19800,0,moment_mean,-0.03459131717681885
L=32 i2_stride4h32_b64 (Phase-2),data/32Ising_T2.269_hsBignet_i2_stride4h32_b64,32,2.269185314213022,19800,0,moment_std,3.50704026222229
L=32 i2_stride4h32_b64 (Phase-2),data/32Ising_T2.269_hsBignet_i2_stride4h32_b64,32,2.269185314213022,19800,0,moment_var,12.299330711364746
L=32 i2_stride4h32_b64 (Phase-2),data/32Ising_T2.269_hsBignet_i2_stride4h32_b64,32,2.269185314213022,19800,0,moment_kurtosis,-1.333952273373866
L=32 i2_stride4h32_b64 (Phase-2),data/32Ising_T2.269_hsBignet_i2_stride4h32_b64,32,2.269185314213022,19800,0,moment_skew,0.015193538311129993
L=32 i2_stride4h32_b64 (Phase-2),data/32Ising_T2.269_hsBignet_i2_stride4h32_b64,32,2.269185314213022,19800,0,moment_L_s,32
L=32 i2_stride4h32_b64 (Phase-2),data/32Ising_T2.269_hsBignet_i2_stride4h32_b64,32,2.269185314213022,19800,1,moment_mean,-4.213184833526611
L=32 i2_stride4h32_b64 (Phase-2),data/32Ising_T2.269_hsBignet_i2_stride4h32_b64,32,2.269185314213022,19800,1,moment_std,12.208588600158691
L=32 i2_stride4h32_b64 (Phase-2),data/32Ising_T2.269_hsBignet_i2_stride4h32_b64,32,2.269185314213022,19800,1,moment_var,149.0496368408203
L=32 i2_stride4h32_b64 (Phase-2),data/32Ising_T2.269_hsBignet_i2_stride4h32_b64,32,2.269185314213022,19800,1,moment_kurtosis,-0.682454355411636
L=32 i2_stride4h32_b64 (Phase-2),data/32Ising_T2.269_hsBignet_i2_stride4h32_b64,32,2.269185314213022,19800,1,moment_skew,-0.45786953633907523
L=32 i2_stride4h32_b64 (Phase-2),data/32Ising_T2.269_hsBignet_i2_stride4h32_b64,32,2.269185314213022,19800,1,moment_L_s,16
L=32 i2_stride4h32_b64 (Phase-2),data/32Ising_T2.269_hsBignet_i2_stride4h32_b64,32,2.269185314213022,19800,2,moment_mean,-9.499181747436523
L=32 i2_stride4h32_b64 (Phase-2),data/32Ising_T2.269_hsBignet_i2_stride4h32_b64,32,2.269185314213022,19800,2,moment_std,22.386098861694336
L=32 i2_stride4h32_b64 (Phase-2),data/32Ising_T2.269_hsBignet_i2_stride4h32_b64,32,2.269185314213022,19800,2,moment_var,501.13739013671875
L=32 i2_stride4h32_b64 (Phase-2),data/32Ising_T2.269_hsBignet_i2_stride4h32_b64,32,2.269185314213022,19800,2,moment_kurtosis,-0.9563499099447776
L=32 i2_stride4h32_b64 (Phase-2),data/32Ising_T2.269_hsBignet_i2_stride4h32_b64,32,2.269185314213022,19800,2,moment_skew,-0.47241392876821886
L=32 i2_stride4h32_b64 (Phase-2),data/32Ising_T2.269_hsBignet_i2_stride4h32_b64,32,2.269185314213022,19800,2,moment_L_s,8
L=32 i2_stride4h32_b64 (Phase-2),data/32Ising_T2.269_hsBignet_i2_stride4h32_b64,32,2.269185314213022,19800,3,moment_mean,-14.744973182678223
L=32 i2_stride4h32_b64 (Phase-2),data/32Ising_T2.269_hsBignet_i2_stride4h32_b64,32,2.269185314213022,19800,3,moment_std,22.22019386291504
L=32 i2_stride4h32_b64 (Phase-2),data/32Ising_T2.269_hsBignet_i2_stride4h32_b64,32,2.269185314213022,19800,3,moment_var,493.7370300292969
L=32 i2_stride4h32_b64 (Phase-2),data/32Ising_T2.269_hsBignet_i2_stride4h32_b64,32,2.269185314213022,19800,3,moment_kurtosis,-1.2419884616626795
L=32 i2_stride4h32_b64 (Phase-2),data/32Ising_T2.269_hsBignet_i2_stride4h32_b64,32,2.269185314213022,19800,3,moment_skew,-0.4247605617242066
L=32 i2_stride4h32_b64 (Phase-2),data/32Ising_T2.269_hsBignet_i2_stride4h32_b64,32,2.269185314213022,19800,3,moment_L_s,4
L=32 i2_stride4h32_b64 (Phase-2),data/32Ising_T2.269_hsBignet_i2_stride4h32_b64,32,2.269185314213022,19800,4,moment_mean,-7.305098533630371
L=32 i2_stride4h32_b64 (Phase-2),data/32Ising_T2.269_hsBignet_i2_stride4h32_b64,32,2.269185314213022,19800,4,moment_std,12.471087455749512
L=32 i2_stride4h32_b64 (Phase-2),data/32Ising_T2.269_hsBignet_i2_stride4h32_b64,32,2.269185314213022,19800,4,moment_var,155.5280303955078
L=32 i2_stride4h32_b64 (Phase-2),data/32Ising_T2.269_hsBignet_i2_stride4h32_b64,32,2.269185314213022,19800,4,moment_kurtosis,-1.1618659395689652
L=32 i2_stride4h32_b64 (Phase-2),data/32Ising_T2.269_hsBignet_i2_stride4h32_b64,32,2.269185314213022,19800,4,moment_skew,-0.42535182258705506
L=32 i2_stride4h32_b64 (Phase-2),data/32Ising_T2.269_hsBignet_i2_stride4h32_b64,32,2.269185314213022,19800,4,moment_L_s,2
L=32 i2_stride4h32_b64 (Phase-2),data/32Ising_T2.269_hsBignet_i2_stride4h32_b64,32,2.269185314213022,19800,5,moment_mean,-6.049603462219238
L=32 i2_stride4h32_b64 (Phase-2),data/32Ising_T2.269_hsBignet_i2_stride4h32_b64,32,2.269185314213022,19800,5,moment_std,9.352067947387695
L=32 i2_stride4h32_b64 (Phase-2),data/32Ising_T2.269_hsBignet_i2_stride4h32_b64,32,2.269185314213022,19800,5,moment_var,87.461181640625
L=32 i2_stride4h32_b64 (Phase-2),data/32Ising_T2.269_hsBignet_i2_stride4h32_b64,32,2.269185314213022,19800,5,moment_kurtosis,-1.1779049570030709
L=32 i2_stride4h32_b64 (Phase-2),data/32Ising_T2.269_hsBignet_i2_stride4h32_b64,32,2.269185314213022,19800,5,moment_skew,-0.42016282683863804
L=32 i2_stride4h32_b64 (Phase-2),data/32Ising_T2.269_hsBignet_i2_stride4h32_b64,32,2.269185314213022,19800,5,moment_L_s,1
L=32 i2_stride4h32_b64 (Phase-2),data/32Ising_T2.269_hsBignet_i2_stride4h32_b64,32,2.269185314213022,19800,0_to_1,adj_ks,0.09010000000000001
L=32 i2_stride4h32_b64 (Phase-2),data/32Ising_T2.269_hsBignet_i2_stride4h32_b64,32,2.269185314213022,19800,0_to_1,adj_w1,0.18553834728666693
L=32 i2_stride4h32_b64 (Phase-2),data/32Ising_T2.269_hsBignet_i2_stride4h32_b64,32,2.269185314213022,19800,0_to_1,adj_rms_g,0.08251497149467468
L=32 i2_stride4h32_b64 (Phase-2),data/32Ising_T2.269_hsBignet_i2_stride4h32_b64,32,2.269185314213022,19800,1_to_2,adj_ks,0.07982031249999999
L=32 i2_stride4h32_b64 (Phase-2),data/32Ising_T2.269_hsBignet_i2_stride4h32_b64,32,2.269185314213022,19800,1_to_2,adj_w1,0.0708163619484636
L=32 i2_stride4h32_b64 (Phase-2),data/32Ising_T2.269_hsBignet_i2_stride4h32_b64,32,2.269185314213022,19800,1_to_2,adj_rms_g,0.10445059835910797
L=32 i2_stride4h32_b64 (Phase-2),data/32Ising_T2.269_hsBignet_i2_stride4h32_b64,32,2.269185314213022,19800,2_to_3,adj_ks,0.04993749999999997
L=32 i2_stride4h32_b64 (Phase-2),data/32Ising_T2.269_hsBignet_i2_stride4h32_b64,32,2.269185314213022,19800,2_to_3,adj_w1,0.06652397091391886
L=32 i2_stride4h32_b64 (Phase-2),data/32Ising_T2.269_hsBignet_i2_stride4h32_b64,32,2.269185314213022,19800,2_to_3,adj_rms_g,0.09630879014730453
L=32 i2_stride4h32_b64 (Phase-2),data/32Ising_T2.269_hsBignet_i2_stride4h32_b64,32,2.269185314213022,19800,3_to_4,adj_ks,0.033125
L=32 i2_stride4h32_b64 (Phase-2),data/32Ising_T2.269_hsBignet_i2_stride4h32_b64,32,2.269185314213022,19800,3_to_4,adj_w1,0.023669900797438293
L=32 i2_stride4h32_b64 (Phase-2),data/32Ising_T2.269_hsBignet_i2_stride4h32_b64,32,2.269185314213022,19800,3_to_4,adj_rms_g,nan
L=32 i2_stride4h32_b64 (Phase-2),data/32Ising_T2.269_hsBignet_i2_stride4h32_b64,32,2.269185314213022,19800,4_to_5,adj_ks,0.0185
L=32 i2_stride4h32_b64 (Phase-2),data/32Ising_T2.269_hsBignet_i2_stride4h32_b64,32,2.269185314213022,19800,4_to_5,adj_w1,0.012469257814576851
L=32 i2_stride4h32_b64 (Phase-2),data/32Ising_T2.269_hsBignet_i2_stride4h32_b64,32,2.269185314213022,19800,4_to_5,adj_rms_g,nan
L=32 i2_stride8h64_b64 (Phase-2),data/32Ising_T2.269_hsBignet_i2_stride8h64_b64,32,2.269185314213022,19800,0,moment_mean,-0.03459131717681885
L=32 i2_stride8h64_b64 (Phase-2),data/32Ising_T2.269_hsBignet_i2_stride8h64_b64,32,2.269185314213022,19800,0,moment_std,3.50704026222229
L=32 i2_stride8h64_b64 (Phase-2),data/32Ising_T2.269_hsBignet_i2_stride8h64_b64,32,2.269185314213022,19800,0,moment_var,12.299330711364746
L=32 i2_stride8h64_b64 (Phase-2),data/32Ising_T2.269_hsBignet_i2_stride8h64_b64,32,2.269185314213022,19800,0,moment_kurtosis,-1.333952273373866
L=32 i2_stride8h64_b64 (Phase-2),data/32Ising_T2.269_hsBignet_i2_stride8h64_b64,32,2.269185314213022,19800,0,moment_skew,0.015193538311129993
L=32 i2_stride8h64_b64 (Phase-2),data/32Ising_T2.269_hsBignet_i2_stride8h64_b64,32,2.269185314213022,19800,0,moment_L_s,32
L=32 i2_stride8h64_b64 (Phase-2),data/32Ising_T2.269_hsBignet_i2_stride8h64_b64,32,2.269185314213022,19800,1,moment_mean,-1.7899898290634155
L=32 i2_stride8h64_b64 (Phase-2),data/32Ising_T2.269_hsBignet_i2_stride8h64_b64,32,2.269185314213022,19800,1,moment_std,9.892657279968262
L=32 i2_stride8h64_b64 (Phase-2),data/32Ising_T2.269_hsBignet_i2_stride8h64_b64,32,2.269185314213022,19800,1,moment_var,97.86466217041016
L=32 i2_stride8h64_b64 (Phase-2),data/32Ising_T2.269_hsBignet_i2_stride8h64_b64,32,2.269185314213022,19800,1,moment_kurtosis,-0.327264256983292
L=32 i2_stride8h64_b64 (Phase-2),data/32Ising_T2.269_hsBignet_i2_stride8h64_b64,32,2.269185314213022,19800,1,moment_skew,-0.7134338649074947
L=32 i2_stride8h64_b64 (Phase-2),data/32Ising_T2.269_hsBignet_i2_stride8h64_b64,32,2.269185314213022,19800,1,moment_L_s,16
L=32 i2_stride8h64_b64 (Phase-2),data/32Ising_T2.269_hsBignet_i2_stride8h64_b64,32,2.269185314213022,19800,2,moment_mean,2.2038187980651855
L=32 i2_stride8h64_b64 (Phase-2),data/32Ising_T2.269_hsBignet_i2_stride8h64_b64,32,2.269185314213022,19800,2,moment_std,12.711712837219238
L=32 i2_stride8h64_b64 (Phase-2),data/32Ising_T2.269_hsBignet_i2_stride8h64_b64,32,2.269185314213022,19800,2,moment_var,161.58763122558594
L=32 i2_stride8h64_b64 (Phase-2),data/32Ising_T2.269_hsBignet_i2_stride8h64_b64,32,2.269185314213022,19800,2,moment_kurtosis,-1.0364242908045675
L=32 i2_stride8h64_b64 (Phase-2),data/32Ising_T2.269_hsBignet_i2_stride8h64_b64,32,2.269185314213022,19800,2,moment_skew,-0.0865369854460453
L=32 i2_stride8h64_b64 (Phase-2),data/32Ising_T2.269_hsBignet_i2_stride8h64_b64,32,2.269185314213022,19800,2,moment_L_s,8
L=32 i2_stride8h64_b64 (Phase-2),data/32Ising_T2.269_hsBignet_i2_stride8h64_b64,32,2.269185314213022,19800,3,moment_mean,2.664120674133301
L=32 i2_stride8h64_b64 (Phase-2),data/32Ising_T2.269_hsBignet_i2_stride8h64_b64,32,2.269185314213022,19800,3,moment_std,15.496824264526367
L=32 i2_stride8h64_b64 (Phase-2),data/32Ising_T2.269_hsBignet_i2_stride8h64_b64,32,2.269185314213022,19800,3,moment_var,240.1515655517578
L=32 i2_stride8h64_b64 (Phase-2),data/32Ising_T2.269_hsBignet_i2_stride8h64_b64,32,2.269185314213022,19800,3,moment_kurtosis,-1.1301269675715642
L=32 i2_stride8h64_b64 (Phase-2),data/32Ising_T2.269_hsBignet_i2_stride8h64_b64,32,2.269185314213022,19800,3,moment_skew,-0.16043362300809202
L=32 i2_stride8h64_b64 (Phase-2),data/32Ising_T2.269_hsBignet_i2_stride8h64_b64,32,2.269185314213022,19800,3,moment_L_s,4
L=32 i2_stride8h64_b64 (Phase-2),data/32Ising_T2.269_hsBignet_i2_stride8h64_b64,32,2.269185314213022,19800,4,moment_mean,-0.5954580903053284
L=32 i2_stride8h64_b64 (Phase-2),data/32Ising_T2.269_hsBignet_i2_stride8h64_b64,32,2.269185314213022,19800,4,moment_std,7.321749687194824
L=32 i2_stride8h64_b64 (Phase-2),data/32Ising_T2.269_hsBignet_i2_stride8h64_b64,32,2.269185314213022,19800,4,moment_var,53.60801696777344
L=32 i2_stride8h64_b64 (Phase-2),data/32Ising_T2.269_hsBignet_i2_stride8h64_b64,32,2.269185314213022,19800,4,moment_kurtosis,-0.6270840701462124
L=32 i2_stride8h64_b64 (Phase-2),data/32Ising_T2.269_hsBignet_i2_stride8h64_b64,32,2.269185314213022,19800,4,moment_skew,-0.3862565427284931
L=32 i2_stride8h64_b64 (Phase-2),data/32Ising_T2.269_hsBignet_i2_stride8h64_b64,32,2.269185314213022,19800,4,moment_L_s,2
L=32 i2_stride8h64_b64 (Phase-2),data/32Ising_T2.269_hsBignet_i2_stride8h64_b64,32,2.269185314213022,19800,5,moment_mean,-0.15704843401908875
L=32 i2_stride8h64_b64 (Phase-2),data/32Ising_T2.269_hsBignet_i2_stride8h64_b64,32,2.269185314213022,19800,5,moment_std,5.395112037658691
L=32 i2_stride8h64_b64 (Phase-2),data/32Ising_T2.269_hsBignet_i2_stride8h64_b64,32,2.269185314213022,19800,5,moment_var,29.10723304748535
L=32 i2_stride8h64_b64 (Phase-2),data/32Ising_T2.269_hsBignet_i2_stride8h64_b64,32,2.269185314213022,19800,5,moment_kurtosis,-0.5687279113135757
L=32 i2_stride8h64_b64 (Phase-2),data/32Ising_T2.269_hsBignet_i2_stride8h64_b64,32,2.269185314213022,19800,5,moment_skew,-0.394213172726073
L=32 i2_stride8h64_b64 (Phase-2),data/32Ising_T2.269_hsBignet_i2_stride8h64_b64,32,2.269185314213022,19800,5,moment_L_s,1
L=32 i2_stride8h64_b64 (Phase-2),data/32Ising_T2.269_hsBignet_i2_stride8h64_b64,32,2.269185314213022,19800,0_to_1,adj_ks,0.11058000000000001
L=32 i2_stride8h64_b64 (Phase-2),data/32Ising_T2.269_hsBignet_i2_stride8h64_b64,32,2.269185314213022,19800,0_to_1,adj_w1,0.22814146173469707
L=32 i2_stride8h64_b64 (Phase-2),data/32Ising_T2.269_hsBignet_i2_stride8h64_b64,32,2.269185314213022,19800,0_to_1,adj_rms_g,0.1085987314581871
L=32 i2_stride8h64_b64 (Phase-2),data/32Ising_T2.269_hsBignet_i2_stride8h64_b64,32,2.269185314213022,19800,1_to_2,adj_ks,0.09483593749999997
L=32 i2_stride8h64_b64 (Phase-2),data/32Ising_T2.269_hsBignet_i2_stride8h64_b64,32,2.269185314213022,19800,1_to_2,adj_w1,0.19703115233954505
L=32 i2_stride8h64_b64 (Phase-2),data/32Ising_T2.269_hsBignet_i2_stride8h64_b64,32,2.269185314213022,19800,1_to_2,adj_rms_g,0.11693644523620605
L=32 i2_stride8h64_b64 (Phase-2),data/32Ising_T2.269_hsBignet_i2_stride8h64_b64,32,2.269185314213022,19800,2_to_3,adj_ks,0.026718750000000013
L=32 i2_stride8h64_b64 (Phase-2),data/32Ising_T2.269_hsBignet_i2_stride8h64_b64,32,2.269185314213022,19800,2_to_3,adj_w1,0.036516975644790006
L=32 i2_stride8h64_b64 (Phase-2),data/32Ising_T2.269_hsBignet_i2_stride8h64_b64,32,2.269185314213022,19800,2_to_3,adj_rms_g,0.03524823114275932
L=32 i2_stride8h64_b64 (Phase-2),data/32Ising_T2.269_hsBignet_i2_stride8h64_b64,32,2.269185314213022,19800,3_to_4,adj_ks,0.0545
L=32 i2_stride8h64_b64 (Phase-2),data/32Ising_T2.269_hsBignet_i2_stride8h64_b64,32,2.269185314213022,19800,3_to_4,adj_w1,0.09070582176630568
L=32 i2_stride8h64_b64 (Phase-2),data/32Ising_T2.269_hsBignet_i2_stride8h64_b64,32,2.269185314213022,19800,3_to_4,adj_rms_g,nan
L=32 i2_stride8h64_b64 (Phase-2),data/32Ising_T2.269_hsBignet_i2_stride8h64_b64,32,2.269185314213022,19800,4_to_5,adj_ks,0.013
L=32 i2_stride8h64_b64 (Phase-2),data/32Ising_T2.269_hsBignet_i2_stride8h64_b64,32,2.269185314213022,19800,4_to_5,adj_w1,0.02450562294897099
L=32 i2_stride8h64_b64 (Phase-2),data/32Ising_T2.269_hsBignet_i2_stride8h64_b64,32,2.269185314213022,19800,4_to_5,adj_rms_g,nan
L=64 i2_stride8h32_b16 (Phase-2),data/64Ising_T2.269_hsBignet_i2_stride8h32_b16,64,2.269185314213022,19800,0,moment_mean,-0.01689569093286991
L=64 i2_stride8h32_b16 (Phase-2),data/64Ising_T2.269_hsBignet_i2_stride8h32_b16,64,2.269185314213022,19800,0,moment_std,3.5013132095336914
L=64 i2_stride8h32_b16 (Phase-2),data/64Ising_T2.269_hsBignet_i2_stride8h32_b16,64,2.269185314213022,19800,0,moment_var,12.259194374084473
L=64 i2_stride8h32_b16 (Phase-2),data/64Ising_T2.269_hsBignet_i2_stride8h32_b16,64,2.269185314213022,19800,0,moment_kurtosis,-1.3322957467744365
L=64 i2_stride8h32_b16 (Phase-2),data/64Ising_T2.269_hsBignet_i2_stride8h32_b16,64,2.269185314213022,19800,0,moment_skew,0.007592712038213583
L=64 i2_stride8h32_b16 (Phase-2),data/64Ising_T2.269_hsBignet_i2_stride8h32_b16,64,2.269185314213022,19800,0,moment_L_s,64
L=64 i2_stride8h32_b16 (Phase-2),data/64Ising_T2.269_hsBignet_i2_stride8h32_b16,64,2.269185314213022,19800,1,moment_mean,3.2795181274414062
L=64 i2_stride8h32_b16 (Phase-2),data/64Ising_T2.269_hsBignet_i2_stride8h32_b16,64,2.269185314213022,19800,1,moment_std,15.526656150817871
L=64 i2_stride8h32_b16 (Phase-2),data/64Ising_T2.269_hsBignet_i2_stride8h32_b16,64,2.269185314213022,19800,1,moment_var,241.07704162597656
L=64 i2_stride8h32_b16 (Phase-2),data/64Ising_T2.269_hsBignet_i2_stride8h32_b16,64,2.269185314213022,19800,1,moment_kurtosis,-0.9679504970089869
L=64 i2_stride8h32_b16 (Phase-2),data/64Ising_T2.269_hsBignet_i2_stride8h32_b16,64,2.269185314213022,19800,1,moment_skew,0.16367658285167835
L=64 i2_stride8h32_b16 (Phase-2),data/64Ising_T2.269_hsBignet_i2_stride8h32_b16,64,2.269185314213022,19800,1,moment_L_s,32
L=64 i2_stride8h32_b16 (Phase-2),data/64Ising_T2.269_hsBignet_i2_stride8h32_b16,64,2.269185314213022,19800,2,moment_mean,25.242300033569336
L=64 i2_stride8h32_b16 (Phase-2),data/64Ising_T2.269_hsBignet_i2_stride8h32_b16,64,2.269185314213022,19800,2,moment_std,45.291526794433594
L=64 i2_stride8h32_b16 (Phase-2),data/64Ising_T2.269_hsBignet_i2_stride8h32_b16,64,2.269185314213022,19800,2,moment_var,2051.322265625
L=64 i2_stride8h32_b16 (Phase-2),data/64Ising_T2.269_hsBignet_i2_stride8h32_b16,64,2.269185314213022,19800,2,moment_kurtosis,-0.9489113932956896
L=64 i2_stride8h32_b16 (Phase-2),data/64Ising_T2.269_hsBignet_i2_stride8h32_b16,64,2.269185314213022,19800,2,moment_skew,0.49426004977099797
L=64 i2_stride8h32_b16 (Phase-2),data/64Ising_T2.269_hsBignet_i2_stride8h32_b16,64,2.269185314213022,19800,2,moment_L_s,16
L=64 i2_stride8h32_b16 (Phase-2),data/64Ising_T2.269_hsBignet_i2_stride8h32_b16,64,2.269185314213022,19800,3,moment_mean,13.178890228271484
L=64 i2_stride8h32_b16 (Phase-2),data/64Ising_T2.269_hsBignet_i2_stride8h32_b16,64,2.269185314213022,19800,3,moment_std,24.216718673706055
L=64 i2_stride8h32_b16 (Phase-2),data/64Ising_T2.269_hsBignet_i2_stride8h32_b16,64,2.269185314213022,19800,3,moment_var,586.449462890625
L=64 i2_stride8h32_b16 (Phase-2),data/64Ising_T2.269_hsBignet_i2_stride8h32_b16,64,2.269185314213022,19800,3,moment_kurtosis,-0.9263338175271931
L=64 i2_stride8h32_b16 (Phase-2),data/64Ising_T2.269_hsBignet_i2_stride8h32_b16,64,2.269185314213022,19800,3,moment_skew,0.4547634762549416
L=64 i2_stride8h32_b16 (Phase-2),data/64Ising_T2.269_hsBignet_i2_stride8h32_b16,64,2.269185314213022,19800,3,moment_L_s,8
L=64 i2_stride8h32_b16 (Phase-2),data/64Ising_T2.269_hsBignet_i2_stride8h32_b16,64,2.269185314213022,19800,4,moment_mean,11.81222915649414
L=64 i2_stride8h32_b16 (Phase-2),data/64Ising_T2.269_hsBignet_i2_stride8h32_b16,64,2.269185314213022,19800,4,moment_std,23.33241844177246
L=64 i2_stride8h32_b16 (Phase-2),data/64Ising_T2.269_hsBignet_i2_stride8h32_b16,64,2.269185314213022,19800,4,moment_var,544.4017944335938
L=64 i2_stride8h32_b16 (Phase-2),data/64Ising_T2.269_hsBignet_i2_stride8h32_b16,64,2.269185314213022,19800,4,moment_kurtosis,-1.0768283664761484
L=64 i2_stride8h32_b16 (Phase-2),data/64Ising_T2.269_hsBignet_i2_stride8h32_b16,64,2.269185314213022,19800,4,moment_skew,0.36797193302206915
L=64 i2_stride8h32_b16 (Phase-2),data/64Ising_T2.269_hsBignet_i2_stride8h32_b16,64,2.269185314213022,19800,4,moment_L_s,4
L=64 i2_stride8h32_b16 (Phase-2),data/64Ising_T2.269_hsBignet_i2_stride8h32_b16,64,2.269185314213022,19800,5,moment_mean,2.499605178833008
L=64 i2_stride8h32_b16 (Phase-2),data/64Ising_T2.269_hsBignet_i2_stride8h32_b16,64,2.269185314213022,19800,5,moment_std,10.830860137939453
L=64 i2_stride8h32_b16 (Phase-2),data/64Ising_T2.269_hsBignet_i2_stride8h32_b16,64,2.269185314213022,19800,5,moment_var,117.30752563476562
L=64 i2_stride8h32_b16 (Phase-2),data/64Ising_T2.269_hsBignet_i2_stride8h32_b16,64,2.269185314213022,19800,5,moment_kurtosis,-0.9828291333966943
L=64 i2_stride8h32_b16 (Phase-2),data/64Ising_T2.269_hsBignet_i2_stride8h32_b16,64,2.269185314213022,19800,5,moment_skew,0.10402132034359693
L=64 i2_stride8h32_b16 (Phase-2),data/64Ising_T2.269_hsBignet_i2_stride8h32_b16,64,2.269185314213022,19800,5,moment_L_s,2
L=64 i2_stride8h32_b16 (Phase-2),data/64Ising_T2.269_hsBignet_i2_stride8h32_b16,64,2.269185314213022,19800,6,moment_mean,1.6516938209533691
L=64 i2_stride8h32_b16 (Phase-2),data/64Ising_T2.269_hsBignet_i2_stride8h32_b16,64,2.269185314213022,19800,6,moment_std,7.501425266265869
L=64 i2_stride8h32_b16 (Phase-2),data/64Ising_T2.269_hsBignet_i2_stride8h32_b16,64,2.269185314213022,19800,6,moment_var,56.27138137817383
L=64 i2_stride8h32_b16 (Phase-2),data/64Ising_T2.269_hsBignet_i2_stride8h32_b16,64,2.269185314213022,19800,6,moment_kurtosis,-0.998805447131379
L=64 i2_stride8h32_b16 (Phase-2),data/64Ising_T2.269_hsBignet_i2_stride8h32_b16,64,2.269185314213022,19800,6,moment_skew,0.11516891990135726
L=64 i2_stride8h32_b16 (Phase-2),data/64Ising_T2.269_hsBignet_i2_stride8h32_b16,64,2.269185314213022,19800,6,moment_L_s,1
L=64 i2_stride8h32_b16 (Phase-2),data/64Ising_T2.269_hsBignet_i2_stride8h32_b16,64,2.269185314213022,19800,0_to_1,adj_ks,0.05472499999999991
L=64 i2_stride8h32_b16 (Phase-2),data/64Ising_T2.269_hsBignet_i2_stride8h32_b16,64,2.269185314213022,19800,0_to_1,adj_w1,0.08957766642315657
L=64 i2_stride8h32_b16 (Phase-2),data/64Ising_T2.269_hsBignet_i2_stride8h32_b16,64,2.269185314213022,19800,0_to_1,adj_rms_g,0.059711381793022156
L=64 i2_stride8h32_b16 (Phase-2),data/64Ising_T2.269_hsBignet_i2_stride8h32_b16,64,2.269185314213022,19800,1_to_2,adj_ks,0.066085
L=64 i2_stride8h32_b16 (Phase-2),data/64Ising_T2.269_hsBignet_i2_stride8h32_b16,64,2.269185314213022,19800,1_to_2,adj_w1,0.1114280490212997
L=64 i2_stride8h32_b16 (Phase-2),data/64Ising_T2.269_hsBignet_i2_stride8h32_b16,64,2.269185314213022,19800,1_to_2,adj_rms_g,0.14686037600040436
L=64 i2_stride8h32_b16 (Phase-2),data/64Ising_T2.269_hsBignet_i2_stride8h32_b16,64,2.269185314213022,19800,2_to_3,adj_ks,0.015507812499999996
L=64 i2_stride8h32_b16 (Phase-2),data/64Ising_T2.269_hsBignet_i2_stride8h32_b16,64,2.269185314213022,19800,2_to_3,adj_w1,0.02373841494465924
L=64 i2_stride8h32_b16 (Phase-2),data/64Ising_T2.269_hsBignet_i2_stride8h32_b16,64,2.269185314213022,19800,2_to_3,adj_rms_g,0.03215828537940979
L=64 i2_stride8h32_b16 (Phase-2),data/64Ising_T2.269_hsBignet_i2_stride8h32_b16,64,2.269185314213022,19800,3_to_4,adj_ks,0.027468750000000014
L=64 i2_stride8h32_b16 (Phase-2),data/64Ising_T2.269_hsBignet_i2_stride8h32_b16,64,2.269185314213022,19800,3_to_4,adj_w1,0.04254825287186986
L=64 i2_stride8h32_b16 (Phase-2),data/64Ising_T2.269_hsBignet_i2_stride8h32_b16,64,2.269185314213022,19800,3_to_4,adj_rms_g,0.018497968092560768
L=64 i2_stride8h32_b16 (Phase-2),data/64Ising_T2.269_hsBignet_i2_stride8h32_b16,64,2.269185314213022,19800,4_to_5,adj_ks,0.0615
L=64 i2_stride8h32_b16 (Phase-2),data/64Ising_T2.269_hsBignet_i2_stride8h32_b16,64,2.269185314213022,19800,4_to_5,adj_w1,0.10533667745268303
L=64 i2_stride8h32_b16 (Phase-2),data/64Ising_T2.269_hsBignet_i2_stride8h32_b16,64,2.269185314213022,19800,4_to_5,adj_rms_g,nan
L=64 i2_stride8h32_b16 (Phase-2),data/64Ising_T2.269_hsBignet_i2_stride8h32_b16,64,2.269185314213022,19800,5_to_6,adj_ks,0.0235
L=64 i2_stride8h32_b16 (Phase-2),data/64Ising_T2.269_hsBignet_i2_stride8h32_b16,64,2.269185314213022,19800,5_to_6,adj_w1,0.01786092341999756
L=64 i2_stride8h32_b16 (Phase-2),data/64Ising_T2.269_hsBignet_i2_stride8h32_b16,64,2.269185314213022,19800,5_to_6,adj_rms_g,nan
L=64 i2_stride4h32_b16 (Phase-2),data/64Ising_T2.269_hsBignet_i2_stride4h32_b16,64,2.269185314213022,19800,0,moment_mean,-0.01689569093286991
L=64 i2_stride4h32_b16 (Phase-2),data/64Ising_T2.269_hsBignet_i2_stride4h32_b16,64,2.269185314213022,19800,0,moment_std,3.5013132095336914
L=64 i2_stride4h32_b16 (Phase-2),data/64Ising_T2.269_hsBignet_i2_stride4h32_b16,64,2.269185314213022,19800,0,moment_var,12.259194374084473
L=64 i2_stride4h32_b16 (Phase-2),data/64Ising_T2.269_hsBignet_i2_stride4h32_b16,64,2.269185314213022,19800,0,moment_kurtosis,-1.3322957467744365
L=64 i2_stride4h32_b16 (Phase-2),data/64Ising_T2.269_hsBignet_i2_stride4h32_b16,64,2.269185314213022,19800,0,moment_skew,0.007592712038213583
L=64 i2_stride4h32_b16 (Phase-2),data/64Ising_T2.269_hsBignet_i2_stride4h32_b16,64,2.269185314213022,19800,0,moment_L_s,64
L=64 i2_stride4h32_b16 (Phase-2),data/64Ising_T2.269_hsBignet_i2_stride4h32_b16,64,2.269185314213022,19800,1,moment_mean,-0.4978221654891968
L=64 i2_stride4h32_b16 (Phase-2),data/64Ising_T2.269_hsBignet_i2_stride4h32_b16,64,2.269185314213022,19800,1,moment_std,8.490118980407715
L=64 i2_stride4h32_b16 (Phase-2),data/64Ising_T2.269_hsBignet_i2_stride4h32_b16,64,2.269185314213022,19800,1,moment_var,72.08211517333984
L=64 i2_stride4h32_b16 (Phase-2),data/64Ising_T2.269_hsBignet_i2_stride4h32_b16,64,2.269185314213022,19800,1,moment_kurtosis,-0.5757657794183082
L=64 i2_stride4h32_b16 (Phase-2),data/64Ising_T2.269_hsBignet_i2_stride4h32_b16,64,2.269185314213022,19800,1,moment_skew,0.17137542344669793
L=64 i2_stride4h32_b16 (Phase-2),data/64Ising_T2.269_hsBignet_i2_stride4h32_b16,64,2.269185314213022,19800,1,moment_L_s,32
L=64 i2_stride4h32_b16 (Phase-2),data/64Ising_T2.269_hsBignet_i2_stride4h32_b16,64,2.269185314213022,19800,2,moment_mean,-3.421322822570801
L=64 i2_stride4h32_b16 (Phase-2),data/64Ising_T2.269_hsBignet_i2_stride4h32_b16,64,2.269185314213022,19800,2,moment_std,8.4619140625
L=64 i2_stride4h32_b16 (Phase-2),data/64Ising_T2.269_hsBignet_i2_stride4h32_b16,64,2.269185314213022,19800,2,moment_var,71.60398864746094
L=64 i2_stride4h32_b16 (Phase-2),data/64Ising_T2.269_hsBignet_i2_stride4h32_b16,64,2.269185314213022,19800,2,moment_kurtosis,-0.7562487853112545
L=64 i2_stride4h32_b16 (Phase-2),data/64Ising_T2.269_hsBignet_i2_stride4h32_b16,64,2.269185314213022,19800,2,moment_skew,-0.009631477668148387
L=64 i2_stride4h32_b16 (Phase-2),data/64Ising_T2.269_hsBignet_i2_stride4h32_b16,64,2.269185314213022,19800,2,moment_L_s,16
L=64 i2_stride4h32_b16 (Phase-2),data/64Ising_T2.269_hsBignet_i2_stride4h32_b16,64,2.269185314213022,19800,3,moment_mean,-2.883150577545166
L=64 i2_stride4h32_b16 (Phase-2),data/64Ising_T2.269_hsBignet_i2_stride4h32_b16,64,2.269185314213022,19800,3,moment_std,8.29716968536377
L=64 i2_stride4h32_b16 (Phase-2),data/64Ising_T2.269_hsBignet_i2_stride4h32_b16,64,2.269185314213022,19800,3,moment_var,68.843017578125
L=64 i2_stride4h32_b16 (Phase-2),data/64Ising_T2.269_hsBignet_i2_stride4h32_b16,64,2.269185314213022,19800,3,moment_kurtosis,-0.9238766780841363
L=64 i2_stride4h32_b16 (Phase-2),data/64Ising_T2.269_hsBignet_i2_stride4h32_b16,64,2.269185314213022,19800,3,moment_skew,-0.0535185535791528
L=64 i2_stride4h32_b16 (Phase-2),data/64Ising_T2.269_hsBignet_i2_stride4h32_b16,64,2.269185314213022,19800,3,moment_L_s,8
L=64 i2_stride4h32_b16 (Phase-2),data/64Ising_T2.269_hsBignet_i2_stride4h32_b16,64,2.269185314213022,19800,4,moment_mean,-2.797279119491577
L=64 i2_stride4h32_b16 (Phase-2),data/64Ising_T2.269_hsBignet_i2_stride4h32_b16,64,2.269185314213022,19800,4,moment_std,9.204227447509766
L=64 i2_stride4h32_b16 (Phase-2),data/64Ising_T2.269_hsBignet_i2_stride4h32_b16,64,2.269185314213022,19800,4,moment_var,84.71781158447266
L=64 i2_stride4h32_b16 (Phase-2),data/64Ising_T2.269_hsBignet_i2_stride4h32_b16,64,2.269185314213022,19800,4,moment_kurtosis,-1.233907821815773
L=64 i2_stride4h32_b16 (Phase-2),data/64Ising_T2.269_hsBignet_i2_stride4h32_b16,64,2.269185314213022,19800,4,moment_skew,0.11913829517179061
L=64 i2_stride4h32_b16 (Phase-2),data/64Ising_T2.269_hsBignet_i2_stride4h32_b16,64,2.269185314213022,19800,4,moment_L_s,4
L=64 i2_stride4h32_b16 (Phase-2),data/64Ising_T2.269_hsBignet_i2_stride4h32_b16,64,2.269185314213022,19800,5,moment_mean,-0.325147420167923
L=64 i2_stride4h32_b16 (Phase-2),data/64Ising_T2.269_hsBignet_i2_stride4h32_b16,64,2.269185314213022,19800,5,moment_std,4.5901312828063965
L=64 i2_stride4h32_b16 (Phase-2),data/64Ising_T2.269_hsBignet_i2_stride4h32_b16,64,2.269185314213022,19800,5,moment_var,21.069303512573242
L=64 i2_stride4h32_b16 (Phase-2),data/64Ising_T2.269_hsBignet_i2_stride4h32_b16,64,2.269185314213022,19800,5,moment_kurtosis,-0.8579444140076236
L=64 i2_stride4h32_b16 (Phase-2),data/64Ising_T2.269_hsBignet_i2_stride4h32_b16,64,2.269185314213022,19800,5,moment_skew,0.27275640158583564
L=64 i2_stride4h32_b16 (Phase-2),data/64Ising_T2.269_hsBignet_i2_stride4h32_b16,64,2.269185314213022,19800,5,moment_L_s,2
L=64 i2_stride4h32_b16 (Phase-2),data/64Ising_T2.269_hsBignet_i2_stride4h32_b16,64,2.269185314213022,19800,6,moment_mean,-0.6019060015678406
L=64 i2_stride4h32_b16 (Phase-2),data/64Ising_T2.269_hsBignet_i2_stride4h32_b16,64,2.269185314213022,19800,6,moment_std,3.5627379417419434
L=64 i2_stride4h32_b16 (Phase-2),data/64Ising_T2.269_hsBignet_i2_stride4h32_b16,64,2.269185314213022,19800,6,moment_var,12.69310188293457
L=64 i2_stride4h32_b16 (Phase-2),data/64Ising_T2.269_hsBignet_i2_stride4h32_b16,64,2.269185314213022,19800,6,moment_kurtosis,-0.89255635630456
L=64 i2_stride4h32_b16 (Phase-2),data/64Ising_T2.269_hsBignet_i2_stride4h32_b16,64,2.269185314213022,19800,6,moment_skew,0.2541881313986925
L=64 i2_stride4h32_b16 (Phase-2),data/64Ising_T2.269_hsBignet_i2_stride4h32_b16,64,2.269185314213022,19800,6,moment_L_s,1
L=64 i2_stride4h32_b16 (Phase-2),data/64Ising_T2.269_hsBignet_i2_stride4h32_b16,64,2.269185314213022,19800,0_to_1,adj_ks,0.07159500000000008
L=64 i2_stride4h32_b16 (Phase-2),data/64Ising_T2.269_hsBignet_i2_stride4h32_b16,64,2.269185314213022,19800,0_to_1,adj_w1,0.12794901650439133
L=64 i2_stride4h32_b16 (Phase-2),data/64Ising_T2.269_hsBignet_i2_stride4h32_b16,64,2.269185314213022,19800,0_to_1,adj_rms_g,0.12416296452283859
L=64 i2_stride4h32_b16 (Phase-2),data/64Ising_T2.269_hsBignet_i2_stride4h32_b16,64,2.269185314213022,19800,1_to_2,adj_ks,0.04756000000000005
L=64 i2_stride4h32_b16 (Phase-2),data/64Ising_T2.269_hsBignet_i2_stride4h32_b16,64,2.269185314213022,19800,1_to_2,adj_w1,0.0712818186325963
L=64 i2_stride4h32_b16 (Phase-2),data/64Ising_T2.269_hsBignet_i2_stride4h32_b16,64,2.269185314213022,19800,1_to_2,adj_rms_g,0.16187062859535217
L=64 i2_stride4h32_b16 (Phase-2),data/64Ising_T2.269_hsBignet_i2_stride4h32_b16,64,2.269185314213022,19800,2_to_3,adj_ks,0.012070312500000013
L=64 i2_stride4h32_b16 (Phase-2),data/64Ising_T2.269_hsBignet_i2_stride4h32_b16,64,2.269185314213022,19800,2_to_3,adj_w1,0.02093343574312366
L=64 i2_stride4h32_b16 (Phase-2),data/64Ising_T2.269_hsBignet_i2_stride4h32_b16,64,2.269185314213022,19800,2_to_3,adj_rms_g,0.019249435514211655
L=64 i2_stride4h32_b16 (Phase-2),data/64Ising_T2.269_hsBignet_i2_stride4h32_b16,64,2.269185314213022,19800,3_to_4,adj_ks,0.04490624999999998
L=64 i2_stride4h32_b16 (Phase-2),data/64Ising_T2.269_hsBignet_i2_stride4h32_b16,64,2.269185314213022,19800,3_to_4,adj_w1,0.0700545155737811
L=64 i2_stride4h32_b16 (Phase-2),data/64Ising_T2.269_hsBignet_i2_stride4h32_b16,64,2.269185314213022,19800,3_to_4,adj_rms_g,0.06089117005467415
L=64 i2_stride4h32_b16 (Phase-2),data/64Ising_T2.269_hsBignet_i2_stride4h32_b16,64,2.269185314213022,19800,4_to_5,adj_ks,0.0385
L=64 i2_stride4h32_b16 (Phase-2),data/64Ising_T2.269_hsBignet_i2_stride4h32_b16,64,2.269185314213022,19800,4_to_5,adj_w1,0.08512215235767964
L=64 i2_stride4h32_b16 (Phase-2),data/64Ising_T2.269_hsBignet_i2_stride4h32_b16,64,2.269185314213022,19800,4_to_5,adj_rms_g,nan
L=64 i2_stride4h32_b16 (Phase-2),data/64Ising_T2.269_hsBignet_i2_stride4h32_b16,64,2.269185314213022,19800,5_to_6,adj_ks,0.019
L=64 i2_stride4h32_b16 (Phase-2),data/64Ising_T2.269_hsBignet_i2_stride4h32_b16,64,2.269185314213022,19800,5_to_6,adj_w1,0.02247267340213145
L=64 i2_stride4h32_b16 (Phase-2),data/64Ising_T2.269_hsBignet_i2_stride4h32_b16,64,2.269185314213022,19800,5_to_6,adj_rms_g,nan
L=64 i2_stride8h64_b16 (Phase-2),data/64Ising_T2.269_hsBignet_i2_stride8h64_b16,64,2.269185314213022,19800,0,moment_mean,-0.01689569093286991
L=64 i2_stride8h64_b16 (Phase-2),data/64Ising_T2.269_hsBignet_i2_stride8h64_b16,64,2.269185314213022,19800,0,moment_std,3.5013132095336914
L=64 i2_stride8h64_b16 (Phase-2),data/64Ising_T2.269_hsBignet_i2_stride8h64_b16,64,2.269185314213022,19800,0,moment_var,12.259194374084473
L=64 i2_stride8h64_b16 (Phase-2),data/64Ising_T2.269_hsBignet_i2_stride8h64_b16,64,2.269185314213022,19800,0,moment_kurtosis,-1.3322957467744365
L=64 i2_stride8h64_b16 (Phase-2),data/64Ising_T2.269_hsBignet_i2_stride8h64_b16,64,2.269185314213022,19800,0,moment_skew,0.007592712038213583
L=64 i2_stride8h64_b16 (Phase-2),data/64Ising_T2.269_hsBignet_i2_stride8h64_b16,64,2.269185314213022,19800,0,moment_L_s,64
L=64 i2_stride8h64_b16 (Phase-2),data/64Ising_T2.269_hsBignet_i2_stride8h64_b16,64,2.269185314213022,19800,1,moment_mean,0.9625802040100098
L=64 i2_stride8h64_b16 (Phase-2),data/64Ising_T2.269_hsBignet_i2_stride8h64_b16,64,2.269185314213022,19800,1,moment_std,9.415186882019043
L=64 i2_stride8h64_b16 (Phase-2),data/64Ising_T2.269_hsBignet_i2_stride8h64_b16,64,2.269185314213022,19800,1,moment_var,88.64573669433594
L=64 i2_stride8h64_b16 (Phase-2),data/64Ising_T2.269_hsBignet_i2_stride8h64_b16,64,2.269185314213022,19800,1,moment_kurtosis,-0.8987757019949352
L=64 i2_stride8h64_b16 (Phase-2),data/64Ising_T2.269_hsBignet_i2_stride8h64_b16,64,2.269185314213022,19800,1,moment_skew,0.003809181611811916
L=64 i2_stride8h64_b16 (Phase-2),data/64Ising_T2.269_hsBignet_i2_stride8h64_b16,64,2.269185314213022,19800,1,moment_L_s,32
L=64 i2_stride8h64_b16 (Phase-2),data/64Ising_T2.269_hsBignet_i2_stride8h64_b16,64,2.269185314213022,19800,2,moment_mean,3.3215441703796387
L=64 i2_stride8h64_b16 (Phase-2),data/64Ising_T2.269_hsBignet_i2_stride8h64_b16,64,2.269185314213022,19800,2,moment_std,13.429450035095215
L=64 i2_stride8h64_b16 (Phase-2),data/64Ising_T2.269_hsBignet_i2_stride8h64_b16,64,2.269185314213022,19800,2,moment_var,180.35012817382812
L=64 i2_stride8h64_b16 (Phase-2),data/64Ising_T2.269_hsBignet_i2_stride8h64_b16,64,2.269185314213022,19800,2,moment_kurtosis,-1.2133944494971018
L=64 i2_stride8h64_b16 (Phase-2),data/64Ising_T2.269_hsBignet_i2_stride8h64_b16,64,2.269185314213022,19800,2,moment_skew,0.05490935145078557
L=64 i2_stride8h64_b16 (Phase-2),data/64Ising_T2.269_hsBignet_i2_stride8h64_b16,64,2.269185314213022,19800,2,moment_L_s,16
L=64 i2_stride8h64_b16 (Phase-2),data/64Ising_T2.269_hsBignet_i2_stride8h64_b16,64,2.269185314213022,19800,3,moment_mean,-0.9915446043014526
L=64 i2_stride8h64_b16 (Phase-2),data/64Ising_T2.269_hsBignet_i2_stride8h64_b16,64,2.269185314213022,19800,3,moment_std,15.91856861114502
L=64 i2_stride8h64_b16 (Phase-2),data/64Ising_T2.269_hsBignet_i2_stride8h64_b16,64,2.269185314213022,19800,3,moment_var,253.40081787109375
L=64 i2_stride8h64_b16 (Phase-2),data/64Ising_T2.269_hsBignet_i2_stride8h64_b16,64,2.269185314213022,19800,3,moment_kurtosis,-1.0650681146804721
L=64 i2_stride8h64_b16 (Phase-2),data/64Ising_T2.269_hsBignet_i2_stride8h64_b16,64,2.269185314213022,19800,3,moment_skew,0.008975796187032524
L=64 i2_stride8h64_b16 (Phase-2),data/64Ising_T2.269_hsBignet_i2_stride8h64_b16,64,2.269185314213022,19800,3,moment_L_s,8
L=64 i2_stride8h64_b16 (Phase-2),data/64Ising_T2.269_hsBignet_i2_stride8h64_b16,64,2.269185314213022,19800,4,moment_mean,0.2295215129852295
L=64 i2_stride8h64_b16 (Phase-2),data/64Ising_T2.269_hsBignet_i2_stride8h64_b16,64,2.269185314213022,19800,4,moment_std,14.668868064880371
L=64 i2_stride8h64_b16 (Phase-2),data/64Ising_T2.269_hsBignet_i2_stride8h64_b16,64,2.269185314213022,19800,4,moment_var,215.17568969726562
L=64 i2_stride8h64_b16 (Phase-2),data/64Ising_T2.269_hsBignet_i2_stride8h64_b16,64,2.269185314213022,19800,4,moment_kurtosis,-1.3619560054904691
L=64 i2_stride8h64_b16 (Phase-2),data/64Ising_T2.269_hsBignet_i2_stride8h64_b16,64,2.269185314213022,19800,4,moment_skew,0.04094961483068333
L=64 i2_stride8h64_b16 (Phase-2),data/64Ising_T2.269_hsBignet_i2_stride8h64_b16,64,2.269185314213022,19800,4,moment_L_s,4
L=64 i2_stride8h64_b16 (Phase-2),data/64Ising_T2.269_hsBignet_i2_stride8h64_b16,64,2.269185314213022,19800,5,moment_mean,1.7037557363510132
L=64 i2_stride8h64_b16 (Phase-2),data/64Ising_T2.269_hsBignet_i2_stride8h64_b16,64,2.269185314213022,19800,5,moment_std,8.491622924804688
L=64 i2_stride8h64_b16 (Phase-2),data/64Ising_T2.269_hsBignet_i2_stride8h64_b16,64,2.269185314213022,19800,5,moment_var,72.10765838623047
L=64 i2_stride8h64_b16 (Phase-2),data/64Ising_T2.269_hsBignet_i2_stride8h64_b16,64,2.269185314213022,19800,5,moment_kurtosis,-1.2273209367124167
L=64 i2_stride8h64_b16 (Phase-2),data/64Ising_T2.269_hsBignet_i2_stride8h64_b16,64,2.269185314213022,19800,5,moment_skew,0.09305824528553375
L=64 i2_stride8h64_b16 (Phase-2),data/64Ising_T2.269_hsBignet_i2_stride8h64_b16,64,2.269185314213022,19800,5,moment_L_s,2
L=64 i2_stride8h64_b16 (Phase-2),data/64Ising_T2.269_hsBignet_i2_stride8h64_b16,64,2.269185314213022,19800,6,moment_mean,0.932069718837738
L=64 i2_stride8h64_b16 (Phase-2),data/64Ising_T2.269_hsBignet_i2_stride8h64_b16,64,2.269185314213022,19800,6,moment_std,5.880984783172607
L=64 i2_stride8h64_b16 (Phase-2),data/64Ising_T2.269_hsBignet_i2_stride8h64_b16,64,2.269185314213022,19800,6,moment_var,34.58598327636719
L=64 i2_stride8h64_b16 (Phase-2),data/64Ising_T2.269_hsBignet_i2_stride8h64_b16,64,2.269185314213022,19800,6,moment_kurtosis,-1.1460856269487876
L=64 i2_stride8h64_b16 (Phase-2),data/64Ising_T2.269_hsBignet_i2_stride8h64_b16,64,2.269185314213022,19800,6,moment_skew,0.08542288624249662
L=64 i2_stride8h64_b16 (Phase-2),data/64Ising_T2.269_hsBignet_i2_stride8h64_b16,64,2.269185314213022,19800,6,moment_L_s,1
L=64 i2_stride8h64_b16 (Phase-2),data/64Ising_T2.269_hsBignet_i2_stride8h64_b16,64,2.269185314213022,19800,0_to_1,adj_ks,0.05695499999999998
L=64 i2_stride8h64_b16 (Phase-2),data/64Ising_T2.269_hsBignet_i2_stride8h64_b16,64,2.269185314213022,19800,0_to_1,adj_w1,0.1022024013877257
L=64 i2_stride8h64_b16 (Phase-2),data/64Ising_T2.269_hsBignet_i2_stride8h64_b16,64,2.269185314213022,19800,0_to_1,adj_rms_g,0.09449512511491776
L=64 i2_stride8h64_b16 (Phase-2),data/64Ising_T2.269_hsBignet_i2_stride8h64_b16,64,2.269185314213022,19800,1_to_2,adj_ks,0.04167000000000004
L=64 i2_stride8h64_b16 (Phase-2),data/64Ising_T2.269_hsBignet_i2_stride8h64_b16,64,2.269185314213022,19800,1_to_2,adj_w1,0.07440307973092622
L=64 i2_stride8h64_b16 (Phase-2),data/64Ising_T2.269_hsBignet_i2_stride8h64_b16,64,2.269185314213022,19800,1_to_2,adj_rms_g,0.12470436841249466
L=64 i2_stride8h64_b16 (Phase-2),data/64Ising_T2.269_hsBignet_i2_stride8h64_b16,64,2.269185314213022,19800,2_to_3,adj_ks,0.0307265625
L=64 i2_stride8h64_b16 (Phase-2),data/64Ising_T2.269_hsBignet_i2_stride8h64_b16,64,2.269185314213022,19800,2_to_3,adj_w1,0.04654208762984563
L=64 i2_stride8h64_b16 (Phase-2),data/64Ising_T2.269_hsBignet_i2_stride8h64_b16,64,2.269185314213022,19800,2_to_3,adj_rms_g,0.025878021493554115
L=64 i2_stride8h64_b16 (Phase-2),data/64Ising_T2.269_hsBignet_i2_stride8h64_b16,64,2.269185314213022,19800,3_to_4,adj_ks,0.03931250000000003
L=64 i2_stride8h64_b16 (Phase-2),data/64Ising_T2.269_hsBignet_i2_stride8h64_b16,64,2.269185314213022,19800,3_to_4,adj_w1,0.06713807167591439
L=64 i2_stride8h64_b16 (Phase-2),data/64Ising_T2.269_hsBignet_i2_stride8h64_b16,64,2.269185314213022,19800,3_to_4,adj_rms_g,0.07392533868551254
L=64 i2_stride8h64_b16 (Phase-2),data/64Ising_T2.269_hsBignet_i2_stride8h64_b16,64,2.269185314213022,19800,4_to_5,adj_ks,0.024625
L=64 i2_stride8h64_b16 (Phase-2),data/64Ising_T2.269_hsBignet_i2_stride8h64_b16,64,2.269185314213022,19800,4_to_5,adj_w1,0.04178276239570733
L=64 i2_stride8h64_b16 (Phase-2),data/64Ising_T2.269_hsBignet_i2_stride8h64_b16,64,2.269185314213022,19800,4_to_5,adj_rms_g,nan
L=64 i2_stride8h64_b16 (Phase-2),data/64Ising_T2.269_hsBignet_i2_stride8h64_b16,64,2.269185314213022,19800,5_to_6,adj_ks,0.022
L=64 i2_stride8h64_b16 (Phase-2),data/64Ising_T2.269_hsBignet_i2_stride8h64_b16,64,2.269185314213022,19800,5_to_6,adj_w1,0.02063165655524062
L=64 i2_stride8h64_b16 (Phase-2),data/64Ising_T2.269_hsBignet_i2_stride8h64_b16,64,2.269185314213022,19800,5_to_6,adj_rms_g,nan
L=64 i2_stride4h64_b16 (Phase-2),data/64Ising_T2.269_hsBignet_i2_stride4h64_b16,64,2.269185314213022,19800,0,moment_mean,-0.01689569093286991
L=64 i2_stride4h64_b16 (Phase-2),data/64Ising_T2.269_hsBignet_i2_stride4h64_b16,64,2.269185314213022,19800,0,moment_std,3.5013132095336914
L=64 i2_stride4h64_b16 (Phase-2),data/64Ising_T2.269_hsBignet_i2_stride4h64_b16,64,2.269185314213022,19800,0,moment_var,12.259194374084473
L=64 i2_stride4h64_b16 (Phase-2),data/64Ising_T2.269_hsBignet_i2_stride4h64_b16,64,2.269185314213022,19800,0,moment_kurtosis,-1.3322957467744365
L=64 i2_stride4h64_b16 (Phase-2),data/64Ising_T2.269_hsBignet_i2_stride4h64_b16,64,2.269185314213022,19800,0,moment_skew,0.007592712038213583
L=64 i2_stride4h64_b16 (Phase-2),data/64Ising_T2.269_hsBignet_i2_stride4h64_b16,64,2.269185314213022,19800,0,moment_L_s,64
L=64 i2_stride4h64_b16 (Phase-2),data/64Ising_T2.269_hsBignet_i2_stride4h64_b16,64,2.269185314213022,19800,1,moment_mean,-0.6611633896827698
L=64 i2_stride4h64_b16 (Phase-2),data/64Ising_T2.269_hsBignet_i2_stride4h64_b16,64,2.269185314213022,19800,1,moment_std,7.674272060394287
L=64 i2_stride4h64_b16 (Phase-2),data/64Ising_T2.269_hsBignet_i2_stride4h64_b16,64,2.269185314213022,19800,1,moment_var,58.89445495605469
L=64 i2_stride4h64_b16 (Phase-2),data/64Ising_T2.269_hsBignet_i2_stride4h64_b16,64,2.269185314213022,19800,1,moment_kurtosis,-0.76454555210882
L=64 i2_stride4h64_b16 (Phase-2),data/64Ising_T2.269_hsBignet_i2_stride4h64_b16,64,2.269185314213022,19800,1,moment_skew,-0.28697555827063137
L=64 i2_stride4h64_b16 (Phase-2),data/64Ising_T2.269_hsBignet_i2_stride4h64_b16,64,2.269185314213022,19800,1,moment_L_s,32
L=64 i2_stride4h64_b16 (Phase-2),data/64Ising_T2.269_hsBignet_i2_stride4h64_b16,64,2.269185314213022,19800,2,moment_mean,0.988842248916626
L=64 i2_stride4h64_b16 (Phase-2),data/64Ising_T2.269_hsBignet_i2_stride4h64_b16,64,2.269185314213022,19800,2,moment_std,11.877898216247559
L=64 i2_stride4h64_b16 (Phase-2),data/64Ising_T2.269_hsBignet_i2_stride4h64_b16,64,2.269185314213022,19800,2,moment_var,141.08445739746094
L=64 i2_stride4h64_b16 (Phase-2),data/64Ising_T2.269_hsBignet_i2_stride4h64_b16,64,2.269185314213022,19800,2,moment_kurtosis,-0.9445880538116538
L=64 i2_stride4h64_b16 (Phase-2),data/64Ising_T2.269_hsBignet_i2_stride4h64_b16,64,2.269185314213022,19800,2,moment_skew,0.03471894059603749
L=64 i2_stride4h64_b16 (Phase-2),data/64Ising_T2.269_hsBignet_i2_stride4h64_b16,64,2.269185314213022,19800,2,moment_L_s,16
L=64 i2_stride4h64_b16 (Phase-2),data/64Ising_T2.269_hsBignet_i2_stride4h64_b16,64,2.269185314213022,19800,3,moment_mean,2.9321892261505127
L=64 i2_stride4h64_b16 (Phase-2),data/64Ising_T2.269_hsBignet_i2_stride4h64_b16,64,2.269185314213022,19800,3,moment_std,10.542612075805664
L=64 i2_stride4h64_b16 (Phase-2),data/64Ising_T2.269_hsBignet_i2_stride4h64_b16,64,2.269185314213022,19800,3,moment_var,111.14666748046875
L=64 i2_stride4h64_b16 (Phase-2),data/64Ising_T2.269_hsBignet_i2_stride4h64_b16,64,2.269185314213022,19800,3,moment_kurtosis,-0.7422588728938773
L=64 i2_stride4h64_b16 (Phase-2),data/64Ising_T2.269_hsBignet_i2_stride4h64_b16,64,2.269185314213022,19800,3,moment_skew,0.18472502894283102
L=64 i2_stride4h64_b16 (Phase-2),data/64Ising_T2.269_hsBignet_i2_stride4h64_b16,64,2.269185314213022,19800,3,moment_L_s,8
L=64 i2_stride4h64_b16 (Phase-2),data/64Ising_T2.269_hsBignet_i2_stride4h64_b16,64,2.269185314213022,19800,4,moment_mean,2.822340965270996
L=64 i2_stride4h64_b16 (Phase-2),data/64Ising_T2.269_hsBignet_i2_stride4h64_b16,64,2.269185314213022,19800,4,moment_std,8.978801727294922
L=64 i2_stride4h64_b16 (Phase-2),data/64Ising_T2.269_hsBignet_i2_stride4h64_b16,64,2.269185314213022,19800,4,moment_var,80.61888885498047
L=64 i2_stride4h64_b16 (Phase-2),data/64Ising_T2.269_hsBignet_i2_stride4h64_b16,64,2.269185314213022,19800,4,moment_kurtosis,-1.0112319369869773
L=64 i2_stride4h64_b16 (Phase-2),data/64Ising_T2.269_hsBignet_i2_stride4h64_b16,64,2.269185314213022,19800,4,moment_skew,0.18349608284233926
L=64 i2_stride4h64_b16 (Phase-2),data/64Ising_T2.269_hsBignet_i2_stride4h64_b16,64,2.269185314213022,19800,4,moment_L_s,4
L=64 i2_stride4h64_b16 (Phase-2),data/64Ising_T2.269_hsBignet_i2_stride4h64_b16,64,2.269185314213022,19800,5,moment_mean,0.7182076573371887
L=64 i2_stride4h64_b16 (Phase-2),data/64Ising_T2.269_hsBignet_i2_stride4h64_b16,64,2.269185314213022,19800,5,moment_std,4.002935409545898
L=64 i2_stride4h64_b16 (Phase-2),data/64Ising_T2.269_hsBignet_i2_stride4h64_b16,64,2.269185314213022,19800,5,moment_var,16.02349281311035
L=64 i2_stride4h64_b16 (Phase-2),data/64Ising_T2.269_hsBignet_i2_stride4h64_b16,64,2.269185314213022,19800,5,moment_kurtosis,-0.5442078586531984
L=64 i2_stride4h64_b16 (Phase-2),data/64Ising_T2.269_hsBignet_i2_stride4h64_b16,64,2.269185314213022,19800,5,moment_skew,0.077461245899868
L=64 i2_stride4h64_b16 (Phase-2),data/64Ising_T2.269_hsBignet_i2_stride4h64_b16,64,2.269185314213022,19800,5,moment_L_s,2
L=64 i2_stride4h64_b16 (Phase-2),data/64Ising_T2.269_hsBignet_i2_stride4h64_b16,64,2.269185314213022,19800,6,moment_mean,0.7696598172187805
L=64 i2_stride4h64_b16 (Phase-2),data/64Ising_T2.269_hsBignet_i2_stride4h64_b16,64,2.269185314213022,19800,6,moment_std,2.8504796028137207
L=64 i2_stride4h64_b16 (Phase-2),data/64Ising_T2.269_hsBignet_i2_stride4h64_b16,64,2.269185314213022,19800,6,moment_var,8.125234603881836
L=64 i2_stride4h64_b16 (Phase-2),data/64Ising_T2.269_hsBignet_i2_stride4h64_b16,64,2.269185314213022,19800,6,moment_kurtosis,-0.26605562795294846
L=64 i2_stride4h64_b16 (Phase-2),data/64Ising_T2.269_hsBignet_i2_stride4h64_b16,64,2.269185314213022,19800,6,moment_skew,0.07359531658653092
L=64 i2_stride4h64_b16 (Phase-2),data/64Ising_T2.269_hsBignet_i2_stride4h64_b16,64,2.269185314213022,19800,6,moment_L_s,1
L=64 i2_stride4h64_b16 (Phase-2),data/64Ising_T2.269_hsBignet_i2_stride4h64_b16,64,2.269185314213022,19800,0_to_1,adj_ks,0.06628
L=64 i2_stride4h64_b16 (Phase-2),data/64Ising_T2.269_hsBignet_i2_stride4h64_b16,64,2.269185314213022,19800,0_to_1,adj_w1,0.11565596048116435
L=64 i2_stride4h64_b16 (Phase-2),data/64Ising_T2.269_hsBignet_i2_stride4h64_b16,64,2.269185314213022,19800,0_to_1,adj_rms_g,0.08425520360469818
L=64 i2_stride4h64_b16 (Phase-2),data/64Ising_T2.269_hsBignet_i2_stride4h64_b16,64,2.269185314213022,19800,1_to_2,adj_ks,0.03338000000000002
L=64 i2_stride4h64_b16 (Phase-2),data/64Ising_T2.269_hsBignet_i2_stride4h64_b16,64,2.269185314213022,19800,1_to_2,adj_w1,0.09894728440793105
L=64 i2_stride4h64_b16 (Phase-2),data/64Ising_T2.269_hsBignet_i2_stride4h64_b16,64,2.269185314213022,19800,1_to_2,adj_rms_g,0.06374173611402512
L=64 i2_stride4h64_b16 (Phase-2),data/64Ising_T2.269_hsBignet_i2_stride4h64_b16,64,2.269185314213022,19800,2_to_3,adj_ks,0.03297656250000003
L=64 i2_stride4h64_b16 (Phase-2),data/64Ising_T2.269_hsBignet_i2_stride4h64_b16,64,2.269185314213022,19800,2_to_3,adj_w1,0.04206719045670306
L=64 i2_stride4h64_b16 (Phase-2),data/64Ising_T2.269_hsBignet_i2_stride4h64_b16,64,2.269185314213022,19800,2_to_3,adj_rms_g,0.04764412343502045
L=64 i2_stride4h64_b16 (Phase-2),data/64Ising_T2.269_hsBignet_i2_stride4h64_b16,64,2.269185314213022,19800,3_to_4,adj_ks,0.02668750000000003
L=64 i2_stride4h64_b16 (Phase-2),data/64Ising_T2.269_hsBignet_i2_stride4h64_b16,64,2.269185314213022,19800,3_to_4,adj_w1,0.032108415334241164
L=64 i2_stride4h64_b16 (Phase-2),data/64Ising_T2.269_hsBignet_i2_stride4h64_b16,64,2.269185314213022,19800,3_to_4,adj_rms_g,0.039680734276771545
L=64 i2_stride4h64_b16 (Phase-2),data/64Ising_T2.269_hsBignet_i2_stride4h64_b16,64,2.269185314213022,19800,4_to_5,adj_ks,0.054875
L=64 i2_stride4h64_b16 (Phase-2),data/64Ising_T2.269_hsBignet_i2_stride4h64_b16,64,2.269185314213022,19800,4_to_5,adj_w1,0.07645827536253227
L=64 i2_stride4h64_b16 (Phase-2),data/64Ising_T2.269_hsBignet_i2_stride4h64_b16,64,2.269185314213022,19800,4_to_5,adj_rms_g,nan
L=64 i2_stride4h64_b16 (Phase-2),data/64Ising_T2.269_hsBignet_i2_stride4h64_b16,64,2.269185314213022,19800,5_to_6,adj_ks,0.0235
L=64 i2_stride4h64_b16 (Phase-2),data/64Ising_T2.269_hsBignet_i2_stride4h64_b16,64,2.269185314213022,19800,5_to_6,adj_w1,0.01956208952952871
L=64 i2_stride4h64_b16 (Phase-2),data/64Ising_T2.269_hsBignet_i2_stride4h64_b16,64,2.269185314213022,19800,5_to_6,adj_rms_g,nan
