label,folder,L,T,epoch,variant,scale_pair_or_block,value
"T = 2.15  (low T, ordered)",data/32Ising_T2.15_hs_dataDriven,32,2.15,16500,v1_global,f_1->f_2,1.0968587398529053
"T = 2.15  (low T, ordered)",data/32Ising_T2.15_hs_dataDriven,32,2.15,16500,v1_perpos,f_1->f_2,0.9648552536964417
"T = 2.15  (low T, ordered)",data/32Ising_T2.15_hs_dataDriven,32,2.15,16500,v1_global,f_2->f_3,1.5990155935287476
"T = 2.15  (low T, ordered)",data/32Ising_T2.15_hs_dataDriven,32,2.15,16500,v1_perpos,f_2->f_3,1.7411506175994873
"T = 2.15  (low T, ordered)",data/32Ising_T2.15_hs_dataDriven,32,2.15,16500,v1_global,f_3->f_4,0.5161340236663818
"T = 2.15  (low T, ordered)",data/32Ising_T2.15_hs_dataDriven,32,2.15,16500,v1_perpos,f_3->f_4,0.5163550972938538
"T = 2.15  (low T, ordered)",data/32Ising_T2.15_hs_dataDriven,32,2.15,16500,v1_global,f_4->f_5,0.7834444046020508
"T = 2.15  (low T, ordered)",data/32Ising_T2.15_hs_dataDriven,32,2.15,16500,v1_perpos,f_4->f_5,0.7918562889099121
"T = 2.269 (T_c, hs_dataDriven)",data/32Ising_T2.269185314213022_hs_dataDriven,32,2.269185314213022,16000,v1_global,f_1->f_2,0.6397038102149963
"T = 2.269 (T_c, hs_dataDriven)",data/32Ising_T2.269185314213022_hs_dataDriven,32,2.269185314213022,16000,v1_perpos,f_1->f_2,0.882438063621521
"T = 2.269 (T_c, hs_dataDriven)",data/32Ising_T2.269185314213022_hs_dataDriven,32,2.269185314213022,16000,v1_global,f_2->f_3,1.0697431564331055
"T = 2.269 (T_c, hs_dataDriven)",data/32Ising_T2.269185314213022_hs_dataDriven,32,2.269185314213022,16000,v1_perpos,f_2->f_3,0.352191686630249
"T = 2.269 (T_c, hs_dataDriven)",data/32Ising_T2.269185314213022_hs_dataDriven,32,2.269185314213022,16000,v1_global,f_3->f_4,1.8517072200775146
"T = 2.269 (T_c, hs_dataDriven)",data/32Ising_T2.269185314213022_hs_dataDriven,32,2.269185314213022,16000,v1_perpos,f_3->f_4,1.918226718902588
"T = 2.269 (T_c, hs_dataDriven)",data/32Ising_T2.269185314213022_hs_dataDriven,32,2.269185314213022,16000,v1_global,f_4->f_5,1.9517933130264282
"T = 2.269 (T_c, hs_dataDriven)",data/32Ising_T2.269185314213022_hs_dataDriven,32,2.269185314213022,16000,v1_perpos,f_4->f_5,1.9161065816879272
"T = 2.269 (T_c, hs_bignet)",data/32Ising_T2.269_hs_bignet,32,2.269185314213022,9500,v1_global,f_1->f_2,2.6584672927856445
"T = 2.269 (T_c, hs_bignet)",data/32Ising_T2.269_hs_bignet,32,2.269185314213022,9500,v1_perpos,f_1->f_2,2.7285971641540527
"T = 2.269 (T_c, hs_bignet)",data/32Ising_T2.269_hs_bignet,32,2.269185314213022,9500,v1_global,f_2->f_3,1.8181970119476318
"T = 2.269 (T_c, hs_bignet)",data/32Ising_T2.269_hs_bignet,32,2.269185314213022,9500,v1_perpos,f_2->f_3,1.8640326261520386
"T = 2.269 (T_c, hs_bignet)",data/32Ising_T2.269_hs_bignet,32,2.269185314213022,9500,v1_global,f_3->f_4,0.6231493949890137
"T = 2.269 (T_c, hs_bignet)",data/32Ising_T2.269_hs_bignet,32,2.269185314213022,9500,v1_perpos,f_3->f_4,0.586553156375885
"T = 2.269 (T_c, hs_bignet)",data/32Ising_T2.269_hs_bignet,32,2.269185314213022,9500,v1_global,f_4->f_5,1.9844273328781128
"T = 2.269 (T_c, hs_bignet)",data/32Ising_T2.269_hs_bignet,32,2.269185314213022,9500,v1_perpos,f_4->f_5,1.9830864667892456
T_c sym_bignet (rev-KL),data/32Ising_T2.269_sym_bignet,32,2.269,5950,v1_global,f_1->f_2,1.5788296461105347
T_c sym_bignet (rev-KL),data/32Ising_T2.269_sym_bignet,32,2.269,5950,v1_perpos,f_1->f_2,1.5956388711929321
T_c sym_bignet (rev-KL),data/32Ising_T2.269_sym_bignet,32,2.269,5950,v1_global,f_2->f_3,0.3493989109992981
T_c sym_bignet (rev-KL),data/32Ising_T2.269_sym_bignet,32,2.269,5950,v1_perpos,f_2->f_3,0.3981400430202484
T_c sym_bignet (rev-KL),data/32Ising_T2.269_sym_bignet,32,2.269,5950,v1_global,f_3->f_4,0.02984558418393135
T_c sym_bignet (rev-KL),data/32Ising_T2.269_sym_bignet,32,2.269,5950,v1_perpos,f_3->f_4,0.01902819611132145
T_c sym_bignet (rev-KL),data/32Ising_T2.269_sym_bignet,32,2.269,5950,v1_global,f_4->f_5,0.01749383844435215
T_c sym_bignet (rev-KL),data/32Ising_T2.269_sym_bignet,32,2.269,5950,v1_perpos,f_4->f_5,3.4029988455586135e-05
T_c pathgrad_bignet_long_ext (STL),data/32Ising_T2.269_pathgrad_bignet_long_ext,32,2.269,4950,v1_global,f_1->f_2,1.648181676864624
T_c pathgrad_bignet_long_ext (STL),data/32Ising_T2.269_pathgrad_bignet_long_ext,32,2.269,4950,v1_perpos,f_1->f_2,1.6762703657150269
T_c pathgrad_bignet_long_ext (STL),data/32Ising_T2.269_pathgrad_bignet_long_ext,32,2.269,4950,v1_global,f_2->f_3,0.43656298518180847
T_c pathgrad_bignet_long_ext (STL),data/32Ising_T2.269_pathgrad_bignet_long_ext,32,2.269,4950,v1_perpos,f_2->f_3,0.4909537136554718
T_c pathgrad_bignet_long_ext (STL),data/32Ising_T2.269_pathgrad_bignet_long_ext,32,2.269,4950,v1_global,f_3->f_4,0.033327411860227585
T_c pathgrad_bignet_long_ext (STL),data/32Ising_T2.269_pathgrad_bignet_long_ext,32,2.269,4950,v1_perpos,f_3->f_4,0.017682572826743126
T_c pathgrad_bignet_long_ext (STL),data/32Ising_T2.269_pathgrad_bignet_long_ext,32,2.269,4950,v1_global,f_4->f_5,0.0187649205327034
T_c pathgrad_bignet_long_ext (STL),data/32Ising_T2.269_pathgrad_bignet_long_ext,32,2.269,4950,v1_perpos,f_4->f_5,5.790175055153668e-05
"T = 2.40  (high T, disorder)",data/32Ising_T2.4_hs_dataDriven,32,2.4,17000,v1_global,f_1->f_2,2.5042221546173096
"T = 2.40  (high T, disorder)",data/32Ising_T2.4_hs_dataDriven,32,2.4,17000,v1_perpos,f_1->f_2,2.4769680500030518
"T = 2.40  (high T, disorder)",data/32Ising_T2.4_hs_dataDriven,32,2.4,17000,v1_global,f_2->f_3,1.9495140314102173
"T = 2.40  (high T, disorder)",data/32Ising_T2.4_hs_dataDriven,32,2.4,17000,v1_perpos,f_2->f_3,1.955304741859436
"T = 2.40  (high T, disorder)",data/32Ising_T2.4_hs_dataDriven,32,2.4,17000,v1_global,f_3->f_4,0.3739893436431885
"T = 2.40  (high T, disorder)",data/32Ising_T2.4_hs_dataDriven,32,2.4,17000,v1_perpos,f_3->f_4,0.3435033857822418
"T = 2.40  (high T, disorder)",data/32Ising_T2.4_hs_dataDriven,32,2.4,17000,v1_global,f_4->f_5,0.1789286732673645
"T = 2.40  (high T, disorder)",data/32Ising_T2.4_hs_dataDriven,32,2.4,17000,v1_perpos,f_4->f_5,0.15379931032657623
L=32 baseline_b64,data/32Ising_T2.269_hsBignet_baseline_b64,32,2.269185314213022,19800,v1_global,f_1->f_2,2.203634262084961
L=32 baseline_b64,data/32Ising_T2.269_hsBignet_baseline_b64,32,2.269185314213022,19800,v1_perpos,f_1->f_2,2.3393137454986572
L=32 baseline_b64,data/32Ising_T2.269_hsBignet_baseline_b64,32,2.269185314213022,19800,v1_global,f_2->f_3,1.7385605573654175
L=32 baseline_b64,data/32Ising_T2.269_hsBignet_baseline_b64,32,2.269185314213022,19800,v1_perpos,f_2->f_3,1.8156355619430542
L=32 baseline_b64,data/32Ising_T2.269_hsBignet_baseline_b64,32,2.269185314213022,19800,v1_global,f_3->f_4,1.3437175750732422
L=32 baseline_b64,data/32Ising_T2.269_hsBignet_baseline_b64,32,2.269185314213022,19800,v1_perpos,f_3->f_4,1.3325382471084595
L=32 baseline_b64,data/32Ising_T2.269_hsBignet_baseline_b64,32,2.269185314213022,19800,v1_global,f_4->f_5,1.255006194114685
L=32 baseline_b64,data/32Ising_T2.269_hsBignet_baseline_b64,32,2.269185314213022,19800,v1_perpos,f_4->f_5,1.2397416830062866
L=32 iii1_lam1.0_b64 (+III.1),data/32Ising_T2.269_hsBignet_iii1_lam1.0_b64,32,2.269185314213022,19800,v1_global,f_1->f_2,2.5476720333099365
L=32 iii1_lam1.0_b64 (+III.1),data/32Ising_T2.269_hsBignet_iii1_lam1.0_b64,32,2.269185314213022,19800,v1_perpos,f_1->f_2,2.6155307292938232
L=32 iii1_lam1.0_b64 (+III.1),data/32Ising_T2.269_hsBignet_iii1_lam1.0_b64,32,2.269185314213022,19800,v1_global,f_2->f_3,0.1822742223739624
L=32 iii1_lam1.0_b64 (+III.1),data/32Ising_T2.269_hsBignet_iii1_lam1.0_b64,32,2.269185314213022,19800,v1_perpos,f_2->f_3,0.1810496747493744
L=32 iii1_lam1.0_b64 (+III.1),data/32Ising_T2.269_hsBignet_iii1_lam1.0_b64,32,2.269185314213022,19800,v1_global,f_3->f_4,0.39185959100723267
L=32 iii1_lam1.0_b64 (+III.1),data/32Ising_T2.269_hsBignet_iii1_lam1.0_b64,32,2.269185314213022,19800,v1_perpos,f_3->f_4,0.3598890006542206
L=32 iii1_lam1.0_b64 (+III.1),data/32Ising_T2.269_hsBignet_iii1_lam1.0_b64,32,2.269185314213022,19800,v1_global,f_4->f_5,0.10944446921348572
L=32 iii1_lam1.0_b64 (+III.1),data/32Ising_T2.269_hsBignet_iii1_lam1.0_b64,32,2.269185314213022,19800,v1_perpos,f_4->f_5,0.06171901896595955
L=32 i2_stride8h32_b64 (+I.2 cond),data/32Ising_T2.269_hsBignet_i2_stride8h32_b64,32,2.269185314213022,19800,v1_global,f_1->f_2,0.564030647277832
L=32 i2_stride8h32_b64 (+I.2 cond),data/32Ising_T2.269_hsBignet_i2_stride8h32_b64,32,2.269185314213022,19800,v1_perpos,f_1->f_2,0.5175271034240723
L=32 i2_stride8h32_b64 (+I.2 cond),data/32Ising_T2.269_hsBignet_i2_stride8h32_b64,32,2.269185314213022,19800,v1_global,f_2->f_3,0.6465729475021362
L=32 i2_stride8h32_b64 (+I.2 cond),data/32Ising_T2.269_hsBignet_i2_stride8h32_b64,32,2.269185314213022,19800,v1_perpos,f_2->f_3,0.6627015471458435
L=32 i2_stride8h32_b64 (+I.2 cond),data/32Ising_T2.269_hsBignet_i2_stride8h32_b64,32,2.269185314213022,19800,v1_global,f_3->f_4,1.572363257408142
L=32 i2_stride8h32_b64 (+I.2 cond),data/32Ising_T2.269_hsBignet_i2_stride8h32_b64,32,2.269185314213022,19800,v1_perpos,f_3->f_4,1.5665162801742554
L=32 i2_stride8h32_b64 (+I.2 cond),data/32Ising_T2.269_hsBignet_i2_stride8h32_b64,32,2.269185314213022,19800,v1_global,f_4->f_5,1.944293737411499
L=32 i2_stride8h32_b64 (+I.2 cond),data/32Ising_T2.269_hsBignet_i2_stride8h32_b64,32,2.269185314213022,19800,v1_perpos,f_4->f_5,1.9302195310592651
L=32 combined_lam1.0_b64 (I.2+III.1),data/32Ising_T2.269_hsBignet_combined_lam1.0_stride8h32_b64,32,2.269185314213022,19800,v1_global,f_1->f_2,0.34482067823410034
L=32 combined_lam1.0_b64 (I.2+III.1),data/32Ising_T2.269_hsBignet_combined_lam1.0_stride8h32_b64,32,2.269185314213022,19800,v1_perpos,f_1->f_2,0.3414120674133301
L=32 combined_lam1.0_b64 (I.2+III.1),data/32Ising_T2.269_hsBignet_combined_lam1.0_stride8h32_b64,32,2.269185314213022,19800,v1_global,f_2->f_3,0.2885493040084839
L=32 combined_lam1.0_b64 (I.2+III.1),data/32Ising_T2.269_hsBignet_combined_lam1.0_stride8h32_b64,32,2.269185314213022,19800,v1_perpos,f_2->f_3,0.20288698375225067
L=32 combined_lam1.0_b64 (I.2+III.1),data/32Ising_T2.269_hsBignet_combined_lam1.0_stride8h32_b64,32,2.269185314213022,19800,v1_global,f_3->f_4,0.40693092346191406
L=32 combined_lam1.0_b64 (I.2+III.1),data/32Ising_T2.269_hsBignet_combined_lam1.0_stride8h32_b64,32,2.269185314213022,19800,v1_perpos,f_3->f_4,0.3893797695636749
L=32 combined_lam1.0_b64 (I.2+III.1),data/32Ising_T2.269_hsBignet_combined_lam1.0_stride8h32_b64,32,2.269185314213022,19800,v1_global,f_4->f_5,0.09084834158420563
L=32 combined_lam1.0_b64 (I.2+III.1),data/32Ising_T2.269_hsBignet_combined_lam1.0_stride8h32_b64,32,2.269185314213022,19800,v1_perpos,f_4->f_5,0.05566318333148956
L=32 iii1_lam0.1_b64,data/32Ising_T2.269_hsBignet_iii1_lam0.1_b64,32,2.269185314213022,19800,v1_global,f_1->f_2,2.23787260055542
L=32 iii1_lam0.1_b64,data/32Ising_T2.269_hsBignet_iii1_lam0.1_b64,32,2.269185314213022,19800,v1_perpos,f_1->f_2,2.352956771850586
L=32 iii1_lam0.1_b64,data/32Ising_T2.269_hsBignet_iii1_lam0.1_b64,32,2.269185314213022,19800,v1_global,f_2->f_3,0.5737544894218445
L=32 iii1_lam0.1_b64,data/32Ising_T2.269_hsBignet_iii1_lam0.1_b64,32,2.269185314213022,19800,v1_perpos,f_2->f_3,0.5137796401977539
L=32 iii1_lam0.1_b64,data/32Ising_T2.269_hsBignet_iii1_lam0.1_b64,32,2.269185314213022,19800,v1_global,f_3->f_4,1.5144752264022827
L=32 iii1_lam0.1_b64,data/32Ising_T2.269_hsBignet_iii1_lam0.1_b64,32,2.269185314213022,19800,v1_perpos,f_3->f_4,1.5424185991287231
L=32 iii1_lam0.1_b64,data/32Ising_T2.269_hsBignet_iii1_lam0.1_b64,32,2.269185314213022,19800,v1_global,f_4->f_5,1.4360846281051636
L=32 iii1_lam0.1_b64,data/32Ising_T2.269_hsBignet_iii1_lam0.1_b64,32,2.269185314213022,19800,v1_perpos,f_4->f_5,1.407020092010498
L=32 iii1_lam10.0_b64,data/32Ising_T2.269_hsBignet_iii1_lam10.0_b64,32,2.269185314213022,19800,v1_global,f_1->f_2,2.346376657485962
L=32 iii1_lam10.0_b64,data/32Ising_T2.269_hsBignet_iii1_lam10.0_b64,32,2.269185314213022,19800,v1_perpos,f_1->f_2,2.2488746643066406
L=32 iii1_lam10.0_b64,data/32Ising_T2.269_hsBignet_iii1_lam10.0_b64,32,2.269185314213022,19800,v1_global,f_2->f_3,0.04077322036027908
L=32 iii1_lam10.0_b64,data/32Ising_T2.269_hsBignet_iii1_lam10.0_b64,32,2.269185314213022,19800,v1_perpos,f_2->f_3,0.0290764681994915
L=32 iii1_lam10.0_b64,data/32Ising_T2.269_hsBignet_iii1_lam10.0_b64,32,2.269185314213022,19800,v1_global,f_3->f_4,0.012373601086437702
L=32 iii1_lam10.0_b64,data/32Ising_T2.269_hsBignet_iii1_lam10.0_b64,32,2.269185314213022,19800,v1_perpos,f_3->f_4,0.006532729137688875
L=32 iii1_lam10.0_b64,data/32Ising_T2.269_hsBignet_iii1_lam10.0_b64,32,2.269185314213022,19800,v1_global,f_4->f_5,0.007192729972302914
L=32 iii1_lam10.0_b64,data/32Ising_T2.269_hsBignet_iii1_lam10.0_b64,32,2.269185314213022,19800,v1_perpos,f_4->f_5,5.692789528666253e-08
L=32 i2_stride4h32 (b128),data/32Ising_T2.269_hsBignet_i2_stride4h32,32,2.269185314213022,19800,v1_global,f_1->f_2,0.6534692645072937
L=32 i2_stride4h32 (b128),data/32Ising_T2.269_hsBignet_i2_stride4h32,32,2.269185314213022,19800,v1_perpos,f_1->f_2,0.6086757779121399
L=32 i2_stride4h32 (b128),data/32Ising_T2.269_hsBignet_i2_stride4h32,32,2.269185314213022,19800,v1_global,f_2->f_3,0.6720284819602966
L=32 i2_stride4h32 (b128),data/32Ising_T2.269_hsBignet_i2_stride4h32,32,2.269185314213022,19800,v1_perpos,f_2->f_3,0.7035961151123047
L=32 i2_stride4h32 (b128),data/32Ising_T2.269_hsBignet_i2_stride4h32,32,2.269185314213022,19800,v1_global,f_3->f_4,0.17528924345970154
L=32 i2_stride4h32 (b128),data/32Ising_T2.269_hsBignet_i2_stride4h32,32,2.269185314213022,19800,v1_perpos,f_3->f_4,0.09751102328300476
L=32 i2_stride4h32 (b128),data/32Ising_T2.269_hsBignet_i2_stride4h32,32,2.269185314213022,19800,v1_global,f_4->f_5,0.08345627784729004
L=32 i2_stride4h32 (b128),data/32Ising_T2.269_hsBignet_i2_stride4h32,32,2.269185314213022,19800,v1_perpos,f_4->f_5,0.03865625709295273
L=32 i2_stride16h32 (b128),data/32Ising_T2.269_hsBignet_i2_stride16h32,32,2.269185314213022,19800,v1_global,f_1->f_2,0.5285255908966064
L=32 i2_stride16h32 (b128),data/32Ising_T2.269_hsBignet_i2_stride16h32,32,2.269185314213022,19800,v1_perpos,f_1->f_2,0.4461762309074402
L=32 i2_stride16h32 (b128),data/32Ising_T2.269_hsBignet_i2_stride16h32,32,2.269185314213022,19800,v1_global,f_2->f_3,0.5880457758903503
L=32 i2_stride16h32 (b128),data/32Ising_T2.269_hsBignet_i2_stride16h32,32,2.269185314213022,19800,v1_perpos,f_2->f_3,0.5458365082740784
L=32 i2_stride16h32 (b128),data/32Ising_T2.269_hsBignet_i2_stride16h32,32,2.269185314213022,19800,v1_global,f_3->f_4,0.7083193063735962
L=32 i2_stride16h32 (b128),data/32Ising_T2.269_hsBignet_i2_stride16h32,32,2.269185314213022,19800,v1_perpos,f_3->f_4,0.6416923999786377
L=32 i2_stride16h32 (b128),data/32Ising_T2.269_hsBignet_i2_stride16h32,32,2.269185314213022,19800,v1_global,f_4->f_5,0.09937620908021927
L=32 i2_stride16h32 (b128),data/32Ising_T2.269_hsBignet_i2_stride16h32,32,2.269185314213022,19800,v1_perpos,f_4->f_5,0.05346204340457916
L=32 i1_df4.0 (Student-t b128),data/32Ising_T2.269_hsBignet_i1_df4.0,32,2.269185314213022,19800,v1_global,f_1->f_2,0.570957601070404
L=32 i1_df4.0 (Student-t b128),data/32Ising_T2.269_hsBignet_i1_df4.0,32,2.269185314213022,19800,v1_perpos,f_1->f_2,0.4853705167770386
L=32 i1_df4.0 (Student-t b128),data/32Ising_T2.269_hsBignet_i1_df4.0,32,2.269185314213022,19800,v1_global,f_2->f_3,0.2700687348842621
L=32 i1_df4.0 (Student-t b128),data/32Ising_T2.269_hsBignet_i1_df4.0,32,2.269185314213022,19800,v1_perpos,f_2->f_3,0.22666972875595093
L=32 i1_df4.0 (Student-t b128),data/32Ising_T2.269_hsBignet_i1_df4.0,32,2.269185314213022,19800,v1_global,f_3->f_4,1.1170165538787842
L=32 i1_df4.0 (Student-t b128),data/32Ising_T2.269_hsBignet_i1_df4.0,32,2.269185314213022,19800,v1_perpos,f_3->f_4,1.0999877452850342
L=32 i1_df4.0 (Student-t b128),data/32Ising_T2.269_hsBignet_i1_df4.0,32,2.269185314213022,19800,v1_global,f_4->f_5,1.1653246879577637
L=32 i1_df4.0 (Student-t b128),data/32Ising_T2.269_hsBignet_i1_df4.0,32,2.269185314213022,19800,v1_perpos,f_4->f_5,1.089800238609314
L=64 baseline_b16,data/64Ising_T2.269_hsBignet_baseline_b16,64,2.269185314213022,19800,v1_global,f_1->f_2,0.4362163543701172
L=64 baseline_b16,data/64Ising_T2.269_hsBignet_baseline_b16,64,2.269185314213022,19800,v1_perpos,f_1->f_2,0.41570770740509033
L=64 baseline_b16,data/64Ising_T2.269_hsBignet_baseline_b16,64,2.269185314213022,19800,v1_global,f_2->f_3,0.19034957885742188
L=64 baseline_b16,data/64Ising_T2.269_hsBignet_baseline_b16,64,2.269185314213022,19800,v1_perpos,f_2->f_3,0.13688190281391144
L=64 baseline_b16,data/64Ising_T2.269_hsBignet_baseline_b16,64,2.269185314213022,19800,v1_global,f_3->f_4,0.0980643555521965
L=64 baseline_b16,data/64Ising_T2.269_hsBignet_baseline_b16,64,2.269185314213022,19800,v1_perpos,f_3->f_4,0.05617848038673401
L=64 baseline_b16,data/64Ising_T2.269_hsBignet_baseline_b16,64,2.269185314213022,19800,v1_global,f_4->f_5,0.15315979719161987
L=64 baseline_b16,data/64Ising_T2.269_hsBignet_baseline_b16,64,2.269185314213022,19800,v1_perpos,f_4->f_5,0.1322707086801529
L=64 baseline_b16,data/64Ising_T2.269_hsBignet_baseline_b16,64,2.269185314213022,19800,v1_global,f_5->f_6,0.2342071235179901
L=64 baseline_b16,data/64Ising_T2.269_hsBignet_baseline_b16,64,2.269185314213022,19800,v1_perpos,f_5->f_6,0.1909528374671936
L=64 iii1_lam1.0_b16 (+III.1),data/64Ising_T2.269_hsBignet_iii1_lam1.0_b16,64,2.269185314213022,19800,v1_global,f_1->f_2,0.319965124130249
L=64 iii1_lam1.0_b16 (+III.1),data/64Ising_T2.269_hsBignet_iii1_lam1.0_b16,64,2.269185314213022,19800,v1_perpos,f_1->f_2,0.3284762501716614
L=64 iii1_lam1.0_b16 (+III.1),data/64Ising_T2.269_hsBignet_iii1_lam1.0_b16,64,2.269185314213022,19800,v1_global,f_2->f_3,0.1476830393075943
L=64 iii1_lam1.0_b16 (+III.1),data/64Ising_T2.269_hsBignet_iii1_lam1.0_b16,64,2.269185314213022,19800,v1_perpos,f_2->f_3,0.13028490543365479
L=64 iii1_lam1.0_b16 (+III.1),data/64Ising_T2.269_hsBignet_iii1_lam1.0_b16,64,2.269185314213022,19800,v1_global,f_3->f_4,0.14090625941753387
L=64 iii1_lam1.0_b16 (+III.1),data/64Ising_T2.269_hsBignet_iii1_lam1.0_b16,64,2.269185314213022,19800,v1_perpos,f_3->f_4,0.1338605284690857
L=64 iii1_lam1.0_b16 (+III.1),data/64Ising_T2.269_hsBignet_iii1_lam1.0_b16,64,2.269185314213022,19800,v1_global,f_4->f_5,0.39727944135665894
L=64 iii1_lam1.0_b16 (+III.1),data/64Ising_T2.269_hsBignet_iii1_lam1.0_b16,64,2.269185314213022,19800,v1_perpos,f_4->f_5,0.3870338499546051
L=64 iii1_lam1.0_b16 (+III.1),data/64Ising_T2.269_hsBignet_iii1_lam1.0_b16,64,2.269185314213022,19800,v1_global,f_5->f_6,0.038483407348394394
L=64 iii1_lam1.0_b16 (+III.1),data/64Ising_T2.269_hsBignet_iii1_lam1.0_b16,64,2.269185314213022,19800,v1_perpos,f_5->f_6,0.03805003687739372
L=64 i2_stride16h32_b16 (+I.2),data/64Ising_T2.269_hsBignet_i2_stride16h32_b16,64,2.269185314213022,19800,v1_global,f_1->f_2,2.5549418926239014
L=64 i2_stride16h32_b16 (+I.2),data/64Ising_T2.269_hsBignet_i2_stride16h32_b16,64,2.269185314213022,19800,v1_perpos,f_1->f_2,2.518129587173462
L=64 i2_stride16h32_b16 (+I.2),data/64Ising_T2.269_hsBignet_i2_stride16h32_b16,64,2.269185314213022,19800,v1_global,f_2->f_3,1.5070689916610718
L=64 i2_stride16h32_b16 (+I.2),data/64Ising_T2.269_hsBignet_i2_stride16h32_b16,64,2.269185314213022,19800,v1_perpos,f_2->f_3,1.477597713470459
L=64 i2_stride16h32_b16 (+I.2),data/64Ising_T2.269_hsBignet_i2_stride16h32_b16,64,2.269185314213022,19800,v1_global,f_3->f_4,1.5804046392440796
L=64 i2_stride16h32_b16 (+I.2),data/64Ising_T2.269_hsBignet_i2_stride16h32_b16,64,2.269185314213022,19800,v1_perpos,f_3->f_4,1.5161387920379639
L=64 i2_stride16h32_b16 (+I.2),data/64Ising_T2.269_hsBignet_i2_stride16h32_b16,64,2.269185314213022,19800,v1_global,f_4->f_5,0.3544808626174927
L=64 i2_stride16h32_b16 (+I.2),data/64Ising_T2.269_hsBignet_i2_stride16h32_b16,64,2.269185314213022,19800,v1_perpos,f_4->f_5,0.34108462929725647
L=64 i2_stride16h32_b16 (+I.2),data/64Ising_T2.269_hsBignet_i2_stride16h32_b16,64,2.269185314213022,19800,v1_global,f_5->f_6,0.07419516891241074
L=64 i2_stride16h32_b16 (+I.2),data/64Ising_T2.269_hsBignet_i2_stride16h32_b16,64,2.269185314213022,19800,v1_perpos,f_5->f_6,0.04983603581786156
L=64 i1_df4.0_b16 (Student-t),data/64Ising_T2.269_hsBignet_i1_df4.0_b16,64,2.269185314213022,19800,v1_global,f_1->f_2,0.9466446042060852
L=64 i1_df4.0_b16 (Student-t),data/64Ising_T2.269_hsBignet_i1_df4.0_b16,64,2.269185314213022,19800,v1_perpos,f_1->f_2,0.9177601337432861
L=64 i1_df4.0_b16 (Student-t),data/64Ising_T2.269_hsBignet_i1_df4.0_b16,64,2.269185314213022,19800,v1_global,f_2->f_3,0.906912088394165
L=64 i1_df4.0_b16 (Student-t),data/64Ising_T2.269_hsBignet_i1_df4.0_b16,64,2.269185314213022,19800,v1_perpos,f_2->f_3,0.8909769654273987
L=64 i1_df4.0_b16 (Student-t),data/64Ising_T2.269_hsBignet_i1_df4.0_b16,64,2.269185314213022,19800,v1_global,f_3->f_4,0.2286556214094162
L=64 i1_df4.0_b16 (Student-t),data/64Ising_T2.269_hsBignet_i1_df4.0_b16,64,2.269185314213022,19800,v1_perpos,f_3->f_4,0.22353973984718323
L=64 i1_df4.0_b16 (Student-t),data/64Ising_T2.269_hsBignet_i1_df4.0_b16,64,2.269185314213022,19800,v1_global,f_4->f_5,0.4436863362789154
L=64 i1_df4.0_b16 (Student-t),data/64Ising_T2.269_hsBignet_i1_df4.0_b16,64,2.269185314213022,19800,v1_perpos,f_4->f_5,0.5036152601242065
L=64 i1_df4.0_b16 (Student-t),data/64Ising_T2.269_hsBignet_i1_df4.0_b16,64,2.269185314213022,19800,v1_global,f_5->f_6,0.07592585682868958
L=64 i1_df4.0_b16 (Student-t),data/64Ising_T2.269_hsBignet_i1_df4.0_b16,64,2.269185314213022,19800,v1_perpos,f_5->f_6,0.037124164402484894
L=32 i2_stride4h32_b64 (Phase-2),data/32Ising_T2.269_hsBignet_i2_stride4h32_b64,32,2.269185314213022,19800,v1_global,f_1->f_2,0.6788405776023865
L=32 i2_stride4h32_b64 (Phase-2),data/32Ising_T2.269_hsBignet_i2_stride4h32_b64,32,2.269185314213022,19800,v1_perpos,f_1->f_2,0.6063855886459351
L=32 i2_stride4h32_b64 (Phase-2),data/32Ising_T2.269_hsBignet_i2_stride4h32_b64,32,2.269185314213022,19800,v1_global,f_2->f_3,0.5168606638908386
L=32 i2_stride4h32_b64 (Phase-2),data/32Ising_T2.269_hsBignet_i2_stride4h32_b64,32,2.269185314213022,19800,v1_perpos,f_2->f_3,0.5945373177528381
L=32 i2_stride4h32_b64 (Phase-2),data/32Ising_T2.269_hsBignet_i2_stride4h32_b64,32,2.269185314213022,19800,v1_global,f_3->f_4,0.0877821296453476
L=32 i2_stride4h32_b64 (Phase-2),data/32Ising_T2.269_hsBignet_i2_stride4h32_b64,32,2.269185314213022,19800,v1_perpos,f_3->f_4,0.07255889475345612
L=32 i2_stride4h32_b64 (Phase-2),data/32Ising_T2.269_hsBignet_i2_stride4h32_b64,32,2.269185314213022,19800,v1_global,f_4->f_5,0.0694204717874527
L=32 i2_stride4h32_b64 (Phase-2),data/32Ising_T2.269_hsBignet_i2_stride4h32_b64,32,2.269185314213022,19800,v1_perpos,f_4->f_5,0.032243601977825165
L=32 i2_stride8h64_b64 (Phase-2),data/32Ising_T2.269_hsBignet_i2_stride8h64_b64,32,2.269185314213022,19800,v1_global,f_1->f_2,2.4486122131347656
L=32 i2_stride8h64_b64 (Phase-2),data/32Ising_T2.269_hsBignet_i2_stride8h64_b64,32,2.269185314213022,19800,v1_perpos,f_1->f_2,2.4559974670410156
L=32 i2_stride8h64_b64 (Phase-2),data/32Ising_T2.269_hsBignet_i2_stride8h64_b64,32,2.269185314213022,19800,v1_global,f_2->f_3,0.19198764860630035
L=32 i2_stride8h64_b64 (Phase-2),data/32Ising_T2.269_hsBignet_i2_stride8h64_b64,32,2.269185314213022,19800,v1_perpos,f_2->f_3,0.14187531173229218
L=32 i2_stride8h64_b64 (Phase-2),data/32Ising_T2.269_hsBignet_i2_stride8h64_b64,32,2.269185314213022,19800,v1_global,f_3->f_4,0.6538867950439453
L=32 i2_stride8h64_b64 (Phase-2),data/32Ising_T2.269_hsBignet_i2_stride8h64_b64,32,2.269185314213022,19800,v1_perpos,f_3->f_4,0.6263971924781799
L=32 i2_stride8h64_b64 (Phase-2),data/32Ising_T2.269_hsBignet_i2_stride8h64_b64,32,2.269185314213022,19800,v1_global,f_4->f_5,0.12315724790096283
L=32 i2_stride8h64_b64 (Phase-2),data/32Ising_T2.269_hsBignet_i2_stride8h64_b64,32,2.269185314213022,19800,v1_perpos,f_4->f_5,0.059640929102897644
L=64 i2_stride8h32_b16 (Phase-2),data/64Ising_T2.269_hsBignet_i2_stride8h32_b16,64,2.269185314213022,19800,v1_global,f_1->f_2,1.1583482027053833
L=64 i2_stride8h32_b16 (Phase-2),data/64Ising_T2.269_hsBignet_i2_stride8h32_b16,64,2.269185314213022,19800,v1_perpos,f_1->f_2,1.1433093547821045
L=64 i2_stride8h32_b16 (Phase-2),data/64Ising_T2.269_hsBignet_i2_stride8h32_b16,64,2.269185314213022,19800,v1_global,f_2->f_3,0.7851240634918213
L=64 i2_stride8h32_b16 (Phase-2),data/64Ising_T2.269_hsBignet_i2_stride8h32_b16,64,2.269185314213022,19800,v1_perpos,f_2->f_3,0.821290910243988
L=64 i2_stride8h32_b16 (Phase-2),data/64Ising_T2.269_hsBignet_i2_stride8h32_b16,64,2.269185314213022,19800,v1_global,f_3->f_4,0.421892911195755
L=64 i2_stride8h32_b16 (Phase-2),data/64Ising_T2.269_hsBignet_i2_stride8h32_b16,64,2.269185314213022,19800,v1_perpos,f_3->f_4,0.33732637763023376
L=64 i2_stride8h32_b16 (Phase-2),data/64Ising_T2.269_hsBignet_i2_stride8h32_b16,64,2.269185314213022,19800,v1_global,f_4->f_5,0.38856419920921326
L=64 i2_stride8h32_b16 (Phase-2),data/64Ising_T2.269_hsBignet_i2_stride8h32_b16,64,2.269185314213022,19800,v1_perpos,f_4->f_5,0.43152037262916565
L=64 i2_stride8h32_b16 (Phase-2),data/64Ising_T2.269_hsBignet_i2_stride8h32_b16,64,2.269185314213022,19800,v1_global,f_5->f_6,0.06515420228242874
L=64 i2_stride8h32_b16 (Phase-2),data/64Ising_T2.269_hsBignet_i2_stride8h32_b16,64,2.269185314213022,19800,v1_perpos,f_5->f_6,0.04004858061671257
L=64 i2_stride4h32_b16 (Phase-2),data/64Ising_T2.269_hsBignet_i2_stride4h32_b16,64,2.269185314213022,19800,v1_global,f_1->f_2,2.1002283096313477
L=64 i2_stride4h32_b16 (Phase-2),data/64Ising_T2.269_hsBignet_i2_stride4h32_b16,64,2.269185314213022,19800,v1_perpos,f_1->f_2,2.1224100589752197
L=64 i2_stride4h32_b16 (Phase-2),data/64Ising_T2.269_hsBignet_i2_stride4h32_b16,64,2.269185314213022,19800,v1_global,f_2->f_3,2.0322654247283936
L=64 i2_stride4h32_b16 (Phase-2),data/64Ising_T2.269_hsBignet_i2_stride4h32_b16,64,2.269185314213022,19800,v1_perpos,f_2->f_3,2.0157549381256104
L=64 i2_stride4h32_b16 (Phase-2),data/64Ising_T2.269_hsBignet_i2_stride4h32_b16,64,2.269185314213022,19800,v1_global,f_3->f_4,1.7899961471557617
L=64 i2_stride4h32_b16 (Phase-2),data/64Ising_T2.269_hsBignet_i2_stride4h32_b16,64,2.269185314213022,19800,v1_perpos,f_3->f_4,1.6571033000946045
L=64 i2_stride4h32_b16 (Phase-2),data/64Ising_T2.269_hsBignet_i2_stride4h32_b16,64,2.269185314213022,19800,v1_global,f_4->f_5,0.3274189531803131
L=64 i2_stride4h32_b16 (Phase-2),data/64Ising_T2.269_hsBignet_i2_stride4h32_b16,64,2.269185314213022,19800,v1_perpos,f_4->f_5,0.36181941628456116
L=64 i2_stride4h32_b16 (Phase-2),data/64Ising_T2.269_hsBignet_i2_stride4h32_b16,64,2.269185314213022,19800,v1_global,f_5->f_6,0.08403132110834122
L=64 i2_stride4h32_b16 (Phase-2),data/64Ising_T2.269_hsBignet_i2_stride4h32_b16,64,2.269185314213022,19800,v1_perpos,f_5->f_6,0.06625191867351532
L=64 i2_stride8h64_b16 (Phase-2),data/64Ising_T2.269_hsBignet_i2_stride8h64_b16,64,2.269185314213022,19800,v1_global,f_1->f_2,2.3972697257995605
L=64 i2_stride8h64_b16 (Phase-2),data/64Ising_T2.269_hsBignet_i2_stride8h64_b16,64,2.269185314213022,19800,v1_perpos,f_1->f_2,2.544698715209961
L=64 i2_stride8h64_b16 (Phase-2),data/64Ising_T2.269_hsBignet_i2_stride8h64_b16,64,2.269185314213022,19800,v1_global,f_2->f_3,1.9205230474472046
L=64 i2_stride8h64_b16 (Phase-2),data/64Ising_T2.269_hsBignet_i2_stride8h64_b16,64,2.269185314213022,19800,v1_perpos,f_2->f_3,1.9285751581192017
L=64 i2_stride8h64_b16 (Phase-2),data/64Ising_T2.269_hsBignet_i2_stride8h64_b16,64,2.269185314213022,19800,v1_global,f_3->f_4,1.781171441078186
L=64 i2_stride8h64_b16 (Phase-2),data/64Ising_T2.269_hsBignet_i2_stride8h64_b16,64,2.269185314213022,19800,v1_perpos,f_3->f_4,1.875830054283142
L=64 i2_stride8h64_b16 (Phase-2),data/64Ising_T2.269_hsBignet_i2_stride8h64_b16,64,2.269185314213022,19800,v1_global,f_4->f_5,0.2361203134059906
L=64 i2_stride8h64_b16 (Phase-2),data/64Ising_T2.269_hsBignet_i2_stride8h64_b16,64,2.269185314213022,19800,v1_perpos,f_4->f_5,0.23845161497592926
L=64 i2_stride8h64_b16 (Phase-2),data/64Ising_T2.269_hsBignet_i2_stride8h64_b16,64,2.269185314213022,19800,v1_global,f_5->f_6,0.06054683402180672
L=64 i2_stride8h64_b16 (Phase-2),data/64Ising_T2.269_hsBignet_i2_stride8h64_b16,64,2.269185314213022,19800,v1_perpos,f_5->f_6,0.03763294219970703
L=64 i2_stride4h64_b16 (Phase-2),data/64Ising_T2.269_hsBignet_i2_stride4h64_b16,64,2.269185314213022,19800,v1_global,f_1->f_2,1.240725040435791
L=64 i2_stride4h64_b16 (Phase-2),data/64Ising_T2.269_hsBignet_i2_stride4h64_b16,64,2.269185314213022,19800,v1_perpos,f_1->f_2,1.2205921411514282
L=64 i2_stride4h64_b16 (Phase-2),data/64Ising_T2.269_hsBignet_i2_stride4h64_b16,64,2.269185314213022,19800,v1_global,f_2->f_3,0.40693509578704834
L=64 i2_stride4h64_b16 (Phase-2),data/64Ising_T2.269_hsBignet_i2_stride4h64_b16,64,2.269185314213022,19800,v1_perpos,f_2->f_3,0.35979047417640686
L=64 i2_stride4h64_b16 (Phase-2),data/64Ising_T2.269_hsBignet_i2_stride4h64_b16,64,2.269185314213022,19800,v1_global,f_3->f_4,0.07671516388654709
L=64 i2_stride4h64_b16 (Phase-2),data/64Ising_T2.269_hsBignet_i2_stride4h64_b16,64,2.269185314213022,19800,v1_perpos,f_3->f_4,0.07276348769664764
L=64 i2_stride4h64_b16 (Phase-2),data/64Ising_T2.269_hsBignet_i2_stride4h64_b16,64,2.269185314213022,19800,v1_global,f_4->f_5,0.1330617070198059
L=64 i2_stride4h64_b16 (Phase-2),data/64Ising_T2.269_hsBignet_i2_stride4h64_b16,64,2.269185314213022,19800,v1_perpos,f_4->f_5,0.10455901175737381
L=64 i2_stride4h64_b16 (Phase-2),data/64Ising_T2.269_hsBignet_i2_stride4h64_b16,64,2.269185314213022,19800,v1_global,f_5->f_6,0.04177500680088997
L=64 i2_stride4h64_b16 (Phase-2),data/64Ising_T2.269_hsBignet_i2_stride4h64_b16,64,2.269185314213022,19800,v1_perpos,f_5->f_6,0.027921106666326523
L=32 i2_stride8h32_nr2_b64 (P2.x D32),data/32Ising_T2.269_hsBignet_i2_stride8h32_nr2_b64,32,2.269185314213022,16800,v1_global,f_1->f_2,2.5462706089019775
L=32 i2_stride8h32_nr2_b64 (P2.x D32),data/32Ising_T2.269_hsBignet_i2_stride8h32_nr2_b64,32,2.269185314213022,16800,v1_perpos,f_1->f_2,2.3251330852508545
L=32 i2_stride8h32_nr2_b64 (P2.x D32),data/32Ising_T2.269_hsBignet_i2_stride8h32_nr2_b64,32,2.269185314213022,16800,v1_global,f_2->f_3,0.42282724380493164
L=32 i2_stride8h32_nr2_b64 (P2.x D32),data/32Ising_T2.269_hsBignet_i2_stride8h32_nr2_b64,32,2.269185314213022,16800,v1_perpos,f_2->f_3,0.10565058887004852
L=32 i2_stride8h32_nr2_b64 (P2.x D32),data/32Ising_T2.269_hsBignet_i2_stride8h32_nr2_b64,32,2.269185314213022,16800,v1_global,f_3->f_4,0.18898628652095795
L=32 i2_stride8h32_nr2_b64 (P2.x D32),data/32Ising_T2.269_hsBignet_i2_stride8h32_nr2_b64,32,2.269185314213022,16800,v1_perpos,f_3->f_4,0.15796422958374023
L=32 i2_stride8h32_nr2_b64 (P2.x D32),data/32Ising_T2.269_hsBignet_i2_stride8h32_nr2_b64,32,2.269185314213022,16800,v1_global,f_4->f_5,0.12343402206897736
L=32 i2_stride8h32_nr2_b64 (P2.x D32),data/32Ising_T2.269_hsBignet_i2_stride8h32_nr2_b64,32,2.269185314213022,16800,v1_perpos,f_4->f_5,0.038351044058799744
L=64 baseline_nr2_b16 (P2.x C64),data/64Ising_T2.269_hsBignet_baseline_nr2_b16,64,2.269185314213022,19800,v1_global,f_1->f_2,2.3674657344818115
L=64 baseline_nr2_b16 (P2.x C64),data/64Ising_T2.269_hsBignet_baseline_nr2_b16,64,2.269185314213022,19800,v1_perpos,f_1->f_2,1.730480432510376
L=64 baseline_nr2_b16 (P2.x C64),data/64Ising_T2.269_hsBignet_baseline_nr2_b16,64,2.269185314213022,19800,v1_global,f_2->f_3,2.1777381896972656
L=64 baseline_nr2_b16 (P2.x C64),data/64Ising_T2.269_hsBignet_baseline_nr2_b16,64,2.269185314213022,19800,v1_perpos,f_2->f_3,1.1603596210479736
L=64 baseline_nr2_b16 (P2.x C64),data/64Ising_T2.269_hsBignet_baseline_nr2_b16,64,2.269185314213022,19800,v1_global,f_3->f_4,1.3549398183822632
L=64 baseline_nr2_b16 (P2.x C64),data/64Ising_T2.269_hsBignet_baseline_nr2_b16,64,2.269185314213022,19800,v1_perpos,f_3->f_4,1.4639527797698975
L=64 baseline_nr2_b16 (P2.x C64),data/64Ising_T2.269_hsBignet_baseline_nr2_b16,64,2.269185314213022,19800,v1_global,f_4->f_5,0.2845436930656433
L=64 baseline_nr2_b16 (P2.x C64),data/64Ising_T2.269_hsBignet_baseline_nr2_b16,64,2.269185314213022,19800,v1_perpos,f_4->f_5,0.3379310667514801
L=64 baseline_nr2_b16 (P2.x C64),data/64Ising_T2.269_hsBignet_baseline_nr2_b16,64,2.269185314213022,19800,v1_global,f_5->f_6,0.11293429136276245
L=64 baseline_nr2_b16 (P2.x C64),data/64Ising_T2.269_hsBignet_baseline_nr2_b16,64,2.269185314213022,19800,v1_perpos,f_5->f_6,0.0052759889513254166
L=64 i2_stride8h32_nr2_b16 (P2.x D64 ★),data/64Ising_T2.269_hsBignet_i2_stride8h32_nr2_b16,64,2.269185314213022,19800,v1_global,f_1->f_2,2.8395273685455322
L=64 i2_stride8h32_nr2_b16 (P2.x D64 ★),data/64Ising_T2.269_hsBignet_i2_stride8h32_nr2_b16,64,2.269185314213022,19800,v1_perpos,f_1->f_2,3.1628823280334473
L=64 i2_stride8h32_nr2_b16 (P2.x D64 ★),data/64Ising_T2.269_hsBignet_i2_stride8h32_nr2_b16,64,2.269185314213022,19800,v1_global,f_2->f_3,1.8466750383377075
L=64 i2_stride8h32_nr2_b16 (P2.x D64 ★),data/64Ising_T2.269_hsBignet_i2_stride8h32_nr2_b16,64,2.269185314213022,19800,v1_perpos,f_2->f_3,1.6728118658065796
L=64 i2_stride8h32_nr2_b16 (P2.x D64 ★),data/64Ising_T2.269_hsBignet_i2_stride8h32_nr2_b16,64,2.269185314213022,19800,v1_global,f_3->f_4,0.2877103388309479
L=64 i2_stride8h32_nr2_b16 (P2.x D64 ★),data/64Ising_T2.269_hsBignet_i2_stride8h32_nr2_b16,64,2.269185314213022,19800,v1_perpos,f_3->f_4,0.12007680535316467
L=64 i2_stride8h32_nr2_b16 (P2.x D64 ★),data/64Ising_T2.269_hsBignet_i2_stride8h32_nr2_b16,64,2.269185314213022,19800,v1_global,f_4->f_5,0.04194163158535957
L=64 i2_stride8h32_nr2_b16 (P2.x D64 ★),data/64Ising_T2.269_hsBignet_i2_stride8h32_nr2_b16,64,2.269185314213022,19800,v1_perpos,f_4->f_5,0.041619330644607544
L=64 i2_stride8h32_nr2_b16 (P2.x D64 ★),data/64Ising_T2.269_hsBignet_i2_stride8h32_nr2_b16,64,2.269185314213022,19800,v1_global,f_5->f_6,0.0016679948894307017
L=64 i2_stride8h32_nr2_b16 (P2.x D64 ★),data/64Ising_T2.269_hsBignet_i2_stride8h32_nr2_b16,64,2.269185314213022,19800,v1_perpos,f_5->f_6,5.818353340358157e-14
L=64 fixdil+VP-1e-3 nr=1 (champion ★),data/64Ising_T2.269_hsBignet_hcg_perscale_fixdil_vp1e-3_nr1_b16,64,2.269185314213022,14500,v1_global,f_1->f_2,1.6596450805664062
L=64 fixdil+VP-1e-3 nr=1 (champion ★),data/64Ising_T2.269_hsBignet_hcg_perscale_fixdil_vp1e-3_nr1_b16,64,2.269185314213022,14500,v1_perpos,f_1->f_2,1.6519711017608643
L=64 fixdil+VP-1e-3 nr=1 (champion ★),data/64Ising_T2.269_hsBignet_hcg_perscale_fixdil_vp1e-3_nr1_b16,64,2.269185314213022,14500,v1_global,f_2->f_3,0.14192183315753937
L=64 fixdil+VP-1e-3 nr=1 (champion ★),data/64Ising_T2.269_hsBignet_hcg_perscale_fixdil_vp1e-3_nr1_b16,64,2.269185314213022,14500,v1_perpos,f_2->f_3,0.0888996571302414
L=64 fixdil+VP-1e-3 nr=1 (champion ★),data/64Ising_T2.269_hsBignet_hcg_perscale_fixdil_vp1e-3_nr1_b16,64,2.269185314213022,14500,v1_global,f_3->f_4,0.010578840970993042
L=64 fixdil+VP-1e-3 nr=1 (champion ★),data/64Ising_T2.269_hsBignet_hcg_perscale_fixdil_vp1e-3_nr1_b16,64,2.269185314213022,14500,v1_perpos,f_3->f_4,0.006941867992281914
L=64 fixdil+VP-1e-3 nr=1 (champion ★),data/64Ising_T2.269_hsBignet_hcg_perscale_fixdil_vp1e-3_nr1_b16,64,2.269185314213022,14500,v1_global,f_4->f_5,0.06354440003633499
L=64 fixdil+VP-1e-3 nr=1 (champion ★),data/64Ising_T2.269_hsBignet_hcg_perscale_fixdil_vp1e-3_nr1_b16,64,2.269185314213022,14500,v1_perpos,f_4->f_5,0.0030124089680612087
L=64 fixdil+VP-1e-3 nr=1 (champion ★),data/64Ising_T2.269_hsBignet_hcg_perscale_fixdil_vp1e-3_nr1_b16,64,2.269185314213022,14500,v1_global,f_5->f_6,0.04750542342662811
L=64 fixdil+VP-1e-3 nr=1 (champion ★),data/64Ising_T2.269_hsBignet_hcg_perscale_fixdil_vp1e-3_nr1_b16,64,2.269185314213022,14500,v1_perpos,f_5->f_6,0.0028846634086221457
"T = 2.15  (low T, ordered)",data/32Ising_T2.15_hs_dataDriven,32,2.15,16500,v2_chain,f_1->f_2,0.7497854232788086
"T = 2.15  (low T, ordered)",data/32Ising_T2.15_hs_dataDriven,32,2.15,16500,v2_chain,f_2->f_3,0.546021044254303
"T = 2.15  (low T, ordered)",data/32Ising_T2.15_hs_dataDriven,32,2.15,16500,v2_chain,f_3->f_4,1.310133695602417
"T = 2.15  (low T, ordered)",data/32Ising_T2.15_hs_dataDriven,32,2.15,16500,v2_chain,f_4->f_5,0.7507267594337463
"T = 2.269 (T_c, hs_dataDriven)",data/32Ising_T2.269185314213022_hs_dataDriven,32,2.269185314213022,16000,v2_chain,f_1->f_2,0.620354175567627
"T = 2.269 (T_c, hs_dataDriven)",data/32Ising_T2.269185314213022_hs_dataDriven,32,2.269185314213022,16000,v2_chain,f_2->f_3,0.6606189012527466
"T = 2.269 (T_c, hs_dataDriven)",data/32Ising_T2.269185314213022_hs_dataDriven,32,2.269185314213022,16000,v2_chain,f_3->f_4,0.3451431095600128
"T = 2.269 (T_c, hs_dataDriven)",data/32Ising_T2.269185314213022_hs_dataDriven,32,2.269185314213022,16000,v2_chain,f_4->f_5,1.9395592212677002
"T = 2.269 (T_c, hs_bignet)",data/32Ising_T2.269_hs_bignet,32,2.269185314213022,9500,v2_chain,f_1->f_2,2.072535514831543
"T = 2.269 (T_c, hs_bignet)",data/32Ising_T2.269_hs_bignet,32,2.269185314213022,9500,v2_chain,f_2->f_3,0.824191689491272
"T = 2.269 (T_c, hs_bignet)",data/32Ising_T2.269_hs_bignet,32,2.269185314213022,9500,v2_chain,f_3->f_4,1.6542112827301025
"T = 2.269 (T_c, hs_bignet)",data/32Ising_T2.269_hs_bignet,32,2.269185314213022,9500,v2_chain,f_4->f_5,1.943589687347412
T_c sym_bignet (rev-KL),data/32Ising_T2.269_sym_bignet,32,2.269,5950,v2_chain,f_1->f_2,1.4046504497528076
T_c sym_bignet (rev-KL),data/32Ising_T2.269_sym_bignet,32,2.269,5950,v2_chain,f_2->f_3,0.37649106979370117
T_c sym_bignet (rev-KL),data/32Ising_T2.269_sym_bignet,32,2.269,5950,v2_chain,f_3->f_4,0.018518023192882538
T_c sym_bignet (rev-KL),data/32Ising_T2.269_sym_bignet,32,2.269,5950,v2_chain,f_4->f_5,3.379379995749332e-05
T_c pathgrad_bignet_long_ext (STL),data/32Ising_T2.269_pathgrad_bignet_long_ext,32,2.269,4950,v2_chain,f_1->f_2,1.4826143980026245
T_c pathgrad_bignet_long_ext (STL),data/32Ising_T2.269_pathgrad_bignet_long_ext,32,2.269,4950,v2_chain,f_2->f_3,0.43994140625
T_c pathgrad_bignet_long_ext (STL),data/32Ising_T2.269_pathgrad_bignet_long_ext,32,2.269,4950,v2_chain,f_3->f_4,0.018016168847680092
T_c pathgrad_bignet_long_ext (STL),data/32Ising_T2.269_pathgrad_bignet_long_ext,32,2.269,4950,v2_chain,f_4->f_5,5.838842844241299e-05
"T = 2.40  (high T, disorder)",data/32Ising_T2.4_hs_dataDriven,32,2.4,17000,v2_chain,f_1->f_2,0.5752922296524048
"T = 2.40  (high T, disorder)",data/32Ising_T2.4_hs_dataDriven,32,2.4,17000,v2_chain,f_2->f_3,1.9540523290634155
"T = 2.40  (high T, disorder)",data/32Ising_T2.4_hs_dataDriven,32,2.4,17000,v2_chain,f_3->f_4,0.58553147315979
"T = 2.40  (high T, disorder)",data/32Ising_T2.4_hs_dataDriven,32,2.4,17000,v2_chain,f_4->f_5,0.13942350447177887
L=32 baseline_b64,data/32Ising_T2.269_hsBignet_baseline_b64,32,2.269185314213022,19800,v2_chain,f_1->f_2,2.274041175842285
L=32 baseline_b64,data/32Ising_T2.269_hsBignet_baseline_b64,32,2.269185314213022,19800,v2_chain,f_2->f_3,0.7206200957298279
L=32 baseline_b64,data/32Ising_T2.269_hsBignet_baseline_b64,32,2.269185314213022,19800,v2_chain,f_3->f_4,1.2875393629074097
L=32 baseline_b64,data/32Ising_T2.269_hsBignet_baseline_b64,32,2.269185314213022,19800,v2_chain,f_4->f_5,1.0519859790802002
L=32 iii1_lam1.0_b64 (+III.1),data/32Ising_T2.269_hsBignet_iii1_lam1.0_b64,32,2.269185314213022,19800,v2_chain,f_1->f_2,2.4150736331939697
L=32 iii1_lam1.0_b64 (+III.1),data/32Ising_T2.269_hsBignet_iii1_lam1.0_b64,32,2.269185314213022,19800,v2_chain,f_2->f_3,0.4918436110019684
L=32 iii1_lam1.0_b64 (+III.1),data/32Ising_T2.269_hsBignet_iii1_lam1.0_b64,32,2.269185314213022,19800,v2_chain,f_3->f_4,0.24529080092906952
L=32 iii1_lam1.0_b64 (+III.1),data/32Ising_T2.269_hsBignet_iii1_lam1.0_b64,32,2.269185314213022,19800,v2_chain,f_4->f_5,0.07191984355449677
L=32 i2_stride8h32_b64 (+I.2 cond),data/32Ising_T2.269_hsBignet_i2_stride8h32_b64,32,2.269185314213022,19800,v2_chain,f_1->f_2,0.5343414545059204
L=32 i2_stride8h32_b64 (+I.2 cond),data/32Ising_T2.269_hsBignet_i2_stride8h32_b64,32,2.269185314213022,19800,v2_chain,f_2->f_3,0.6062862277030945
L=32 i2_stride8h32_b64 (+I.2 cond),data/32Ising_T2.269_hsBignet_i2_stride8h32_b64,32,2.269185314213022,19800,v2_chain,f_3->f_4,0.6310080289840698
L=32 i2_stride8h32_b64 (+I.2 cond),data/32Ising_T2.269_hsBignet_i2_stride8h32_b64,32,2.269185314213022,19800,v2_chain,f_4->f_5,1.6790410280227661
L=32 combined_lam1.0_b64 (I.2+III.1),data/32Ising_T2.269_hsBignet_combined_lam1.0_stride8h32_b64,32,2.269185314213022,19800,v2_chain,f_1->f_2,0.5416748523712158
L=32 combined_lam1.0_b64 (I.2+III.1),data/32Ising_T2.269_hsBignet_combined_lam1.0_stride8h32_b64,32,2.269185314213022,19800,v2_chain,f_2->f_3,0.3361476957798004
L=32 combined_lam1.0_b64 (I.2+III.1),data/32Ising_T2.269_hsBignet_combined_lam1.0_stride8h32_b64,32,2.269185314213022,19800,v2_chain,f_3->f_4,0.22964920103549957
L=32 combined_lam1.0_b64 (I.2+III.1),data/32Ising_T2.269_hsBignet_combined_lam1.0_stride8h32_b64,32,2.269185314213022,19800,v2_chain,f_4->f_5,0.05314590409398079
L=32 iii1_lam0.1_b64,data/32Ising_T2.269_hsBignet_iii1_lam0.1_b64,32,2.269185314213022,19800,v2_chain,f_1->f_2,1.9711586236953735
L=32 iii1_lam0.1_b64,data/32Ising_T2.269_hsBignet_iii1_lam0.1_b64,32,2.269185314213022,19800,v2_chain,f_2->f_3,0.9282824397087097
L=32 iii1_lam0.1_b64,data/32Ising_T2.269_hsBignet_iii1_lam0.1_b64,32,2.269185314213022,19800,v2_chain,f_3->f_4,0.5173291563987732
L=32 iii1_lam0.1_b64,data/32Ising_T2.269_hsBignet_iii1_lam0.1_b64,32,2.269185314213022,19800,v2_chain,f_4->f_5,1.3847123384475708
L=32 iii1_lam10.0_b64,data/32Ising_T2.269_hsBignet_iii1_lam10.0_b64,32,2.269185314213022,19800,v2_chain,f_1->f_2,2.1657490730285645
L=32 iii1_lam10.0_b64,data/32Ising_T2.269_hsBignet_iii1_lam10.0_b64,32,2.269185314213022,19800,v2_chain,f_2->f_3,0.04527972266077995
L=32 iii1_lam10.0_b64,data/32Ising_T2.269_hsBignet_iii1_lam10.0_b64,32,2.269185314213022,19800,v2_chain,f_3->f_4,0.006521436385810375
L=32 iii1_lam10.0_b64,data/32Ising_T2.269_hsBignet_iii1_lam10.0_b64,32,2.269185314213022,19800,v2_chain,f_4->f_5,5.760024635037553e-08
L=32 i2_stride4h32 (b128),data/32Ising_T2.269_hsBignet_i2_stride4h32,32,2.269185314213022,19800,v2_chain,f_1->f_2,0.7145405411720276
L=32 i2_stride4h32 (b128),data/32Ising_T2.269_hsBignet_i2_stride4h32,32,2.269185314213022,19800,v2_chain,f_2->f_3,0.5572443008422852
L=32 i2_stride4h32 (b128),data/32Ising_T2.269_hsBignet_i2_stride4h32,32,2.269185314213022,19800,v2_chain,f_3->f_4,0.06468107551336288
L=32 i2_stride4h32 (b128),data/32Ising_T2.269_hsBignet_i2_stride4h32,32,2.269185314213022,19800,v2_chain,f_4->f_5,0.01773342303931713
L=32 i2_stride16h32 (b128),data/32Ising_T2.269_hsBignet_i2_stride16h32,32,2.269185314213022,19800,v2_chain,f_1->f_2,0.5064193606376648
L=32 i2_stride16h32 (b128),data/32Ising_T2.269_hsBignet_i2_stride16h32,32,2.269185314213022,19800,v2_chain,f_2->f_3,0.7688961625099182
L=32 i2_stride16h32 (b128),data/32Ising_T2.269_hsBignet_i2_stride16h32,32,2.269185314213022,19800,v2_chain,f_3->f_4,0.33287835121154785
L=32 i2_stride16h32 (b128),data/32Ising_T2.269_hsBignet_i2_stride16h32,32,2.269185314213022,19800,v2_chain,f_4->f_5,0.03488500416278839
L=32 i1_df4.0 (Student-t b128),data/32Ising_T2.269_hsBignet_i1_df4.0,32,2.269185314213022,19800,v2_chain,f_1->f_2,1.0076831579208374
L=32 i1_df4.0 (Student-t b128),data/32Ising_T2.269_hsBignet_i1_df4.0,32,2.269185314213022,19800,v2_chain,f_2->f_3,0.5446224212646484
L=32 i1_df4.0 (Student-t b128),data/32Ising_T2.269_hsBignet_i1_df4.0,32,2.269185314213022,19800,v2_chain,f_3->f_4,0.35759302973747253
L=32 i1_df4.0 (Student-t b128),data/32Ising_T2.269_hsBignet_i1_df4.0,32,2.269185314213022,19800,v2_chain,f_4->f_5,1.66997230052948
L=64 baseline_b16,data/64Ising_T2.269_hsBignet_baseline_b16,64,2.269185314213022,19800,v2_chain,f_1->f_2,0.33679571747779846
L=64 baseline_b16,data/64Ising_T2.269_hsBignet_baseline_b16,64,2.269185314213022,19800,v2_chain,f_2->f_3,0.7253875732421875
L=64 baseline_b16,data/64Ising_T2.269_hsBignet_baseline_b16,64,2.269185314213022,19800,v2_chain,f_3->f_4,0.4373728930950165
L=64 baseline_b16,data/64Ising_T2.269_hsBignet_baseline_b16,64,2.269185314213022,19800,v2_chain,f_4->f_5,0.3271784782409668
L=64 baseline_b16,data/64Ising_T2.269_hsBignet_baseline_b16,64,2.269185314213022,19800,v2_chain,f_5->f_6,0.1372123807668686
L=64 iii1_lam1.0_b16 (+III.1),data/64Ising_T2.269_hsBignet_iii1_lam1.0_b16,64,2.269185314213022,19800,v2_chain,f_1->f_2,0.7890048623085022
L=64 iii1_lam1.0_b16 (+III.1),data/64Ising_T2.269_hsBignet_iii1_lam1.0_b16,64,2.269185314213022,19800,v2_chain,f_2->f_3,0.7236610651016235
L=64 iii1_lam1.0_b16 (+III.1),data/64Ising_T2.269_hsBignet_iii1_lam1.0_b16,64,2.269185314213022,19800,v2_chain,f_3->f_4,0.3531136214733124
L=64 iii1_lam1.0_b16 (+III.1),data/64Ising_T2.269_hsBignet_iii1_lam1.0_b16,64,2.269185314213022,19800,v2_chain,f_4->f_5,0.24633395671844482
L=64 iii1_lam1.0_b16 (+III.1),data/64Ising_T2.269_hsBignet_iii1_lam1.0_b16,64,2.269185314213022,19800,v2_chain,f_5->f_6,0.0390443354845047
L=64 i2_stride16h32_b16 (+I.2),data/64Ising_T2.269_hsBignet_i2_stride16h32_b16,64,2.269185314213022,19800,v2_chain,f_1->f_2,2.0006771087646484
L=64 i2_stride16h32_b16 (+I.2),data/64Ising_T2.269_hsBignet_i2_stride16h32_b16,64,2.269185314213022,19800,v2_chain,f_2->f_3,0.464830607175827
L=64 i2_stride16h32_b16 (+I.2),data/64Ising_T2.269_hsBignet_i2_stride16h32_b16,64,2.269185314213022,19800,v2_chain,f_3->f_4,1.973612666130066
L=64 i2_stride16h32_b16 (+I.2),data/64Ising_T2.269_hsBignet_i2_stride16h32_b16,64,2.269185314213022,19800,v2_chain,f_4->f_5,0.33422693610191345
L=64 i2_stride16h32_b16 (+I.2),data/64Ising_T2.269_hsBignet_i2_stride16h32_b16,64,2.269185314213022,19800,v2_chain,f_5->f_6,0.03770330548286438
L=64 i1_df4.0_b16 (Student-t),data/64Ising_T2.269_hsBignet_i1_df4.0_b16,64,2.269185314213022,19800,v2_chain,f_1->f_2,0.9821779131889343
L=64 i1_df4.0_b16 (Student-t),data/64Ising_T2.269_hsBignet_i1_df4.0_b16,64,2.269185314213022,19800,v2_chain,f_2->f_3,0.5844793915748596
L=64 i1_df4.0_b16 (Student-t),data/64Ising_T2.269_hsBignet_i1_df4.0_b16,64,2.269185314213022,19800,v2_chain,f_3->f_4,0.5642940402030945
L=64 i1_df4.0_b16 (Student-t),data/64Ising_T2.269_hsBignet_i1_df4.0_b16,64,2.269185314213022,19800,v2_chain,f_4->f_5,0.40578383207321167
L=64 i1_df4.0_b16 (Student-t),data/64Ising_T2.269_hsBignet_i1_df4.0_b16,64,2.269185314213022,19800,v2_chain,f_5->f_6,0.05708147585391998
L=32 i2_stride4h32_b64 (Phase-2),data/32Ising_T2.269_hsBignet_i2_stride4h32_b64,32,2.269185314213022,19800,v2_chain,f_1->f_2,0.7346236109733582
L=32 i2_stride4h32_b64 (Phase-2),data/32Ising_T2.269_hsBignet_i2_stride4h32_b64,32,2.269185314213022,19800,v2_chain,f_2->f_3,0.41511523723602295
L=32 i2_stride4h32_b64 (Phase-2),data/32Ising_T2.269_hsBignet_i2_stride4h32_b64,32,2.269185314213022,19800,v2_chain,f_3->f_4,0.035345710813999176
L=32 i2_stride4h32_b64 (Phase-2),data/32Ising_T2.269_hsBignet_i2_stride4h32_b64,32,2.269185314213022,19800,v2_chain,f_4->f_5,0.009803349152207375
L=32 i2_stride8h64_b64 (Phase-2),data/32Ising_T2.269_hsBignet_i2_stride8h64_b64,32,2.269185314213022,19800,v2_chain,f_1->f_2,2.152254343032837
L=32 i2_stride8h64_b64 (Phase-2),data/32Ising_T2.269_hsBignet_i2_stride8h64_b64,32,2.269185314213022,19800,v2_chain,f_2->f_3,0.5271041989326477
L=32 i2_stride8h64_b64 (Phase-2),data/32Ising_T2.269_hsBignet_i2_stride8h64_b64,32,2.269185314213022,19800,v2_chain,f_3->f_4,0.39725261926651
L=32 i2_stride8h64_b64 (Phase-2),data/32Ising_T2.269_hsBignet_i2_stride8h64_b64,32,2.269185314213022,19800,v2_chain,f_4->f_5,0.05389606952667236
L=64 i2_stride8h32_b16 (Phase-2),data/64Ising_T2.269_hsBignet_i2_stride8h32_b16,64,2.269185314213022,19800,v2_chain,f_1->f_2,0.6967272162437439
L=64 i2_stride8h32_b16 (Phase-2),data/64Ising_T2.269_hsBignet_i2_stride8h32_b16,64,2.269185314213022,19800,v2_chain,f_2->f_3,0.3813028335571289
L=64 i2_stride8h32_b16 (Phase-2),data/64Ising_T2.269_hsBignet_i2_stride8h32_b16,64,2.269185314213022,19800,v2_chain,f_3->f_4,0.7072595953941345
L=64 i2_stride8h32_b16 (Phase-2),data/64Ising_T2.269_hsBignet_i2_stride8h32_b16,64,2.269185314213022,19800,v2_chain,f_4->f_5,0.5005067586898804
L=64 i2_stride8h32_b16 (Phase-2),data/64Ising_T2.269_hsBignet_i2_stride8h32_b16,64,2.269185314213022,19800,v2_chain,f_5->f_6,0.06719836592674255
L=64 i2_stride4h32_b16 (Phase-2),data/64Ising_T2.269_hsBignet_i2_stride4h32_b16,64,2.269185314213022,19800,v2_chain,f_1->f_2,2.025761842727661
L=64 i2_stride4h32_b16 (Phase-2),data/64Ising_T2.269_hsBignet_i2_stride4h32_b16,64,2.269185314213022,19800,v2_chain,f_2->f_3,0.6918348073959351
L=64 i2_stride4h32_b16 (Phase-2),data/64Ising_T2.269_hsBignet_i2_stride4h32_b16,64,2.269185314213022,19800,v2_chain,f_3->f_4,1.9262882471084595
L=64 i2_stride4h32_b16 (Phase-2),data/64Ising_T2.269_hsBignet_i2_stride4h32_b16,64,2.269185314213022,19800,v2_chain,f_4->f_5,0.402430921792984
L=64 i2_stride4h32_b16 (Phase-2),data/64Ising_T2.269_hsBignet_i2_stride4h32_b16,64,2.269185314213022,19800,v2_chain,f_5->f_6,0.04402738809585571
L=64 i2_stride8h64_b16 (Phase-2),data/64Ising_T2.269_hsBignet_i2_stride8h64_b16,64,2.269185314213022,19800,v2_chain,f_1->f_2,1.393571138381958
L=64 i2_stride8h64_b16 (Phase-2),data/64Ising_T2.269_hsBignet_i2_stride8h64_b16,64,2.269185314213022,19800,v2_chain,f_2->f_3,0.5142951011657715
L=64 i2_stride8h64_b16 (Phase-2),data/64Ising_T2.269_hsBignet_i2_stride8h64_b16,64,2.269185314213022,19800,v2_chain,f_3->f_4,1.1840527057647705
L=64 i2_stride8h64_b16 (Phase-2),data/64Ising_T2.269_hsBignet_i2_stride8h64_b16,64,2.269185314213022,19800,v2_chain,f_4->f_5,0.2827391028404236
L=64 i2_stride8h64_b16 (Phase-2),data/64Ising_T2.269_hsBignet_i2_stride8h64_b16,64,2.269185314213022,19800,v2_chain,f_5->f_6,0.026165924966335297
L=64 i2_stride4h64_b16 (Phase-2),data/64Ising_T2.269_hsBignet_i2_stride4h64_b16,64,2.269185314213022,19800,v2_chain,f_1->f_2,1.752653956413269
L=64 i2_stride4h64_b16 (Phase-2),data/64Ising_T2.269_hsBignet_i2_stride4h64_b16,64,2.269185314213022,19800,v2_chain,f_2->f_3,0.6267463564872742
L=64 i2_stride4h64_b16 (Phase-2),data/64Ising_T2.269_hsBignet_i2_stride4h64_b16,64,2.269185314213022,19800,v2_chain,f_3->f_4,0.17991308867931366
L=64 i2_stride4h64_b16 (Phase-2),data/64Ising_T2.269_hsBignet_i2_stride4h64_b16,64,2.269185314213022,19800,v2_chain,f_4->f_5,0.07482435554265976
L=64 i2_stride4h64_b16 (Phase-2),data/64Ising_T2.269_hsBignet_i2_stride4h64_b16,64,2.269185314213022,19800,v2_chain,f_5->f_6,0.024803055450320244
L=32 i2_stride8h32_nr2_b64 (P2.x D32),data/32Ising_T2.269_hsBignet_i2_stride8h32_nr2_b64,32,2.269185314213022,16800,v2_chain,f_1->f_2,1.238305687904358
L=32 i2_stride8h32_nr2_b64 (P2.x D32),data/32Ising_T2.269_hsBignet_i2_stride8h32_nr2_b64,32,2.269185314213022,16800,v2_chain,f_2->f_3,0.3436012268066406
L=32 i2_stride8h32_nr2_b64 (P2.x D32),data/32Ising_T2.269_hsBignet_i2_stride8h32_nr2_b64,32,2.269185314213022,16800,v2_chain,f_3->f_4,0.05176061391830444
L=32 i2_stride8h32_nr2_b64 (P2.x D32),data/32Ising_T2.269_hsBignet_i2_stride8h32_nr2_b64,32,2.269185314213022,16800,v2_chain,f_4->f_5,0.033451374620199203
L=64 baseline_nr2_b16 (P2.x C64),data/64Ising_T2.269_hsBignet_baseline_nr2_b16,64,2.269185314213022,19800,v2_chain,f_1->f_2,0.5289207696914673
L=64 baseline_nr2_b16 (P2.x C64),data/64Ising_T2.269_hsBignet_baseline_nr2_b16,64,2.269185314213022,19800,v2_chain,f_2->f_3,0.8905526399612427
L=64 baseline_nr2_b16 (P2.x C64),data/64Ising_T2.269_hsBignet_baseline_nr2_b16,64,2.269185314213022,19800,v2_chain,f_3->f_4,1.0068057775497437
L=64 baseline_nr2_b16 (P2.x C64),data/64Ising_T2.269_hsBignet_baseline_nr2_b16,64,2.269185314213022,19800,v2_chain,f_4->f_5,0.35362479090690613
L=64 baseline_nr2_b16 (P2.x C64),data/64Ising_T2.269_hsBignet_baseline_nr2_b16,64,2.269185314213022,19800,v2_chain,f_5->f_6,0.004169304855167866
L=64 i2_stride8h32_nr2_b16 (P2.x D64 ★),data/64Ising_T2.269_hsBignet_i2_stride8h32_nr2_b16,64,2.269185314213022,19800,v2_chain,f_1->f_2,1.9625030755996704
L=64 i2_stride8h32_nr2_b16 (P2.x D64 ★),data/64Ising_T2.269_hsBignet_i2_stride8h32_nr2_b16,64,2.269185314213022,19800,v2_chain,f_2->f_3,1.97318696975708
L=64 i2_stride8h32_nr2_b16 (P2.x D64 ★),data/64Ising_T2.269_hsBignet_i2_stride8h32_nr2_b16,64,2.269185314213022,19800,v2_chain,f_3->f_4,0.09768866002559662
L=64 i2_stride8h32_nr2_b16 (P2.x D64 ★),data/64Ising_T2.269_hsBignet_i2_stride8h32_nr2_b16,64,2.269185314213022,19800,v2_chain,f_4->f_5,0.033474989235401154
L=64 i2_stride8h32_nr2_b16 (P2.x D64 ★),data/64Ising_T2.269_hsBignet_i2_stride8h32_nr2_b16,64,2.269185314213022,19800,v2_chain,f_5->f_6,2.5483926424717078e-14
L=64 fixdil+VP-1e-3 nr=1 (champion ★),data/64Ising_T2.269_hsBignet_hcg_perscale_fixdil_vp1e-3_nr1_b16,64,2.269185314213022,14500,v2_chain,f_1->f_2,1.0397014617919922
L=64 fixdil+VP-1e-3 nr=1 (champion ★),data/64Ising_T2.269_hsBignet_hcg_perscale_fixdil_vp1e-3_nr1_b16,64,2.269185314213022,14500,v2_chain,f_2->f_3,0.08828985691070557
L=64 fixdil+VP-1e-3 nr=1 (champion ★),data/64Ising_T2.269_hsBignet_hcg_perscale_fixdil_vp1e-3_nr1_b16,64,2.269185314213022,14500,v2_chain,f_3->f_4,0.007854974828660488
L=64 fixdil+VP-1e-3 nr=1 (champion ★),data/64Ising_T2.269_hsBignet_hcg_perscale_fixdil_vp1e-3_nr1_b16,64,2.269185314213022,14500,v2_chain,f_4->f_5,0.00662066787481308
L=64 fixdil+VP-1e-3 nr=1 (champion ★),data/64Ising_T2.269_hsBignet_hcg_perscale_fixdil_vp1e-3_nr1_b16,64,2.269185314213022,14500,v2_chain,f_5->f_6,0.0030292144510895014
"T = 2.15  (low T, ordered)",data/32Ising_T2.15_hs_dataDriven,32,2.15,16500,v2b_chain_oneslot,f_1->f_2,0.9836804866790771
"T = 2.15  (low T, ordered)",data/32Ising_T2.15_hs_dataDriven,32,2.15,16500,v2b_chain_oneslot,f_2->f_3,1.722880244255066
"T = 2.15  (low T, ordered)",data/32Ising_T2.15_hs_dataDriven,32,2.15,16500,v2b_chain_oneslot,f_3->f_4,1.5099008083343506
"T = 2.15  (low T, ordered)",data/32Ising_T2.15_hs_dataDriven,32,2.15,16500,v2b_chain_oneslot,f_4->f_5,1.6454273462295532
"T = 2.269 (T_c, hs_dataDriven)",data/32Ising_T2.269185314213022_hs_dataDriven,32,2.269185314213022,16000,v2b_chain_oneslot,f_1->f_2,1.361160397529602
"T = 2.269 (T_c, hs_dataDriven)",data/32Ising_T2.269185314213022_hs_dataDriven,32,2.269185314213022,16000,v2b_chain_oneslot,f_2->f_3,1.3070119619369507
"T = 2.269 (T_c, hs_dataDriven)",data/32Ising_T2.269185314213022_hs_dataDriven,32,2.269185314213022,16000,v2b_chain_oneslot,f_3->f_4,1.9362878799438477
"T = 2.269 (T_c, hs_dataDriven)",data/32Ising_T2.269185314213022_hs_dataDriven,32,2.269185314213022,16000,v2b_chain_oneslot,f_4->f_5,2.610992670059204
"T = 2.269 (T_c, hs_bignet)",data/32Ising_T2.269_hs_bignet,32,2.269185314213022,9500,v2b_chain_oneslot,f_1->f_2,2.129317283630371
"T = 2.269 (T_c, hs_bignet)",data/32Ising_T2.269_hs_bignet,32,2.269185314213022,9500,v2b_chain_oneslot,f_2->f_3,1.5369371175765991
"T = 2.269 (T_c, hs_bignet)",data/32Ising_T2.269_hs_bignet,32,2.269185314213022,9500,v2b_chain_oneslot,f_3->f_4,1.5384801626205444
"T = 2.269 (T_c, hs_bignet)",data/32Ising_T2.269_hs_bignet,32,2.269185314213022,9500,v2b_chain_oneslot,f_4->f_5,1.7737982273101807
T_c sym_bignet (rev-KL),data/32Ising_T2.269_sym_bignet,32,2.269,5950,v2b_chain_oneslot,f_1->f_2,1.9496017694473267
T_c sym_bignet (rev-KL),data/32Ising_T2.269_sym_bignet,32,2.269,5950,v2b_chain_oneslot,f_2->f_3,1.5332978963851929
T_c sym_bignet (rev-KL),data/32Ising_T2.269_sym_bignet,32,2.269,5950,v2b_chain_oneslot,f_3->f_4,1.5095670223236084
T_c sym_bignet (rev-KL),data/32Ising_T2.269_sym_bignet,32,2.269,5950,v2b_chain_oneslot,f_4->f_5,1.4890036582946777
T_c pathgrad_bignet_long_ext (STL),data/32Ising_T2.269_pathgrad_bignet_long_ext,32,2.269,4950,v2b_chain_oneslot,f_1->f_2,1.8910799026489258
T_c pathgrad_bignet_long_ext (STL),data/32Ising_T2.269_pathgrad_bignet_long_ext,32,2.269,4950,v2b_chain_oneslot,f_2->f_3,1.563171148300171
T_c pathgrad_bignet_long_ext (STL),data/32Ising_T2.269_pathgrad_bignet_long_ext,32,2.269,4950,v2b_chain_oneslot,f_3->f_4,1.5112736225128174
T_c pathgrad_bignet_long_ext (STL),data/32Ising_T2.269_pathgrad_bignet_long_ext,32,2.269,4950,v2b_chain_oneslot,f_4->f_5,1.4891488552093506
"T = 2.40  (high T, disorder)",data/32Ising_T2.4_hs_dataDriven,32,2.4,17000,v2b_chain_oneslot,f_1->f_2,2.209778070449829
"T = 2.40  (high T, disorder)",data/32Ising_T2.4_hs_dataDriven,32,2.4,17000,v2b_chain_oneslot,f_2->f_3,1.4520660638809204
"T = 2.40  (high T, disorder)",data/32Ising_T2.4_hs_dataDriven,32,2.4,17000,v2b_chain_oneslot,f_3->f_4,1.4262627363204956
"T = 2.40  (high T, disorder)",data/32Ising_T2.4_hs_dataDriven,32,2.4,17000,v2b_chain_oneslot,f_4->f_5,1.508357048034668
L=32 baseline_b64,data/32Ising_T2.269_hsBignet_baseline_b64,32,2.269185314213022,19800,v2b_chain_oneslot,f_1->f_2,2.187990188598633
L=32 baseline_b64,data/32Ising_T2.269_hsBignet_baseline_b64,32,2.269185314213022,19800,v2b_chain_oneslot,f_2->f_3,1.6445461511611938
L=32 baseline_b64,data/32Ising_T2.269_hsBignet_baseline_b64,32,2.269185314213022,19800,v2b_chain_oneslot,f_3->f_4,1.5193880796432495
L=32 baseline_b64,data/32Ising_T2.269_hsBignet_baseline_b64,32,2.269185314213022,19800,v2b_chain_oneslot,f_4->f_5,1.5398521423339844
L=32 iii1_lam1.0_b64 (+III.1),data/32Ising_T2.269_hsBignet_iii1_lam1.0_b64,32,2.269185314213022,19800,v2b_chain_oneslot,f_1->f_2,2.424146890640259
L=32 iii1_lam1.0_b64 (+III.1),data/32Ising_T2.269_hsBignet_iii1_lam1.0_b64,32,2.269185314213022,19800,v2b_chain_oneslot,f_2->f_3,1.5902560949325562
L=32 iii1_lam1.0_b64 (+III.1),data/32Ising_T2.269_hsBignet_iii1_lam1.0_b64,32,2.269185314213022,19800,v2b_chain_oneslot,f_3->f_4,1.5929385423660278
L=32 iii1_lam1.0_b64 (+III.1),data/32Ising_T2.269_hsBignet_iii1_lam1.0_b64,32,2.269185314213022,19800,v2b_chain_oneslot,f_4->f_5,1.5042825937271118
L=32 i2_stride8h32_b64 (+I.2 cond),data/32Ising_T2.269_hsBignet_i2_stride8h32_b64,32,2.269185314213022,19800,v2b_chain_oneslot,f_1->f_2,1.7631967067718506
L=32 i2_stride8h32_b64 (+I.2 cond),data/32Ising_T2.269_hsBignet_i2_stride8h32_b64,32,2.269185314213022,19800,v2b_chain_oneslot,f_2->f_3,1.7095919847488403
L=32 i2_stride8h32_b64 (+I.2 cond),data/32Ising_T2.269_hsBignet_i2_stride8h32_b64,32,2.269185314213022,19800,v2b_chain_oneslot,f_3->f_4,1.5928822755813599
L=32 i2_stride8h32_b64 (+I.2 cond),data/32Ising_T2.269_hsBignet_i2_stride8h32_b64,32,2.269185314213022,19800,v2b_chain_oneslot,f_4->f_5,1.8177093267440796
L=32 combined_lam1.0_b64 (I.2+III.1),data/32Ising_T2.269_hsBignet_combined_lam1.0_stride8h32_b64,32,2.269185314213022,19800,v2b_chain_oneslot,f_1->f_2,1.5383816957473755
L=32 combined_lam1.0_b64 (I.2+III.1),data/32Ising_T2.269_hsBignet_combined_lam1.0_stride8h32_b64,32,2.269185314213022,19800,v2b_chain_oneslot,f_2->f_3,1.6946948766708374
L=32 combined_lam1.0_b64 (I.2+III.1),data/32Ising_T2.269_hsBignet_combined_lam1.0_stride8h32_b64,32,2.269185314213022,19800,v2b_chain_oneslot,f_3->f_4,1.5790300369262695
L=32 combined_lam1.0_b64 (I.2+III.1),data/32Ising_T2.269_hsBignet_combined_lam1.0_stride8h32_b64,32,2.269185314213022,19800,v2b_chain_oneslot,f_4->f_5,1.5079548358917236
L=32 iii1_lam0.1_b64,data/32Ising_T2.269_hsBignet_iii1_lam0.1_b64,32,2.269185314213022,19800,v2b_chain_oneslot,f_1->f_2,1.9459723234176636
L=32 iii1_lam0.1_b64,data/32Ising_T2.269_hsBignet_iii1_lam0.1_b64,32,2.269185314213022,19800,v2b_chain_oneslot,f_2->f_3,1.5175285339355469
L=32 iii1_lam0.1_b64,data/32Ising_T2.269_hsBignet_iii1_lam0.1_b64,32,2.269185314213022,19800,v2b_chain_oneslot,f_3->f_4,1.545233964920044
L=32 iii1_lam0.1_b64,data/32Ising_T2.269_hsBignet_iii1_lam0.1_b64,32,2.269185314213022,19800,v2b_chain_oneslot,f_4->f_5,1.717663049697876
L=32 iii1_lam10.0_b64,data/32Ising_T2.269_hsBignet_iii1_lam10.0_b64,32,2.269185314213022,19800,v2b_chain_oneslot,f_1->f_2,2.2954936027526855
L=32 iii1_lam10.0_b64,data/32Ising_T2.269_hsBignet_iii1_lam10.0_b64,32,2.269185314213022,19800,v2b_chain_oneslot,f_2->f_3,1.524116039276123
L=32 iii1_lam10.0_b64,data/32Ising_T2.269_hsBignet_iii1_lam10.0_b64,32,2.269185314213022,19800,v2b_chain_oneslot,f_3->f_4,1.5102226734161377
L=32 iii1_lam10.0_b64,data/32Ising_T2.269_hsBignet_iii1_lam10.0_b64,32,2.269185314213022,19800,v2b_chain_oneslot,f_4->f_5,1.4889999628067017
L=32 i2_stride4h32 (b128),data/32Ising_T2.269_hsBignet_i2_stride4h32,32,2.269185314213022,19800,v2b_chain_oneslot,f_1->f_2,1.7591447830200195
L=32 i2_stride4h32 (b128),data/32Ising_T2.269_hsBignet_i2_stride4h32,32,2.269185314213022,19800,v2b_chain_oneslot,f_2->f_3,1.4895902872085571
L=32 i2_stride4h32 (b128),data/32Ising_T2.269_hsBignet_i2_stride4h32,32,2.269185314213022,19800,v2b_chain_oneslot,f_3->f_4,1.4687139987945557
L=32 i2_stride4h32 (b128),data/32Ising_T2.269_hsBignet_i2_stride4h32,32,2.269185314213022,19800,v2b_chain_oneslot,f_4->f_5,1.493399739265442
L=32 i2_stride16h32 (b128),data/32Ising_T2.269_hsBignet_i2_stride16h32,32,2.269185314213022,19800,v2b_chain_oneslot,f_1->f_2,2.246325731277466
L=32 i2_stride16h32 (b128),data/32Ising_T2.269_hsBignet_i2_stride16h32,32,2.269185314213022,19800,v2b_chain_oneslot,f_2->f_3,1.768543004989624
L=32 i2_stride16h32 (b128),data/32Ising_T2.269_hsBignet_i2_stride16h32,32,2.269185314213022,19800,v2b_chain_oneslot,f_3->f_4,1.5714190006256104
L=32 i2_stride16h32 (b128),data/32Ising_T2.269_hsBignet_i2_stride16h32,32,2.269185314213022,19800,v2b_chain_oneslot,f_4->f_5,1.492037296295166
L=32 i1_df4.0 (Student-t b128),data/32Ising_T2.269_hsBignet_i1_df4.0,32,2.269185314213022,19800,v2b_chain_oneslot,f_1->f_2,1.4107564687728882
L=32 i1_df4.0 (Student-t b128),data/32Ising_T2.269_hsBignet_i1_df4.0,32,2.269185314213022,19800,v2b_chain_oneslot,f_2->f_3,1.3030645847320557
L=32 i1_df4.0 (Student-t b128),data/32Ising_T2.269_hsBignet_i1_df4.0,32,2.269185314213022,19800,v2b_chain_oneslot,f_3->f_4,1.64128577709198
L=32 i1_df4.0 (Student-t b128),data/32Ising_T2.269_hsBignet_i1_df4.0,32,2.269185314213022,19800,v2b_chain_oneslot,f_4->f_5,2.2794125080108643
L=64 baseline_b16,data/64Ising_T2.269_hsBignet_baseline_b16,64,2.269185314213022,19800,v2b_chain_oneslot,f_1->f_2,1.470400333404541
L=64 baseline_b16,data/64Ising_T2.269_hsBignet_baseline_b16,64,2.269185314213022,19800,v2b_chain_oneslot,f_2->f_3,1.2612789869308472
L=64 baseline_b16,data/64Ising_T2.269_hsBignet_baseline_b16,64,2.269185314213022,19800,v2b_chain_oneslot,f_3->f_4,1.141922116279602
L=64 baseline_b16,data/64Ising_T2.269_hsBignet_baseline_b16,64,2.269185314213022,19800,v2b_chain_oneslot,f_4->f_5,1.2228611707687378
L=64 baseline_b16,data/64Ising_T2.269_hsBignet_baseline_b16,64,2.269185314213022,19800,v2b_chain_oneslot,f_5->f_6,1.48819100856781
L=64 iii1_lam1.0_b16 (+III.1),data/64Ising_T2.269_hsBignet_iii1_lam1.0_b16,64,2.269185314213022,19800,v2b_chain_oneslot,f_1->f_2,0.9810552597045898
L=64 iii1_lam1.0_b16 (+III.1),data/64Ising_T2.269_hsBignet_iii1_lam1.0_b16,64,2.269185314213022,19800,v2b_chain_oneslot,f_2->f_3,1.3863096237182617
L=64 iii1_lam1.0_b16 (+III.1),data/64Ising_T2.269_hsBignet_iii1_lam1.0_b16,64,2.269185314213022,19800,v2b_chain_oneslot,f_3->f_4,1.6021144390106201
L=64 iii1_lam1.0_b16 (+III.1),data/64Ising_T2.269_hsBignet_iii1_lam1.0_b16,64,2.269185314213022,19800,v2b_chain_oneslot,f_4->f_5,1.5961261987686157
L=64 iii1_lam1.0_b16 (+III.1),data/64Ising_T2.269_hsBignet_iii1_lam1.0_b16,64,2.269185314213022,19800,v2b_chain_oneslot,f_5->f_6,1.4888180494308472
L=64 i2_stride16h32_b16 (+I.2),data/64Ising_T2.269_hsBignet_i2_stride16h32_b16,64,2.269185314213022,19800,v2b_chain_oneslot,f_1->f_2,2.840440511703491
L=64 i2_stride16h32_b16 (+I.2),data/64Ising_T2.269_hsBignet_i2_stride16h32_b16,64,2.269185314213022,19800,v2b_chain_oneslot,f_2->f_3,1.140178918838501
L=64 i2_stride16h32_b16 (+I.2),data/64Ising_T2.269_hsBignet_i2_stride16h32_b16,64,2.269185314213022,19800,v2b_chain_oneslot,f_3->f_4,1.236213207244873
L=64 i2_stride16h32_b16 (+I.2),data/64Ising_T2.269_hsBignet_i2_stride16h32_b16,64,2.269185314213022,19800,v2b_chain_oneslot,f_4->f_5,1.5491241216659546
L=64 i2_stride16h32_b16 (+I.2),data/64Ising_T2.269_hsBignet_i2_stride16h32_b16,64,2.269185314213022,19800,v2b_chain_oneslot,f_5->f_6,1.484486699104309
L=64 i1_df4.0_b16 (Student-t),data/64Ising_T2.269_hsBignet_i1_df4.0_b16,64,2.269185314213022,19800,v2b_chain_oneslot,f_1->f_2,1.750704288482666
L=64 i1_df4.0_b16 (Student-t),data/64Ising_T2.269_hsBignet_i1_df4.0_b16,64,2.269185314213022,19800,v2b_chain_oneslot,f_2->f_3,1.4759398698806763
L=64 i1_df4.0_b16 (Student-t),data/64Ising_T2.269_hsBignet_i1_df4.0_b16,64,2.269185314213022,19800,v2b_chain_oneslot,f_3->f_4,1.2859132289886475
L=64 i1_df4.0_b16 (Student-t),data/64Ising_T2.269_hsBignet_i1_df4.0_b16,64,2.269185314213022,19800,v2b_chain_oneslot,f_4->f_5,1.6200155019760132
L=64 i1_df4.0_b16 (Student-t),data/64Ising_T2.269_hsBignet_i1_df4.0_b16,64,2.269185314213022,19800,v2b_chain_oneslot,f_5->f_6,1.4855010509490967
L=32 i2_stride4h32_b64 (Phase-2),data/32Ising_T2.269_hsBignet_i2_stride4h32_b64,32,2.269185314213022,19800,v2b_chain_oneslot,f_1->f_2,1.5289692878723145
L=32 i2_stride4h32_b64 (Phase-2),data/32Ising_T2.269_hsBignet_i2_stride4h32_b64,32,2.269185314213022,19800,v2b_chain_oneslot,f_2->f_3,1.6926926374435425
L=32 i2_stride4h32_b64 (Phase-2),data/32Ising_T2.269_hsBignet_i2_stride4h32_b64,32,2.269185314213022,19800,v2b_chain_oneslot,f_3->f_4,1.467972993850708
L=32 i2_stride4h32_b64 (Phase-2),data/32Ising_T2.269_hsBignet_i2_stride4h32_b64,32,2.269185314213022,19800,v2b_chain_oneslot,f_4->f_5,1.4873056411743164
L=32 i2_stride8h64_b64 (Phase-2),data/32Ising_T2.269_hsBignet_i2_stride8h64_b64,32,2.269185314213022,19800,v2b_chain_oneslot,f_1->f_2,2.0848004817962646
L=32 i2_stride8h64_b64 (Phase-2),data/32Ising_T2.269_hsBignet_i2_stride8h64_b64,32,2.269185314213022,19800,v2b_chain_oneslot,f_2->f_3,1.2503948211669922
L=32 i2_stride8h64_b64 (Phase-2),data/32Ising_T2.269_hsBignet_i2_stride8h64_b64,32,2.269185314213022,19800,v2b_chain_oneslot,f_3->f_4,1.5893548727035522
L=32 i2_stride8h64_b64 (Phase-2),data/32Ising_T2.269_hsBignet_i2_stride8h64_b64,32,2.269185314213022,19800,v2b_chain_oneslot,f_4->f_5,1.4985156059265137
L=64 i2_stride8h32_b16 (Phase-2),data/64Ising_T2.269_hsBignet_i2_stride8h32_b16,64,2.269185314213022,19800,v2b_chain_oneslot,f_1->f_2,1.6739695072174072
L=64 i2_stride8h32_b16 (Phase-2),data/64Ising_T2.269_hsBignet_i2_stride8h32_b16,64,2.269185314213022,19800,v2b_chain_oneslot,f_2->f_3,1.9335328340530396
L=64 i2_stride8h32_b16 (Phase-2),data/64Ising_T2.269_hsBignet_i2_stride8h32_b16,64,2.269185314213022,19800,v2b_chain_oneslot,f_3->f_4,1.0418274402618408
L=64 i2_stride8h32_b16 (Phase-2),data/64Ising_T2.269_hsBignet_i2_stride8h32_b16,64,2.269185314213022,19800,v2b_chain_oneslot,f_4->f_5,1.589072823524475
L=64 i2_stride8h32_b16 (Phase-2),data/64Ising_T2.269_hsBignet_i2_stride8h32_b16,64,2.269185314213022,19800,v2b_chain_oneslot,f_5->f_6,1.4881834983825684
L=64 i2_stride4h32_b16 (Phase-2),data/64Ising_T2.269_hsBignet_i2_stride4h32_b16,64,2.269185314213022,19800,v2b_chain_oneslot,f_1->f_2,2.589768648147583
L=64 i2_stride4h32_b16 (Phase-2),data/64Ising_T2.269_hsBignet_i2_stride4h32_b16,64,2.269185314213022,19800,v2b_chain_oneslot,f_2->f_3,2.0849862098693848
L=64 i2_stride4h32_b16 (Phase-2),data/64Ising_T2.269_hsBignet_i2_stride4h32_b16,64,2.269185314213022,19800,v2b_chain_oneslot,f_3->f_4,1.1720707416534424
L=64 i2_stride4h32_b16 (Phase-2),data/64Ising_T2.269_hsBignet_i2_stride4h32_b16,64,2.269185314213022,19800,v2b_chain_oneslot,f_4->f_5,1.5756127834320068
L=64 i2_stride4h32_b16 (Phase-2),data/64Ising_T2.269_hsBignet_i2_stride4h32_b16,64,2.269185314213022,19800,v2b_chain_oneslot,f_5->f_6,1.486796259880066
L=64 i2_stride8h64_b16 (Phase-2),data/64Ising_T2.269_hsBignet_i2_stride8h64_b16,64,2.269185314213022,19800,v2b_chain_oneslot,f_1->f_2,1.9176021814346313
L=64 i2_stride8h64_b16 (Phase-2),data/64Ising_T2.269_hsBignet_i2_stride8h64_b16,64,2.269185314213022,19800,v2b_chain_oneslot,f_2->f_3,2.025153398513794
L=64 i2_stride8h64_b16 (Phase-2),data/64Ising_T2.269_hsBignet_i2_stride8h64_b16,64,2.269185314213022,19800,v2b_chain_oneslot,f_3->f_4,2.1070616245269775
L=64 i2_stride8h64_b16 (Phase-2),data/64Ising_T2.269_hsBignet_i2_stride8h64_b16,64,2.269185314213022,19800,v2b_chain_oneslot,f_4->f_5,1.5545954704284668
L=64 i2_stride8h64_b16 (Phase-2),data/64Ising_T2.269_hsBignet_i2_stride8h64_b16,64,2.269185314213022,19800,v2b_chain_oneslot,f_5->f_6,1.4826936721801758
L=64 i2_stride4h64_b16 (Phase-2),data/64Ising_T2.269_hsBignet_i2_stride4h64_b16,64,2.269185314213022,19800,v2b_chain_oneslot,f_1->f_2,2.401907444000244
L=64 i2_stride4h64_b16 (Phase-2),data/64Ising_T2.269_hsBignet_i2_stride4h64_b16,64,2.269185314213022,19800,v2b_chain_oneslot,f_2->f_3,1.319217562675476
L=64 i2_stride4h64_b16 (Phase-2),data/64Ising_T2.269_hsBignet_i2_stride4h64_b16,64,2.269185314213022,19800,v2b_chain_oneslot,f_3->f_4,1.2263460159301758
L=64 i2_stride4h64_b16 (Phase-2),data/64Ising_T2.269_hsBignet_i2_stride4h64_b16,64,2.269185314213022,19800,v2b_chain_oneslot,f_4->f_5,1.4952247142791748
L=64 i2_stride4h64_b16 (Phase-2),data/64Ising_T2.269_hsBignet_i2_stride4h64_b16,64,2.269185314213022,19800,v2b_chain_oneslot,f_5->f_6,1.4909933805465698
L=32 i2_stride8h32_nr2_b64 (P2.x D32),data/32Ising_T2.269_hsBignet_i2_stride8h32_nr2_b64,32,2.269185314213022,16800,v2b_chain_oneslot,f_1->f_2,2.0816690921783447
L=32 i2_stride8h32_nr2_b64 (P2.x D32),data/32Ising_T2.269_hsBignet_i2_stride8h32_nr2_b64,32,2.269185314213022,16800,v2b_chain_oneslot,f_2->f_3,1.1215920448303223
L=32 i2_stride8h32_nr2_b64 (P2.x D32),data/32Ising_T2.269_hsBignet_i2_stride8h32_nr2_b64,32,2.269185314213022,16800,v2b_chain_oneslot,f_3->f_4,1.221086859703064
L=32 i2_stride8h32_nr2_b64 (P2.x D32),data/32Ising_T2.269_hsBignet_i2_stride8h32_nr2_b64,32,2.269185314213022,16800,v2b_chain_oneslot,f_4->f_5,1.4795690774917603
L=64 baseline_nr2_b16 (P2.x C64),data/64Ising_T2.269_hsBignet_baseline_nr2_b16,64,2.269185314213022,19800,v2b_chain_oneslot,f_1->f_2,0.6663590669631958
L=64 baseline_nr2_b16 (P2.x C64),data/64Ising_T2.269_hsBignet_baseline_nr2_b16,64,2.269185314213022,19800,v2b_chain_oneslot,f_2->f_3,1.970481038093567
L=64 baseline_nr2_b16 (P2.x C64),data/64Ising_T2.269_hsBignet_baseline_nr2_b16,64,2.269185314213022,19800,v2b_chain_oneslot,f_3->f_4,1.6978281736373901
L=64 baseline_nr2_b16 (P2.x C64),data/64Ising_T2.269_hsBignet_baseline_nr2_b16,64,2.269185314213022,19800,v2b_chain_oneslot,f_4->f_5,1.4755808115005493
L=64 baseline_nr2_b16 (P2.x C64),data/64Ising_T2.269_hsBignet_baseline_nr2_b16,64,2.269185314213022,19800,v2b_chain_oneslot,f_5->f_6,1.4867109060287476
L=64 i2_stride8h32_nr2_b16 (P2.x D64 ★),data/64Ising_T2.269_hsBignet_i2_stride8h32_nr2_b16,64,2.269185314213022,19800,v2b_chain_oneslot,f_1->f_2,1.721208930015564
L=64 i2_stride8h32_nr2_b16 (P2.x D64 ★),data/64Ising_T2.269_hsBignet_i2_stride8h32_nr2_b16,64,2.269185314213022,19800,v2b_chain_oneslot,f_2->f_3,2.3352644443511963
L=64 i2_stride8h32_nr2_b16 (P2.x D64 ★),data/64Ising_T2.269_hsBignet_i2_stride8h32_nr2_b16,64,2.269185314213022,19800,v2b_chain_oneslot,f_3->f_4,1.392722487449646
L=64 i2_stride8h32_nr2_b16 (P2.x D64 ★),data/64Ising_T2.269_hsBignet_i2_stride8h32_nr2_b16,64,2.269185314213022,19800,v2b_chain_oneslot,f_4->f_5,1.5207388401031494
L=64 i2_stride8h32_nr2_b16 (P2.x D64 ★),data/64Ising_T2.269_hsBignet_i2_stride8h32_nr2_b16,64,2.269185314213022,19800,v2b_chain_oneslot,f_5->f_6,1.4889999628067017
L=64 fixdil+VP-1e-3 nr=1 (champion ★),data/64Ising_T2.269_hsBignet_hcg_perscale_fixdil_vp1e-3_nr1_b16,64,2.269185314213022,14500,v2b_chain_oneslot,f_1->f_2,1.467270851135254
L=64 fixdil+VP-1e-3 nr=1 (champion ★),data/64Ising_T2.269_hsBignet_hcg_perscale_fixdil_vp1e-3_nr1_b16,64,2.269185314213022,14500,v2b_chain_oneslot,f_2->f_3,1.569008231163025
L=64 fixdil+VP-1e-3 nr=1 (champion ★),data/64Ising_T2.269_hsBignet_hcg_perscale_fixdil_vp1e-3_nr1_b16,64,2.269185314213022,14500,v2b_chain_oneslot,f_3->f_4,1.4788689613342285
L=64 fixdil+VP-1e-3 nr=1 (champion ★),data/64Ising_T2.269_hsBignet_hcg_perscale_fixdil_vp1e-3_nr1_b16,64,2.269185314213022,14500,v2b_chain_oneslot,f_4->f_5,1.5009199380874634
L=64 fixdil+VP-1e-3 nr=1 (champion ★),data/64Ising_T2.269_hsBignet_hcg_perscale_fixdil_vp1e-3_nr1_b16,64,2.269185314213022,14500,v2b_chain_oneslot,f_5->f_6,1.4880322217941284
"T = 2.15  (low T, ordered)",data/32Ising_T2.15_hs_dataDriven,32,2.15,16500,v3_identity_raw,f_1,2.001760959625244
"T = 2.15  (low T, ordered)",data/32Ising_T2.15_hs_dataDriven,32,2.15,16500,v3_identity_rel,f_1,1.9936299251759
"T = 2.15  (low T, ordered)",data/32Ising_T2.15_hs_dataDriven,32,2.15,16500,v3_identity_raw,f_2,3.6654834747314453
"T = 2.15  (low T, ordered)",data/32Ising_T2.15_hs_dataDriven,32,2.15,16500,v3_identity_rel,f_2,3.6505944979716416
"T = 2.15  (low T, ordered)",data/32Ising_T2.15_hs_dataDriven,32,2.15,16500,v3_identity_raw,f_3,4.668101787567139
"T = 2.15  (low T, ordered)",data/32Ising_T2.15_hs_dataDriven,32,2.15,16500,v3_identity_rel,f_3,4.6491402346078585
"T = 2.15  (low T, ordered)",data/32Ising_T2.15_hs_dataDriven,32,2.15,16500,v3_identity_raw,f_4,1.156898021697998
"T = 2.15  (low T, ordered)",data/32Ising_T2.15_hs_dataDriven,32,2.15,16500,v3_identity_rel,f_4,1.1521987704594459
"T = 2.15  (low T, ordered)",data/32Ising_T2.15_hs_dataDriven,32,2.15,16500,v3_identity_raw,f_5,0.025455066934227943
"T = 2.15  (low T, ordered)",data/32Ising_T2.15_hs_dataDriven,32,2.15,16500,v3_identity_rel,f_5,0.025351669960100066
"T = 2.269 (T_c, hs_dataDriven)",data/32Ising_T2.269185314213022_hs_dataDriven,32,2.269185314213022,16000,v3_identity_raw,f_1,1.342247724533081
"T = 2.269 (T_c, hs_dataDriven)",data/32Ising_T2.269185314213022_hs_dataDriven,32,2.269185314213022,16000,v3_identity_rel,f_1,1.3367955937802787
"T = 2.269 (T_c, hs_dataDriven)",data/32Ising_T2.269185314213022_hs_dataDriven,32,2.269185314213022,16000,v3_identity_raw,f_2,5.213289260864258
"T = 2.269 (T_c, hs_dataDriven)",data/32Ising_T2.269185314213022_hs_dataDriven,32,2.269185314213022,16000,v3_identity_rel,f_2,5.192113188681084
"T = 2.269 (T_c, hs_dataDriven)",data/32Ising_T2.269185314213022_hs_dataDriven,32,2.269185314213022,16000,v3_identity_raw,f_3,2.6250030994415283
"T = 2.269 (T_c, hs_dataDriven)",data/32Ising_T2.269185314213022_hs_dataDriven,32,2.269185314213022,16000,v3_identity_rel,f_3,2.6143404923362374
"T = 2.269 (T_c, hs_dataDriven)",data/32Ising_T2.269185314213022_hs_dataDriven,32,2.269185314213022,16000,v3_identity_raw,f_4,15.479883193969727
"T = 2.269 (T_c, hs_dataDriven)",data/32Ising_T2.269185314213022_hs_dataDriven,32,2.269185314213022,16000,v3_identity_rel,f_4,15.417004825342959
"T = 2.269 (T_c, hs_dataDriven)",data/32Ising_T2.269185314213022_hs_dataDriven,32,2.269185314213022,16000,v3_identity_raw,f_5,5.861388206481934
"T = 2.269 (T_c, hs_dataDriven)",data/32Ising_T2.269185314213022_hs_dataDriven,32,2.269185314213022,16000,v3_identity_rel,f_5,5.837579594769971
"T = 2.269 (T_c, hs_bignet)",data/32Ising_T2.269_hs_bignet,32,2.269185314213022,9500,v3_identity_raw,f_1,1.7841845750808716
"T = 2.269 (T_c, hs_bignet)",data/32Ising_T2.269_hs_bignet,32,2.269185314213022,9500,v3_identity_rel,f_1,1.7769373230180245
"T = 2.269 (T_c, hs_bignet)",data/32Ising_T2.269_hs_bignet,32,2.269185314213022,9500,v3_identity_raw,f_2,1.8150949478149414
"T = 2.269 (T_c, hs_bignet)",data/32Ising_T2.269_hs_bignet,32,2.269185314213022,9500,v3_identity_rel,f_2,1.8077221396489371
"T = 2.269 (T_c, hs_bignet)",data/32Ising_T2.269_hs_bignet,32,2.269185314213022,9500,v3_identity_raw,f_3,4.882716178894043
"T = 2.269 (T_c, hs_bignet)",data/32Ising_T2.269_hs_bignet,32,2.269185314213022,9500,v3_identity_rel,f_3,4.86288287498927
"T = 2.269 (T_c, hs_bignet)",data/32Ising_T2.269_hs_bignet,32,2.269185314213022,9500,v3_identity_raw,f_4,2.77020001411438
"T = 2.269 (T_c, hs_bignet)",data/32Ising_T2.269_hs_bignet,32,2.269185314213022,9500,v3_identity_rel,f_4,2.758947625742017
"T = 2.269 (T_c, hs_bignet)",data/32Ising_T2.269_hs_bignet,32,2.269185314213022,9500,v3_identity_raw,f_5,0.301226943731308
"T = 2.269 (T_c, hs_bignet)",data/32Ising_T2.269_hs_bignet,32,2.269185314213022,9500,v3_identity_rel,f_5,0.3000033777281982
T_c sym_bignet (rev-KL),data/32Ising_T2.269_sym_bignet,32,2.269,5950,v3_identity_raw,f_1,13.477987289428711
T_c sym_bignet (rev-KL),data/32Ising_T2.269_sym_bignet,32,2.269,5950,v3_identity_rel,f_1,13.423240503389541
T_c sym_bignet (rev-KL),data/32Ising_T2.269_sym_bignet,32,2.269,5950,v3_identity_raw,f_2,2.6660280227661133
T_c sym_bignet (rev-KL),data/32Ising_T2.269_sym_bignet,32,2.269,5950,v3_identity_rel,f_2,2.6551987748522734
T_c sym_bignet (rev-KL),data/32Ising_T2.269_sym_bignet,32,2.269,5950,v3_identity_raw,f_3,0.9092240333557129
T_c sym_bignet (rev-KL),data/32Ising_T2.269_sym_bignet,32,2.269,5950,v3_identity_rel,f_3,0.9055308191875382
T_c sym_bignet (rev-KL),data/32Ising_T2.269_sym_bignet,32,2.269,5950,v3_identity_raw,f_4,0.2566404938697815
T_c sym_bignet (rev-KL),data/32Ising_T2.269_sym_bignet,32,2.269,5950,v3_identity_rel,f_4,0.2555980353850569
T_c sym_bignet (rev-KL),data/32Ising_T2.269_sym_bignet,32,2.269,5950,v3_identity_raw,f_5,0.07970055192708969
T_c sym_bignet (rev-KL),data/32Ising_T2.269_sym_bignet,32,2.269,5950,v3_identity_rel,f_5,0.07937681300599882
T_c pathgrad_bignet_long_ext (STL),data/32Ising_T2.269_pathgrad_bignet_long_ext,32,2.269,4950,v3_identity_raw,f_1,13.31257152557373
T_c pathgrad_bignet_long_ext (STL),data/32Ising_T2.269_pathgrad_bignet_long_ext,32,2.269,4950,v3_identity_rel,f_1,13.258496648569405
T_c pathgrad_bignet_long_ext (STL),data/32Ising_T2.269_pathgrad_bignet_long_ext,32,2.269,4950,v3_identity_raw,f_2,4.146980285644531
T_c pathgrad_bignet_long_ext (STL),data/32Ising_T2.269_pathgrad_bignet_long_ext,32,2.269,4950,v3_identity_rel,f_2,4.130135497358902
T_c pathgrad_bignet_long_ext (STL),data/32Ising_T2.269_pathgrad_bignet_long_ext,32,2.269,4950,v3_identity_raw,f_3,0.8928883075714111
T_c pathgrad_bignet_long_ext (STL),data/32Ising_T2.269_pathgrad_bignet_long_ext,32,2.269,4950,v3_identity_rel,f_3,0.8892614481537717
T_c pathgrad_bignet_long_ext (STL),data/32Ising_T2.269_pathgrad_bignet_long_ext,32,2.269,4950,v3_identity_raw,f_4,0.15722131729125977
T_c pathgrad_bignet_long_ext (STL),data/32Ising_T2.269_pathgrad_bignet_long_ext,32,2.269,4950,v3_identity_rel,f_4,0.1565826936129831
T_c pathgrad_bignet_long_ext (STL),data/32Ising_T2.269_pathgrad_bignet_long_ext,32,2.269,4950,v3_identity_raw,f_5,0.018140148371458054
T_c pathgrad_bignet_long_ext (STL),data/32Ising_T2.269_pathgrad_bignet_long_ext,32,2.269,4950,v3_identity_rel,f_5,0.018066464163253616
"T = 2.40  (high T, disorder)",data/32Ising_T2.4_hs_dataDriven,32,2.4,17000,v3_identity_raw,f_1,0.9356464147567749
"T = 2.40  (high T, disorder)",data/32Ising_T2.4_hs_dataDriven,32,2.4,17000,v3_identity_rel,f_1,0.9318458744404042
"T = 2.40  (high T, disorder)",data/32Ising_T2.4_hs_dataDriven,32,2.4,17000,v3_identity_raw,f_2,5.476940631866455
"T = 2.40  (high T, disorder)",data/32Ising_T2.4_hs_dataDriven,32,2.4,17000,v3_identity_rel,f_2,5.454693623430915
"T = 2.40  (high T, disorder)",data/32Ising_T2.4_hs_dataDriven,32,2.4,17000,v3_identity_raw,f_3,4.841787338256836
"T = 2.40  (high T, disorder)",data/32Ising_T2.4_hs_dataDriven,32,2.4,17000,v3_identity_rel,f_3,4.8221202848784275
"T = 2.40  (high T, disorder)",data/32Ising_T2.4_hs_dataDriven,32,2.4,17000,v3_identity_raw,f_4,1.6042550802230835
"T = 2.40  (high T, disorder)",data/32Ising_T2.4_hs_dataDriven,32,2.4,17000,v3_identity_rel,f_4,1.5977386911107336
"T = 2.40  (high T, disorder)",data/32Ising_T2.4_hs_dataDriven,32,2.4,17000,v3_identity_raw,f_5,0.12992988526821136
"T = 2.40  (high T, disorder)",data/32Ising_T2.4_hs_dataDriven,32,2.4,17000,v3_identity_rel,f_5,0.1294021177702815
L=32 baseline_b64,data/32Ising_T2.269_hsBignet_baseline_b64,32,2.269185314213022,19800,v3_identity_raw,f_1,1.700067162513733
L=32 baseline_b64,data/32Ising_T2.269_hsBignet_baseline_b64,32,2.269185314213022,19800,v3_identity_rel,f_1,1.6931615903982764
L=32 baseline_b64,data/32Ising_T2.269_hsBignet_baseline_b64,32,2.269185314213022,19800,v3_identity_raw,f_2,4.405366897583008
L=32 baseline_b64,data/32Ising_T2.269_hsBignet_baseline_b64,32,2.269185314213022,19800,v3_identity_rel,f_2,4.387472558184485
L=32 baseline_b64,data/32Ising_T2.269_hsBignet_baseline_b64,32,2.269185314213022,19800,v3_identity_raw,f_3,3.772512912750244
L=32 baseline_b64,data/32Ising_T2.269_hsBignet_baseline_b64,32,2.269185314213022,19800,v3_identity_rel,f_3,3.757189188752794
L=32 baseline_b64,data/32Ising_T2.269_hsBignet_baseline_b64,32,2.269185314213022,19800,v3_identity_raw,f_4,3.6011550426483154
L=32 baseline_b64,data/32Ising_T2.269_hsBignet_baseline_b64,32,2.269185314213022,19800,v3_identity_rel,f_4,3.5865273641693203
L=32 baseline_b64,data/32Ising_T2.269_hsBignet_baseline_b64,32,2.269185314213022,19800,v3_identity_raw,f_5,0.46932733058929443
L=32 baseline_b64,data/32Ising_T2.269_hsBignet_baseline_b64,32,2.269185314213022,19800,v3_identity_rel,f_5,0.46742095077171886
L=32 iii1_lam1.0_b64 (+III.1),data/32Ising_T2.269_hsBignet_iii1_lam1.0_b64,32,2.269185314213022,19800,v3_identity_raw,f_1,1.6763707399368286
L=32 iii1_lam1.0_b64 (+III.1),data/32Ising_T2.269_hsBignet_iii1_lam1.0_b64,32,2.269185314213022,19800,v3_identity_rel,f_1,1.6695614212862888
L=32 iii1_lam1.0_b64 (+III.1),data/32Ising_T2.269_hsBignet_iii1_lam1.0_b64,32,2.269185314213022,19800,v3_identity_raw,f_2,3.489457368850708
L=32 iii1_lam1.0_b64 (+III.1),data/32Ising_T2.269_hsBignet_iii1_lam1.0_b64,32,2.269185314213022,19800,v3_identity_rel,f_2,3.475283399706583
L=32 iii1_lam1.0_b64 (+III.1),data/32Ising_T2.269_hsBignet_iii1_lam1.0_b64,32,2.269185314213022,19800,v3_identity_raw,f_3,1.5422942638397217
L=32 iii1_lam1.0_b64 (+III.1),data/32Ising_T2.269_hsBignet_iii1_lam1.0_b64,32,2.269185314213022,19800,v3_identity_rel,f_3,1.5360295558934471
L=32 iii1_lam1.0_b64 (+III.1),data/32Ising_T2.269_hsBignet_iii1_lam1.0_b64,32,2.269185314213022,19800,v3_identity_raw,f_4,1.0703952312469482
L=32 iii1_lam1.0_b64 (+III.1),data/32Ising_T2.269_hsBignet_iii1_lam1.0_b64,32,2.269185314213022,19800,v3_identity_rel,f_4,1.0660473492194598
L=32 iii1_lam1.0_b64 (+III.1),data/32Ising_T2.269_hsBignet_iii1_lam1.0_b64,32,2.269185314213022,19800,v3_identity_raw,f_5,0.01141095720231533
L=32 iii1_lam1.0_b64 (+III.1),data/32Ising_T2.269_hsBignet_iii1_lam1.0_b64,32,2.269185314213022,19800,v3_identity_rel,f_5,0.011364606570055329
L=32 i2_stride8h32_b64 (+I.2 cond),data/32Ising_T2.269_hsBignet_i2_stride8h32_b64,32,2.269185314213022,19800,v3_identity_raw,f_1,0.7790315747261047
L=32 i2_stride8h32_b64 (+I.2 cond),data/32Ising_T2.269_hsBignet_i2_stride8h32_b64,32,2.269185314213022,19800,v3_identity_rel,f_1,0.7758671946133012
L=32 i2_stride8h32_b64 (+I.2 cond),data/32Ising_T2.269_hsBignet_i2_stride8h32_b64,32,2.269185314213022,19800,v3_identity_raw,f_2,2.870939016342163
L=32 i2_stride8h32_b64 (+I.2 cond),data/32Ising_T2.269_hsBignet_i2_stride8h32_b64,32,2.269185314213022,19800,v3_identity_rel,f_2,2.859277432109741
L=32 i2_stride8h32_b64 (+I.2 cond),data/32Ising_T2.269_hsBignet_i2_stride8h32_b64,32,2.269185314213022,19800,v3_identity_raw,f_3,3.4481148719787598
L=32 i2_stride8h32_b64 (+I.2 cond),data/32Ising_T2.269_hsBignet_i2_stride8h32_b64,32,2.269185314213022,19800,v3_identity_rel,f_3,3.4341088336081227
L=32 i2_stride8h32_b64 (+I.2 cond),data/32Ising_T2.269_hsBignet_i2_stride8h32_b64,32,2.269185314213022,19800,v3_identity_raw,f_4,4.465614318847656
L=32 i2_stride8h32_b64 (+I.2 cond),data/32Ising_T2.269_hsBignet_i2_stride8h32_b64,32,2.269185314213022,19800,v3_identity_rel,f_4,4.447475257992542
L=32 i2_stride8h32_b64 (+I.2 cond),data/32Ising_T2.269_hsBignet_i2_stride8h32_b64,32,2.269185314213022,19800,v3_identity_raw,f_5,0.4777444303035736
L=32 i2_stride8h32_b64 (+I.2 cond),data/32Ising_T2.269_hsBignet_i2_stride8h32_b64,32,2.269185314213022,19800,v3_identity_rel,f_5,0.4758038607255218
L=32 combined_lam1.0_b64 (I.2+III.1),data/32Ising_T2.269_hsBignet_combined_lam1.0_stride8h32_b64,32,2.269185314213022,19800,v3_identity_raw,f_1,0.738653838634491
L=32 combined_lam1.0_b64 (I.2+III.1),data/32Ising_T2.269_hsBignet_combined_lam1.0_stride8h32_b64,32,2.269185314213022,19800,v3_identity_rel,f_1,0.7356534704940304
L=32 combined_lam1.0_b64 (I.2+III.1),data/32Ising_T2.269_hsBignet_combined_lam1.0_stride8h32_b64,32,2.269185314213022,19800,v3_identity_raw,f_2,3.394930839538574
L=32 combined_lam1.0_b64 (I.2+III.1),data/32Ising_T2.269_hsBignet_combined_lam1.0_stride8h32_b64,32,2.269185314213022,19800,v3_identity_rel,f_2,3.381140831557503
L=32 combined_lam1.0_b64 (I.2+III.1),data/32Ising_T2.269_hsBignet_combined_lam1.0_stride8h32_b64,32,2.269185314213022,19800,v3_identity_raw,f_3,1.7979744672775269
L=32 combined_lam1.0_b64 (I.2+III.1),data/32Ising_T2.269_hsBignet_combined_lam1.0_stride8h32_b64,32,2.269185314213022,19800,v3_identity_rel,f_3,1.7906712014893822
L=32 combined_lam1.0_b64 (I.2+III.1),data/32Ising_T2.269_hsBignet_combined_lam1.0_stride8h32_b64,32,2.269185314213022,19800,v3_identity_raw,f_4,1.146767497062683
L=32 combined_lam1.0_b64 (I.2+III.1),data/32Ising_T2.269_hsBignet_combined_lam1.0_stride8h32_b64,32,2.269185314213022,19800,v3_identity_rel,f_4,1.1421093954151464
L=32 combined_lam1.0_b64 (I.2+III.1),data/32Ising_T2.269_hsBignet_combined_lam1.0_stride8h32_b64,32,2.269185314213022,19800,v3_identity_raw,f_5,0.002553650178015232
L=32 combined_lam1.0_b64 (I.2+III.1),data/32Ising_T2.269_hsBignet_combined_lam1.0_stride8h32_b64,32,2.269185314213022,19800,v3_identity_rel,f_5,0.0025432774022503862
L=32 iii1_lam0.1_b64,data/32Ising_T2.269_hsBignet_iii1_lam0.1_b64,32,2.269185314213022,19800,v3_identity_raw,f_1,1.650808572769165
L=32 iii1_lam0.1_b64,data/32Ising_T2.269_hsBignet_iii1_lam0.1_b64,32,2.269185314213022,19800,v3_identity_rel,f_1,1.6441030861275574
L=32 iii1_lam0.1_b64,data/32Ising_T2.269_hsBignet_iii1_lam0.1_b64,32,2.269185314213022,19800,v3_identity_raw,f_2,4.099206447601318
L=32 iii1_lam0.1_b64,data/32Ising_T2.269_hsBignet_iii1_lam0.1_b64,32,2.269185314213022,19800,v3_identity_rel,f_2,4.082555713816072
L=32 iii1_lam0.1_b64,data/32Ising_T2.269_hsBignet_iii1_lam0.1_b64,32,2.269185314213022,19800,v3_identity_raw,f_3,3.109703302383423
L=32 iii1_lam0.1_b64,data/32Ising_T2.269_hsBignet_iii1_lam0.1_b64,32,2.269185314213022,19800,v3_identity_rel,f_3,3.097071871763629
L=32 iii1_lam0.1_b64,data/32Ising_T2.269_hsBignet_iii1_lam0.1_b64,32,2.269185314213022,19800,v3_identity_raw,f_4,2.497443199157715
L=32 iii1_lam0.1_b64,data/32Ising_T2.269_hsBignet_iii1_lam0.1_b64,32,2.269185314213022,19800,v3_identity_rel,f_4,2.4872987328117264
L=32 iii1_lam0.1_b64,data/32Ising_T2.269_hsBignet_iii1_lam0.1_b64,32,2.269185314213022,19800,v3_identity_raw,f_5,0.5139321684837341
L=32 iii1_lam0.1_b64,data/32Ising_T2.269_hsBignet_iii1_lam0.1_b64,32,2.269185314213022,19800,v3_identity_rel,f_5,0.5118446064566728
L=32 iii1_lam10.0_b64,data/32Ising_T2.269_hsBignet_iii1_lam10.0_b64,32,2.269185314213022,19800,v3_identity_raw,f_1,2.396538496017456
L=32 iii1_lam10.0_b64,data/32Ising_T2.269_hsBignet_iii1_lam10.0_b64,32,2.269185314213022,19800,v3_identity_rel,f_1,2.3868038985988185
L=32 iii1_lam10.0_b64,data/32Ising_T2.269_hsBignet_iii1_lam10.0_b64,32,2.269185314213022,19800,v3_identity_raw,f_2,0.24384871125221252
L=32 iii1_lam10.0_b64,data/32Ising_T2.269_hsBignet_iii1_lam10.0_b64,32,2.269185314213022,19800,v3_identity_rel,f_2,0.24285821223079537
L=32 iii1_lam10.0_b64,data/32Ising_T2.269_hsBignet_iii1_lam10.0_b64,32,2.269185314213022,19800,v3_identity_raw,f_3,0.010992010124027729
L=32 iii1_lam10.0_b64,data/32Ising_T2.269_hsBignet_iii1_lam10.0_b64,32,2.269185314213022,19800,v3_identity_rel,f_3,0.010947361229984586
L=32 iii1_lam10.0_b64,data/32Ising_T2.269_hsBignet_iii1_lam10.0_b64,32,2.269185314213022,19800,v3_identity_raw,f_4,0.0007906641694717109
L=32 iii1_lam10.0_b64,data/32Ising_T2.269_hsBignet_iii1_lam10.0_b64,32,2.269185314213022,19800,v3_identity_rel,f_4,0.0007874525384480745
L=32 iii1_lam10.0_b64,data/32Ising_T2.269_hsBignet_iii1_lam10.0_b64,32,2.269185314213022,19800,v3_identity_raw,f_5,0.007288109511137009
L=32 iii1_lam10.0_b64,data/32Ising_T2.269_hsBignet_iii1_lam10.0_b64,32,2.269185314213022,19800,v3_identity_rel,f_5,0.0072585056419933415
L=32 i2_stride4h32 (b128),data/32Ising_T2.269_hsBignet_i2_stride4h32,32,2.269185314213022,19800,v3_identity_raw,f_1,0.7589399814605713
L=32 i2_stride4h32 (b128),data/32Ising_T2.269_hsBignet_i2_stride4h32,32,2.269185314213022,19800,v3_identity_rel,f_1,0.7558572122095436
L=32 i2_stride4h32 (b128),data/32Ising_T2.269_hsBignet_i2_stride4h32,32,2.269185314213022,19800,v3_identity_raw,f_2,2.4761383533477783
L=32 i2_stride4h32 (b128),data/32Ising_T2.269_hsBignet_i2_stride4h32,32,2.269185314213022,19800,v3_identity_rel,f_2,2.4660804260235376
L=32 i2_stride4h32 (b128),data/32Ising_T2.269_hsBignet_i2_stride4h32,32,2.269185314213022,19800,v3_identity_raw,f_3,6.063867568969727
L=32 i2_stride4h32 (b128),data/32Ising_T2.269_hsBignet_i2_stride4h32,32,2.269185314213022,19800,v3_identity_rel,f_3,6.039236498080631
L=32 i2_stride4h32 (b128),data/32Ising_T2.269_hsBignet_i2_stride4h32,32,2.269185314213022,19800,v3_identity_raw,f_4,4.615530490875244
L=32 i2_stride4h32 (b128),data/32Ising_T2.269_hsBignet_i2_stride4h32,32,2.269185314213022,19800,v3_identity_rel,f_4,4.596782479409215
L=32 i2_stride4h32 (b128),data/32Ising_T2.269_hsBignet_i2_stride4h32,32,2.269185314213022,19800,v3_identity_raw,f_5,0.35706010460853577
L=32 i2_stride4h32 (b128),data/32Ising_T2.269_hsBignet_i2_stride4h32,32,2.269185314213022,19800,v3_identity_rel,f_5,0.3556097476130622
L=32 i2_stride16h32 (b128),data/32Ising_T2.269_hsBignet_i2_stride16h32,32,2.269185314213022,19800,v3_identity_raw,f_1,0.7522905468940735
L=32 i2_stride16h32 (b128),data/32Ising_T2.269_hsBignet_i2_stride16h32,32,2.269185314213022,19800,v3_identity_rel,f_1,0.7492347872523945
L=32 i2_stride16h32 (b128),data/32Ising_T2.269_hsBignet_i2_stride16h32,32,2.269185314213022,19800,v3_identity_raw,f_2,5.485610008239746
L=32 i2_stride16h32 (b128),data/32Ising_T2.269_hsBignet_i2_stride16h32,32,2.269185314213022,19800,v3_identity_rel,f_2,5.4633277853108835
L=32 i2_stride16h32 (b128),data/32Ising_T2.269_hsBignet_i2_stride16h32,32,2.269185314213022,19800,v3_identity_raw,f_3,17.991601943969727
L=32 i2_stride16h32 (b128),data/32Ising_T2.269_hsBignet_i2_stride16h32,32,2.269185314213022,19800,v3_identity_rel,f_3,17.91852112255502
L=32 i2_stride16h32 (b128),data/32Ising_T2.269_hsBignet_i2_stride16h32,32,2.269185314213022,19800,v3_identity_raw,f_4,6.910224914550781
L=32 i2_stride16h32 (b128),data/32Ising_T2.269_hsBignet_i2_stride16h32,32,2.269185314213022,19800,v3_identity_rel,f_4,6.882155990255521
L=32 i2_stride16h32 (b128),data/32Ising_T2.269_hsBignet_i2_stride16h32,32,2.269185314213022,19800,v3_identity_raw,f_5,0.6183590292930603
L=32 i2_stride16h32 (b128),data/32Ising_T2.269_hsBignet_i2_stride16h32,32,2.269185314213022,19800,v3_identity_rel,f_5,0.6158472915428216
L=32 i1_df4.0 (Student-t b128),data/32Ising_T2.269_hsBignet_i1_df4.0,32,2.269185314213022,19800,v3_identity_raw,f_1,1.1856564283370972
L=32 i1_df4.0 (Student-t b128),data/32Ising_T2.269_hsBignet_i1_df4.0,32,2.269185314213022,19800,v3_identity_rel,f_1,1.1808403621541999
L=32 i1_df4.0 (Student-t b128),data/32Ising_T2.269_hsBignet_i1_df4.0,32,2.269185314213022,19800,v3_identity_raw,f_2,4.4674835205078125
L=32 i1_df4.0 (Student-t b128),data/32Ising_T2.269_hsBignet_i1_df4.0,32,2.269185314213022,19800,v3_identity_rel,f_2,4.449336867066272
L=32 i1_df4.0 (Student-t b128),data/32Ising_T2.269_hsBignet_i1_df4.0,32,2.269185314213022,19800,v3_identity_raw,f_3,7.605225086212158
L=32 i1_df4.0 (Student-t b128),data/32Ising_T2.269_hsBignet_i1_df4.0,32,2.269185314213022,19800,v3_identity_rel,f_3,7.574333112385981
L=32 i1_df4.0 (Student-t b128),data/32Ising_T2.269_hsBignet_i1_df4.0,32,2.269185314213022,19800,v3_identity_raw,f_4,6.429883003234863
L=32 i1_df4.0 (Student-t b128),data/32Ising_T2.269_hsBignet_i1_df4.0,32,2.269185314213022,19800,v3_identity_rel,f_4,6.403765199331673
L=32 i1_df4.0 (Student-t b128),data/32Ising_T2.269_hsBignet_i1_df4.0,32,2.269185314213022,19800,v3_identity_raw,f_5,1.4787729978561401
L=32 i1_df4.0 (Student-t b128),data/32Ising_T2.269_hsBignet_i1_df4.0,32,2.269185314213022,19800,v3_identity_rel,f_5,1.4727663095297883
L=64 baseline_b16,data/64Ising_T2.269_hsBignet_baseline_b16,64,2.269185314213022,19800,v3_identity_raw,f_1,0.7974022626876831
L=64 baseline_b16,data/64Ising_T2.269_hsBignet_baseline_b16,64,2.269185314213022,19800,v3_identity_rel,f_1,0.7941632619285154
L=64 baseline_b16,data/64Ising_T2.269_hsBignet_baseline_b16,64,2.269185314213022,19800,v3_identity_raw,f_2,3.9487171173095703
L=64 baseline_b16,data/64Ising_T2.269_hsBignet_baseline_b16,64,2.269185314213022,19800,v3_identity_rel,f_2,3.9326776622701587
L=64 baseline_b16,data/64Ising_T2.269_hsBignet_baseline_b16,64,2.269185314213022,19800,v3_identity_raw,f_3,7.070620536804199
L=64 baseline_b16,data/64Ising_T2.269_hsBignet_baseline_b16,64,2.269185314213022,19800,v3_identity_rel,f_3,7.041900094991927
L=64 baseline_b16,data/64Ising_T2.269_hsBignet_baseline_b16,64,2.269185314213022,19800,v3_identity_raw,f_4,5.028693199157715
L=64 baseline_b16,data/64Ising_T2.269_hsBignet_baseline_b16,64,2.269185314213022,19800,v3_identity_rel,f_4,5.008266945243167
L=64 baseline_b16,data/64Ising_T2.269_hsBignet_baseline_b16,64,2.269185314213022,19800,v3_identity_raw,f_5,2.636425256729126
L=64 baseline_b16,data/64Ising_T2.269_hsBignet_baseline_b16,64,2.269185314213022,19800,v3_identity_rel,f_5,2.625716253497492
L=64 baseline_b16,data/64Ising_T2.269_hsBignet_baseline_b16,64,2.269185314213022,19800,v3_identity_raw,f_6,0.9769692420959473
L=64 baseline_b16,data/64Ising_T2.269_hsBignet_baseline_b16,64,2.269185314213022,19800,v3_identity_rel,f_6,0.9730008509025658
L=64 iii1_lam1.0_b16 (+III.1),data/64Ising_T2.269_hsBignet_iii1_lam1.0_b16,64,2.269185314213022,19800,v3_identity_raw,f_1,0.8999518752098083
L=64 iii1_lam1.0_b16 (+III.1),data/64Ising_T2.269_hsBignet_iii1_lam1.0_b16,64,2.269185314213022,19800,v3_identity_rel,f_1,0.8962963239988123
L=64 iii1_lam1.0_b16 (+III.1),data/64Ising_T2.269_hsBignet_iii1_lam1.0_b16,64,2.269185314213022,19800,v3_identity_raw,f_2,2.2192370891571045
L=64 iii1_lam1.0_b16 (+III.1),data/64Ising_T2.269_hsBignet_iii1_lam1.0_b16,64,2.269185314213022,19800,v3_identity_rel,f_2,2.210222679551186
L=64 iii1_lam1.0_b16 (+III.1),data/64Ising_T2.269_hsBignet_iii1_lam1.0_b16,64,2.269185314213022,19800,v3_identity_raw,f_3,3.748295783996582
L=64 iii1_lam1.0_b16 (+III.1),data/64Ising_T2.269_hsBignet_iii1_lam1.0_b16,64,2.269185314213022,19800,v3_identity_rel,f_3,3.7330704285416965
L=64 iii1_lam1.0_b16 (+III.1),data/64Ising_T2.269_hsBignet_iii1_lam1.0_b16,64,2.269185314213022,19800,v3_identity_raw,f_4,2.2861690521240234
L=64 iii1_lam1.0_b16 (+III.1),data/64Ising_T2.269_hsBignet_iii1_lam1.0_b16,64,2.269185314213022,19800,v3_identity_rel,f_4,2.276882768849059
L=64 iii1_lam1.0_b16 (+III.1),data/64Ising_T2.269_hsBignet_iii1_lam1.0_b16,64,2.269185314213022,19800,v3_identity_raw,f_5,1.0017849206924438
L=64 iii1_lam1.0_b16 (+III.1),data/64Ising_T2.269_hsBignet_iii1_lam1.0_b16,64,2.269185314213022,19800,v3_identity_rel,f_5,0.99771572968249
L=64 iii1_lam1.0_b16 (+III.1),data/64Ising_T2.269_hsBignet_iii1_lam1.0_b16,64,2.269185314213022,19800,v3_identity_raw,f_6,0.009359446354210377
L=64 iii1_lam1.0_b16 (+III.1),data/64Ising_T2.269_hsBignet_iii1_lam1.0_b16,64,2.269185314213022,19800,v3_identity_rel,f_6,0.00932142883749993
L=64 i2_stride16h32_b16 (+I.2),data/64Ising_T2.269_hsBignet_i2_stride16h32_b16,64,2.269185314213022,19800,v3_identity_raw,f_1,1.5713255405426025
L=64 i2_stride16h32_b16 (+I.2),data/64Ising_T2.269_hsBignet_i2_stride16h32_b16,64,2.269185314213022,19800,v3_identity_rel,f_1,1.5649429092699465
L=64 i2_stride16h32_b16 (+I.2),data/64Ising_T2.269_hsBignet_i2_stride16h32_b16,64,2.269185314213022,19800,v3_identity_raw,f_2,2.253251314163208
L=64 i2_stride16h32_b16 (+I.2),data/64Ising_T2.269_hsBignet_i2_stride16h32_b16,64,2.269185314213022,19800,v3_identity_rel,f_2,2.2440987407900512
L=64 i2_stride16h32_b16 (+I.2),data/64Ising_T2.269_hsBignet_i2_stride16h32_b16,64,2.269185314213022,19800,v3_identity_raw,f_3,6.327655792236328
L=64 i2_stride16h32_b16 (+I.2),data/64Ising_T2.269_hsBignet_i2_stride16h32_b16,64,2.269185314213022,19800,v3_identity_rel,f_3,6.301953229209074
L=64 i2_stride16h32_b16 (+I.2),data/64Ising_T2.269_hsBignet_i2_stride16h32_b16,64,2.269185314213022,19800,v3_identity_raw,f_4,1.804741382598877
L=64 i2_stride16h32_b16 (+I.2),data/64Ising_T2.269_hsBignet_i2_stride16h32_b16,64,2.269185314213022,19800,v3_identity_rel,f_4,1.797410630001516
L=64 i2_stride16h32_b16 (+I.2),data/64Ising_T2.269_hsBignet_i2_stride16h32_b16,64,2.269185314213022,19800,v3_identity_raw,f_5,1.0536816120147705
L=64 i2_stride16h32_b16 (+I.2),data/64Ising_T2.269_hsBignet_i2_stride16h32_b16,64,2.269185314213022,19800,v3_identity_rel,f_5,1.0494016197186191
L=64 i2_stride16h32_b16 (+I.2),data/64Ising_T2.269_hsBignet_i2_stride16h32_b16,64,2.269185314213022,19800,v3_identity_raw,f_6,0.3123449683189392
L=64 i2_stride16h32_b16 (+I.2),data/64Ising_T2.269_hsBignet_i2_stride16h32_b16,64,2.269185314213022,19800,v3_identity_rel,f_6,0.3110762415584992
L=64 i1_df4.0_b16 (Student-t),data/64Ising_T2.269_hsBignet_i1_df4.0_b16,64,2.269185314213022,19800,v3_identity_raw,f_1,1.044967532157898
L=64 i1_df4.0_b16 (Student-t),data/64Ising_T2.269_hsBignet_i1_df4.0_b16,64,2.269185314213022,19800,v3_identity_rel,f_1,1.0407229359379713
L=64 i1_df4.0_b16 (Student-t),data/64Ising_T2.269_hsBignet_i1_df4.0_b16,64,2.269185314213022,19800,v3_identity_raw,f_2,3.4681973457336426
L=64 i1_df4.0_b16 (Student-t),data/64Ising_T2.269_hsBignet_i1_df4.0_b16,64,2.269185314213022,19800,v3_identity_rel,f_2,3.4541097335441417
L=64 i1_df4.0_b16 (Student-t),data/64Ising_T2.269_hsBignet_i1_df4.0_b16,64,2.269185314213022,19800,v3_identity_raw,f_3,6.892414093017578
L=64 i1_df4.0_b16 (Student-t),data/64Ising_T2.269_hsBignet_i1_df4.0_b16,64,2.269185314213022,19800,v3_identity_rel,f_3,6.864417515224412
L=64 i1_df4.0_b16 (Student-t),data/64Ising_T2.269_hsBignet_i1_df4.0_b16,64,2.269185314213022,19800,v3_identity_raw,f_4,3.988248825073242
L=64 i1_df4.0_b16 (Student-t),data/64Ising_T2.269_hsBignet_i1_df4.0_b16,64,2.269185314213022,19800,v3_identity_rel,f_4,3.9720487945784435
L=64 i1_df4.0_b16 (Student-t),data/64Ising_T2.269_hsBignet_i1_df4.0_b16,64,2.269185314213022,19800,v3_identity_raw,f_5,1.9638230800628662
L=64 i1_df4.0_b16 (Student-t),data/64Ising_T2.269_hsBignet_i1_df4.0_b16,64,2.269185314213022,19800,v3_identity_rel,f_5,1.9558461470331614
L=64 i1_df4.0_b16 (Student-t),data/64Ising_T2.269_hsBignet_i1_df4.0_b16,64,2.269185314213022,19800,v3_identity_raw,f_6,0.6059361100196838
L=64 i1_df4.0_b16 (Student-t),data/64Ising_T2.269_hsBignet_i1_df4.0_b16,64,2.269185314213022,19800,v3_identity_rel,f_6,0.603474833431697
L=32 i2_stride4h32_b64 (Phase-2),data/32Ising_T2.269_hsBignet_i2_stride4h32_b64,32,2.269185314213022,19800,v3_identity_raw,f_1,0.7779674530029297
L=32 i2_stride4h32_b64 (Phase-2),data/32Ising_T2.269_hsBignet_i2_stride4h32_b64,32,2.269185314213022,19800,v3_identity_rel,f_1,0.7748073952895355
L=32 i2_stride4h32_b64 (Phase-2),data/32Ising_T2.269_hsBignet_i2_stride4h32_b64,32,2.269185314213022,19800,v3_identity_raw,f_2,3.8021819591522217
L=32 i2_stride4h32_b64 (Phase-2),data/32Ising_T2.269_hsBignet_i2_stride4h32_b64,32,2.269185314213022,19800,v3_identity_rel,f_2,3.786737721245649
L=32 i2_stride4h32_b64 (Phase-2),data/32Ising_T2.269_hsBignet_i2_stride4h32_b64,32,2.269185314213022,19800,v3_identity_raw,f_3,7.4607062339782715
L=32 i2_stride4h32_b64 (Phase-2),data/32Ising_T2.269_hsBignet_i2_stride4h32_b64,32,2.269185314213022,19800,v3_identity_rel,f_3,7.430401287169702
L=32 i2_stride4h32_b64 (Phase-2),data/32Ising_T2.269_hsBignet_i2_stride4h32_b64,32,2.269185314213022,19800,v3_identity_raw,f_4,2.1413214206695557
L=32 i2_stride4h32_b64 (Phase-2),data/32Ising_T2.269_hsBignet_i2_stride4h32_b64,32,2.269185314213022,19800,v3_identity_rel,f_4,2.1326234998939193
L=32 i2_stride4h32_b64 (Phase-2),data/32Ising_T2.269_hsBignet_i2_stride4h32_b64,32,2.269185314213022,19800,v3_identity_raw,f_5,0.7454040050506592
L=32 i2_stride4h32_b64 (Phase-2),data/32Ising_T2.269_hsBignet_i2_stride4h32_b64,32,2.269185314213022,19800,v3_identity_rel,f_5,0.7423762181340432
L=32 i2_stride8h64_b64 (Phase-2),data/32Ising_T2.269_hsBignet_i2_stride8h64_b64,32,2.269185314213022,19800,v3_identity_raw,f_1,1.8328726291656494
L=32 i2_stride8h64_b64 (Phase-2),data/32Ising_T2.269_hsBignet_i2_stride8h64_b64,32,2.269185314213022,19800,v3_identity_rel,f_1,1.8254276091110093
L=32 i2_stride8h64_b64 (Phase-2),data/32Ising_T2.269_hsBignet_i2_stride8h64_b64,32,2.269185314213022,19800,v3_identity_raw,f_2,2.1496472358703613
L=32 i2_stride8h64_b64 (Phase-2),data/32Ising_T2.269_hsBignet_i2_stride8h64_b64,32,2.269185314213022,19800,v3_identity_rel,f_2,2.140915496126535
L=32 i2_stride8h64_b64 (Phase-2),data/32Ising_T2.269_hsBignet_i2_stride8h64_b64,32,2.269185314213022,19800,v3_identity_raw,f_3,2.906792402267456
L=32 i2_stride8h64_b64 (Phase-2),data/32Ising_T2.269_hsBignet_i2_stride8h64_b64,32,2.269185314213022,19800,v3_identity_rel,f_3,2.8949851837050793
L=32 i2_stride8h64_b64 (Phase-2),data/32Ising_T2.269_hsBignet_i2_stride8h64_b64,32,2.269185314213022,19800,v3_identity_raw,f_4,3.5032742023468018
L=32 i2_stride8h64_b64 (Phase-2),data/32Ising_T2.269_hsBignet_i2_stride8h64_b64,32,2.269185314213022,19800,v3_identity_rel,f_4,3.4890441100434164
L=32 i2_stride8h64_b64 (Phase-2),data/32Ising_T2.269_hsBignet_i2_stride8h64_b64,32,2.269185314213022,19800,v3_identity_raw,f_5,0.2359592318534851
L=32 i2_stride8h64_b64 (Phase-2),data/32Ising_T2.269_hsBignet_i2_stride8h64_b64,32,2.269185314213022,19800,v3_identity_rel,f_5,0.23500077943007455
L=64 i2_stride8h32_b16 (Phase-2),data/64Ising_T2.269_hsBignet_i2_stride8h32_b16,64,2.269185314213022,19800,v3_identity_raw,f_1,0.9585238099098206
L=64 i2_stride8h32_b16 (Phase-2),data/64Ising_T2.269_hsBignet_i2_stride8h32_b16,64,2.269185314213022,19800,v3_identity_rel,f_1,0.9546303429694161
L=64 i2_stride8h32_b16 (Phase-2),data/64Ising_T2.269_hsBignet_i2_stride8h32_b16,64,2.269185314213022,19800,v3_identity_raw,f_2,3.736131191253662
L=64 i2_stride8h32_b16 (Phase-2),data/64Ising_T2.269_hsBignet_i2_stride8h32_b16,64,2.269185314213022,19800,v3_identity_rel,f_2,3.720955247653963
L=64 i2_stride8h32_b16 (Phase-2),data/64Ising_T2.269_hsBignet_i2_stride8h32_b16,64,2.269185314213022,19800,v3_identity_raw,f_3,5.059006214141846
L=64 i2_stride8h32_b16 (Phase-2),data/64Ising_T2.269_hsBignet_i2_stride8h32_b16,64,2.269185314213022,19800,v3_identity_rel,f_3,5.038456830555939
L=64 i2_stride8h32_b16 (Phase-2),data/64Ising_T2.269_hsBignet_i2_stride8h32_b16,64,2.269185314213022,19800,v3_identity_raw,f_4,3.533400058746338
L=64 i2_stride8h32_b16 (Phase-2),data/64Ising_T2.269_hsBignet_i2_stride8h32_b16,64,2.269185314213022,19800,v3_identity_rel,f_4,3.5190475969986776
L=64 i2_stride8h32_b16 (Phase-2),data/64Ising_T2.269_hsBignet_i2_stride8h32_b16,64,2.269185314213022,19800,v3_identity_raw,f_5,1.293769121170044
L=64 i2_stride8h32_b16 (Phase-2),data/64Ising_T2.269_hsBignet_i2_stride8h32_b16,64,2.269185314213022,19800,v3_identity_rel,f_5,1.288513907632609
L=64 i2_stride8h32_b16 (Phase-2),data/64Ising_T2.269_hsBignet_i2_stride8h32_b16,64,2.269185314213022,19800,v3_identity_raw,f_6,0.23492783308029175
L=64 i2_stride8h32_b16 (Phase-2),data/64Ising_T2.269_hsBignet_i2_stride8h32_b16,64,2.269185314213022,19800,v3_identity_rel,f_6,0.23397357013760592
L=64 i2_stride4h32_b16 (Phase-2),data/64Ising_T2.269_hsBignet_i2_stride4h32_b16,64,2.269185314213022,19800,v3_identity_raw,f_1,1.6015275716781616
L=64 i2_stride4h32_b16 (Phase-2),data/64Ising_T2.269_hsBignet_i2_stride4h32_b16,64,2.269185314213022,19800,v3_identity_rel,f_1,1.5950222615439649
L=64 i2_stride4h32_b16 (Phase-2),data/64Ising_T2.269_hsBignet_i2_stride4h32_b16,64,2.269185314213022,19800,v3_identity_raw,f_2,2.156355857849121
L=64 i2_stride4h32_b16 (Phase-2),data/64Ising_T2.269_hsBignet_i2_stride4h32_b16,64,2.269185314213022,19800,v3_identity_rel,f_2,2.147596868080184
L=64 i2_stride4h32_b16 (Phase-2),data/64Ising_T2.269_hsBignet_i2_stride4h32_b16,64,2.269185314213022,19800,v3_identity_raw,f_3,8.217750549316406
L=64 i2_stride4h32_b16 (Phase-2),data/64Ising_T2.269_hsBignet_i2_stride4h32_b16,64,2.269185314213022,19800,v3_identity_rel,f_3,8.184370533340314
L=64 i2_stride4h32_b16 (Phase-2),data/64Ising_T2.269_hsBignet_i2_stride4h32_b16,64,2.269185314213022,19800,v3_identity_raw,f_4,2.0937724113464355
L=64 i2_stride4h32_b16 (Phase-2),data/64Ising_T2.269_hsBignet_i2_stride4h32_b16,64,2.269185314213022,19800,v3_identity_rel,f_4,2.0852676318302383
L=64 i2_stride4h32_b16 (Phase-2),data/64Ising_T2.269_hsBignet_i2_stride4h32_b16,64,2.269185314213022,19800,v3_identity_raw,f_5,2.1544747352600098
L=64 i2_stride4h32_b16 (Phase-2),data/64Ising_T2.269_hsBignet_i2_stride4h32_b16,64,2.269185314213022,19800,v3_identity_rel,f_5,2.1457233864996064
L=64 i2_stride4h32_b16 (Phase-2),data/64Ising_T2.269_hsBignet_i2_stride4h32_b16,64,2.269185314213022,19800,v3_identity_raw,f_6,0.3283909261226654
L=64 i2_stride4h32_b16 (Phase-2),data/64Ising_T2.269_hsBignet_i2_stride4h32_b16,64,2.269185314213022,19800,v3_identity_rel,f_6,0.3270570216320636
L=64 i2_stride8h64_b16 (Phase-2),data/64Ising_T2.269_hsBignet_i2_stride8h64_b16,64,2.269185314213022,19800,v3_identity_raw,f_1,1.5382671356201172
L=64 i2_stride8h64_b16 (Phase-2),data/64Ising_T2.269_hsBignet_i2_stride8h64_b16,64,2.269185314213022,19800,v3_identity_rel,f_1,1.532018785630135
L=64 i2_stride8h64_b16 (Phase-2),data/64Ising_T2.269_hsBignet_i2_stride8h64_b16,64,2.269185314213022,19800,v3_identity_raw,f_2,1.462775468826294
L=64 i2_stride8h64_b16 (Phase-2),data/64Ising_T2.269_hsBignet_i2_stride8h64_b16,64,2.269185314213022,19800,v3_identity_rel,f_2,1.4568337615152929
L=64 i2_stride8h64_b16 (Phase-2),data/64Ising_T2.269_hsBignet_i2_stride8h64_b16,64,2.269185314213022,19800,v3_identity_raw,f_3,6.189234733581543
L=64 i2_stride8h64_b16 (Phase-2),data/64Ising_T2.269_hsBignet_i2_stride8h64_b16,64,2.269185314213022,19800,v3_identity_rel,f_3,6.164094428695564
L=64 i2_stride8h64_b16 (Phase-2),data/64Ising_T2.269_hsBignet_i2_stride8h64_b16,64,2.269185314213022,19800,v3_identity_raw,f_4,3.0302469730377197
L=64 i2_stride8h64_b16 (Phase-2),data/64Ising_T2.269_hsBignet_i2_stride8h64_b16,64,2.269185314213022,19800,v3_identity_rel,f_4,3.0179382893213567
L=64 i2_stride8h64_b16 (Phase-2),data/64Ising_T2.269_hsBignet_i2_stride8h64_b16,64,2.269185314213022,19800,v3_identity_raw,f_5,1.8754355907440186
L=64 i2_stride8h64_b16 (Phase-2),data/64Ising_T2.269_hsBignet_i2_stride8h64_b16,64,2.269185314213022,19800,v3_identity_rel,f_5,1.8678176824605437
L=64 i2_stride8h64_b16 (Phase-2),data/64Ising_T2.269_hsBignet_i2_stride8h64_b16,64,2.269185314213022,19800,v3_identity_raw,f_6,0.34686964750289917
L=64 i2_stride8h64_b16 (Phase-2),data/64Ising_T2.269_hsBignet_i2_stride8h64_b16,64,2.269185314213022,19800,v3_identity_rel,f_6,0.34546068354058573
L=64 i2_stride4h64_b16 (Phase-2),data/64Ising_T2.269_hsBignet_i2_stride4h64_b16,64,2.269185314213022,19800,v3_identity_raw,f_1,1.401020884513855
L=64 i2_stride4h64_b16 (Phase-2),data/64Ising_T2.269_hsBignet_i2_stride4h64_b16,64,2.269185314213022,19800,v3_identity_rel,f_1,1.3953300206664727
L=64 i2_stride4h64_b16 (Phase-2),data/64Ising_T2.269_hsBignet_i2_stride4h64_b16,64,2.269185314213022,19800,v3_identity_raw,f_2,2.685600757598877
L=64 i2_stride4h64_b16 (Phase-2),data/64Ising_T2.269_hsBignet_i2_stride4h64_b16,64,2.269185314213022,19800,v3_identity_rel,f_2,2.6746920063954818
L=64 i2_stride4h64_b16 (Phase-2),data/64Ising_T2.269_hsBignet_i2_stride4h64_b16,64,2.269185314213022,19800,v3_identity_raw,f_3,2.223360061645508
L=64 i2_stride4h64_b16 (Phase-2),data/64Ising_T2.269_hsBignet_i2_stride4h64_b16,64,2.269185314213022,19800,v3_identity_rel,f_3,2.214328904769554
L=64 i2_stride4h64_b16 (Phase-2),data/64Ising_T2.269_hsBignet_i2_stride4h64_b16,64,2.269185314213022,19800,v3_identity_raw,f_4,4.815992832183838
L=64 i2_stride4h64_b16 (Phase-2),data/64Ising_T2.269_hsBignet_i2_stride4h64_b16,64,2.269185314213022,19800,v3_identity_rel,f_4,4.796430554561233
L=64 i2_stride4h64_b16 (Phase-2),data/64Ising_T2.269_hsBignet_i2_stride4h64_b16,64,2.269185314213022,19800,v3_identity_raw,f_5,3.738663673400879
L=64 i2_stride4h64_b16 (Phase-2),data/64Ising_T2.269_hsBignet_i2_stride4h64_b16,64,2.269185314213022,19800,v3_identity_rel,f_5,3.723477443008702
L=64 i2_stride4h64_b16 (Phase-2),data/64Ising_T2.269_hsBignet_i2_stride4h64_b16,64,2.269185314213022,19800,v3_identity_raw,f_6,0.24505746364593506
L=64 i2_stride4h64_b16 (Phase-2),data/64Ising_T2.269_hsBignet_i2_stride4h64_b16,64,2.269185314213022,19800,v3_identity_rel,f_6,0.24406205474389162
L=32 i2_stride8h32_nr2_b64 (P2.x D32),data/32Ising_T2.269_hsBignet_i2_stride8h32_nr2_b64,32,2.269185314213022,16800,v3_identity_raw,f_1,1.2065346240997314
L=32 i2_stride8h32_nr2_b64 (P2.x D32),data/32Ising_T2.269_hsBignet_i2_stride8h32_nr2_b64,32,2.269185314213022,16800,v3_identity_rel,f_1,1.2016337519223073
L=32 i2_stride8h32_nr2_b64 (P2.x D32),data/32Ising_T2.269_hsBignet_i2_stride8h32_nr2_b64,32,2.269185314213022,16800,v3_identity_raw,f_2,2.7269861698150635
L=32 i2_stride8h32_nr2_b64 (P2.x D32),data/32Ising_T2.269_hsBignet_i2_stride8h32_nr2_b64,32,2.269185314213022,16800,v3_identity_rel,f_2,2.715909313518594
L=32 i2_stride8h32_nr2_b64 (P2.x D32),data/32Ising_T2.269_hsBignet_i2_stride8h32_nr2_b64,32,2.269185314213022,16800,v3_identity_raw,f_3,3.274991512298584
L=32 i2_stride8h32_nr2_b64 (P2.x D32),data/32Ising_T2.269_hsBignet_i2_stride8h32_nr2_b64,32,2.269185314213022,16800,v3_identity_rel,f_3,3.2616886907604945
L=32 i2_stride8h32_nr2_b64 (P2.x D32),data/32Ising_T2.269_hsBignet_i2_stride8h32_nr2_b64,32,2.269185314213022,16800,v3_identity_raw,f_4,7.663994312286377
L=32 i2_stride8h32_nr2_b64 (P2.x D32),data/32Ising_T2.269_hsBignet_i2_stride8h32_nr2_b64,32,2.269185314213022,16800,v3_identity_rel,f_4,7.6328636213449155
L=32 i2_stride8h32_nr2_b64 (P2.x D32),data/32Ising_T2.269_hsBignet_i2_stride8h32_nr2_b64,32,2.269185314213022,16800,v3_identity_raw,f_5,2.4029524326324463
L=32 i2_stride8h32_nr2_b64 (P2.x D32),data/32Ising_T2.269_hsBignet_i2_stride8h32_nr2_b64,32,2.269185314213022,16800,v3_identity_rel,f_5,2.39319178218319
L=64 baseline_nr2_b16 (P2.x C64),data/64Ising_T2.269_hsBignet_baseline_nr2_b16,64,2.269185314213022,19800,v3_identity_raw,f_1,1.3384909629821777
L=64 baseline_nr2_b16 (P2.x C64),data/64Ising_T2.269_hsBignet_baseline_nr2_b16,64,2.269185314213022,19800,v3_identity_rel,f_1,1.333054091972274
L=64 baseline_nr2_b16 (P2.x C64),data/64Ising_T2.269_hsBignet_baseline_nr2_b16,64,2.269185314213022,19800,v3_identity_raw,f_2,34.205352783203125
L=64 baseline_nr2_b16 (P2.x C64),data/64Ising_T2.269_hsBignet_baseline_nr2_b16,64,2.269185314213022,19800,v3_identity_rel,f_2,34.06641266625517
L=64 baseline_nr2_b16 (P2.x C64),data/64Ising_T2.269_hsBignet_baseline_nr2_b16,64,2.269185314213022,19800,v3_identity_raw,f_3,44.16551208496094
L=64 baseline_nr2_b16 (P2.x C64),data/64Ising_T2.269_hsBignet_baseline_nr2_b16,64,2.269185314213022,19800,v3_identity_rel,f_3,43.986114390891125
L=64 baseline_nr2_b16 (P2.x C64),data/64Ising_T2.269_hsBignet_baseline_nr2_b16,64,2.269185314213022,19800,v3_identity_raw,f_4,8.540417671203613
L=64 baseline_nr2_b16 (P2.x C64),data/64Ising_T2.269_hsBignet_baseline_nr2_b16,64,2.269185314213022,19800,v3_identity_rel,f_4,8.50572700049069
L=64 baseline_nr2_b16 (P2.x C64),data/64Ising_T2.269_hsBignet_baseline_nr2_b16,64,2.269185314213022,19800,v3_identity_raw,f_5,2.6696314811706543
L=64 baseline_nr2_b16 (P2.x C64),data/64Ising_T2.269_hsBignet_baseline_nr2_b16,64,2.269185314213022,19800,v3_identity_rel,f_5,2.658787596222216
L=64 baseline_nr2_b16 (P2.x C64),data/64Ising_T2.269_hsBignet_baseline_nr2_b16,64,2.269185314213022,19800,v3_identity_raw,f_6,2.6738054752349854
L=64 baseline_nr2_b16 (P2.x C64),data/64Ising_T2.269_hsBignet_baseline_nr2_b16,64,2.269185314213022,19800,v3_identity_rel,f_6,2.6629446357698923
L=64 i2_stride8h32_nr2_b16 (P2.x D64 ★),data/64Ising_T2.269_hsBignet_i2_stride8h32_nr2_b16,64,2.269185314213022,19800,v3_identity_raw,f_1,1.6302671432495117
L=64 i2_stride8h32_nr2_b16 (P2.x D64 ★),data/64Ising_T2.269_hsBignet_i2_stride8h32_nr2_b16,64,2.269185314213022,19800,v3_identity_rel,f_1,1.6236450946778995
L=64 i2_stride8h32_nr2_b16 (P2.x D64 ★),data/64Ising_T2.269_hsBignet_i2_stride8h32_nr2_b16,64,2.269185314213022,19800,v3_identity_raw,f_2,4.725098609924316
L=64 i2_stride8h32_nr2_b16 (P2.x D64 ★),data/64Ising_T2.269_hsBignet_i2_stride8h32_nr2_b16,64,2.269185314213022,19800,v3_identity_rel,f_2,4.7059055392486675
L=64 i2_stride8h32_nr2_b16 (P2.x D64 ★),data/64Ising_T2.269_hsBignet_i2_stride8h32_nr2_b16,64,2.269185314213022,19800,v3_identity_raw,f_3,2.125035047531128
L=64 i2_stride8h32_nr2_b16 (P2.x D64 ★),data/64Ising_T2.269_hsBignet_i2_stride8h32_nr2_b16,64,2.269185314213022,19800,v3_identity_rel,f_3,2.1164032810385023
L=64 i2_stride8h32_nr2_b16 (P2.x D64 ★),data/64Ising_T2.269_hsBignet_i2_stride8h32_nr2_b16,64,2.269185314213022,19800,v3_identity_raw,f_4,0.5247998237609863
L=64 i2_stride8h32_nr2_b16 (P2.x D64 ★),data/64Ising_T2.269_hsBignet_i2_stride8h32_nr2_b16,64,2.269185314213022,19800,v3_identity_rel,f_4,0.5226681179619037
L=64 i2_stride8h32_nr2_b16 (P2.x D64 ★),data/64Ising_T2.269_hsBignet_i2_stride8h32_nr2_b16,64,2.269185314213022,19800,v3_identity_raw,f_5,0.012501957826316357
L=64 i2_stride8h32_nr2_b16 (P2.x D64 ★),data/64Ising_T2.269_hsBignet_i2_stride8h32_nr2_b16,64,2.269185314213022,19800,v3_identity_rel,f_5,0.012451175614144003
L=64 i2_stride8h32_nr2_b16 (P2.x D64 ★),data/64Ising_T2.269_hsBignet_i2_stride8h32_nr2_b16,64,2.269185314213022,19800,v3_identity_raw,f_6,0.0016435561701655388
L=64 i2_stride8h32_nr2_b16 (P2.x D64 ★),data/64Ising_T2.269_hsBignet_i2_stride8h32_nr2_b16,64,2.269185314213022,19800,v3_identity_rel,f_6,0.0016368801423537315
L=64 fixdil+VP-1e-3 nr=1 (champion ★),data/64Ising_T2.269_hsBignet_hcg_perscale_fixdil_vp1e-3_nr1_b16,64,2.269185314213022,14500,v3_identity_raw,f_1,3.251964807510376
L=64 fixdil+VP-1e-3 nr=1 (champion ★),data/64Ising_T2.269_hsBignet_hcg_perscale_fixdil_vp1e-3_nr1_b16,64,2.269185314213022,14500,v3_identity_rel,f_1,3.2387555190832145
L=64 fixdil+VP-1e-3 nr=1 (champion ★),data/64Ising_T2.269_hsBignet_hcg_perscale_fixdil_vp1e-3_nr1_b16,64,2.269185314213022,14500,v3_identity_raw,f_2,0.39648276567459106
L=64 fixdil+VP-1e-3 nr=1 (champion ★),data/64Ising_T2.269_hsBignet_hcg_perscale_fixdil_vp1e-3_nr1_b16,64,2.269185314213022,14500,v3_identity_rel,f_2,0.39487227616495707
L=64 fixdil+VP-1e-3 nr=1 (champion ★),data/64Ising_T2.269_hsBignet_hcg_perscale_fixdil_vp1e-3_nr1_b16,64,2.269185314213022,14500,v3_identity_raw,f_3,0.44727662205696106
L=64 fixdil+VP-1e-3 nr=1 (champion ★),data/64Ising_T2.269_hsBignet_hcg_perscale_fixdil_vp1e-3_nr1_b16,64,2.269185314213022,14500,v3_identity_rel,f_3,0.44545981091133247
L=64 fixdil+VP-1e-3 nr=1 (champion ★),data/64Ising_T2.269_hsBignet_hcg_perscale_fixdil_vp1e-3_nr1_b16,64,2.269185314213022,14500,v3_identity_raw,f_4,0.3021092414855957
L=64 fixdil+VP-1e-3 nr=1 (champion ★),data/64Ising_T2.269_hsBignet_hcg_perscale_fixdil_vp1e-3_nr1_b16,64,2.269185314213022,14500,v3_identity_rel,f_4,0.3008820916412684
L=64 fixdil+VP-1e-3 nr=1 (champion ★),data/64Ising_T2.269_hsBignet_hcg_perscale_fixdil_vp1e-3_nr1_b16,64,2.269185314213022,14500,v3_identity_raw,f_5,0.3647012412548065
L=64 fixdil+VP-1e-3 nr=1 (champion ★),data/64Ising_T2.269_hsBignet_hcg_perscale_fixdil_vp1e-3_nr1_b16,64,2.269185314213022,14500,v3_identity_rel,f_5,0.3632198464148769
L=64 fixdil+VP-1e-3 nr=1 (champion ★),data/64Ising_T2.269_hsBignet_hcg_perscale_fixdil_vp1e-3_nr1_b16,64,2.269185314213022,14500,v3_identity_raw,f_6,0.21394722163677216
L=64 fixdil+VP-1e-3 nr=1 (champion ★),data/64Ising_T2.269_hsBignet_hcg_perscale_fixdil_vp1e-3_nr1_b16,64,2.269185314213022,14500,v3_identity_rel,f_6,0.21307818069504267
