label,folder,L,T,epoch,scale_s,L_s,source,metric,value
L=64 baseline_b16,data/64Ising_T2.269_hsBignet_baseline_b16,64,2.269185314213022,19800,0,64,mera_subsampled,moment_mean,-0.01689569093286991
L=64 baseline_b16,data/64Ising_T2.269_hsBignet_baseline_b16,64,2.269185314213022,19800,0,64,mera_subsampled,moment_std,3.5013132095336914
L=64 baseline_b16,data/64Ising_T2.269_hsBignet_baseline_b16,64,2.269185314213022,19800,0,64,mera_subsampled,moment_var,12.259194374084473
L=64 baseline_b16,data/64Ising_T2.269_hsBignet_baseline_b16,64,2.269185314213022,19800,0,64,mera_subsampled,moment_kurtosis,-1.3322957467744365
L=64 baseline_b16,data/64Ising_T2.269_hsBignet_baseline_b16,64,2.269185314213022,19800,0,64,mera_subsampled,moment_skew,0.007592712038213583
L=64 baseline_b16,data/64Ising_T2.269_hsBignet_baseline_b16,64,2.269185314213022,19800,1,32,mera_subsampled,moment_mean,-1.430340051651001
L=64 baseline_b16,data/64Ising_T2.269_hsBignet_baseline_b16,64,2.269185314213022,19800,1,32,mera_subsampled,moment_std,12.681618690490723
L=64 baseline_b16,data/64Ising_T2.269_hsBignet_baseline_b16,64,2.269185314213022,19800,1,32,mera_subsampled,moment_var,160.8234405517578
L=64 baseline_b16,data/64Ising_T2.269_hsBignet_baseline_b16,64,2.269185314213022,19800,1,32,mera_subsampled,moment_kurtosis,-0.8502149356911208
L=64 baseline_b16,data/64Ising_T2.269_hsBignet_baseline_b16,64,2.269185314213022,19800,1,32,mera_subsampled,moment_skew,-0.012187721706055116
L=64 baseline_b16,data/64Ising_T2.269_hsBignet_baseline_b16,64,2.269185314213022,19800,2,16,mera_subsampled,moment_mean,-6.313352584838867
L=64 baseline_b16,data/64Ising_T2.269_hsBignet_baseline_b16,64,2.269185314213022,19800,2,16,mera_subsampled,moment_std,10.949551582336426
L=64 baseline_b16,data/64Ising_T2.269_hsBignet_baseline_b16,64,2.269185314213022,19800,2,16,mera_subsampled,moment_var,119.89268493652344
L=64 baseline_b16,data/64Ising_T2.269_hsBignet_baseline_b16,64,2.269185314213022,19800,2,16,mera_subsampled,moment_kurtosis,0.9293653537876083
L=64 baseline_b16,data/64Ising_T2.269_hsBignet_baseline_b16,64,2.269185314213022,19800,2,16,mera_subsampled,moment_skew,-0.4177615781464903
L=64 baseline_b16,data/64Ising_T2.269_hsBignet_baseline_b16,64,2.269185314213022,19800,3,8,mera_subsampled,moment_mean,-5.2223286628723145
L=64 baseline_b16,data/64Ising_T2.269_hsBignet_baseline_b16,64,2.269185314213022,19800,3,8,mera_subsampled,moment_std,8.104002952575684
L=64 baseline_b16,data/64Ising_T2.269_hsBignet_baseline_b16,64,2.269185314213022,19800,3,8,mera_subsampled,moment_var,65.67486572265625
L=64 baseline_b16,data/64Ising_T2.269_hsBignet_baseline_b16,64,2.269185314213022,19800,3,8,mera_subsampled,moment_kurtosis,-0.6023625756592375
L=64 baseline_b16,data/64Ising_T2.269_hsBignet_baseline_b16,64,2.269185314213022,19800,3,8,mera_subsampled,moment_skew,-0.2779281793644751
L=64 baseline_b16,data/64Ising_T2.269_hsBignet_baseline_b16,64,2.269185314213022,19800,4,4,mera_subsampled,moment_mean,-4.9248809814453125
L=64 baseline_b16,data/64Ising_T2.269_hsBignet_baseline_b16,64,2.269185314213022,19800,4,4,mera_subsampled,moment_std,6.500567436218262
L=64 baseline_b16,data/64Ising_T2.269_hsBignet_baseline_b16,64,2.269185314213022,19800,4,4,mera_subsampled,moment_var,42.25737762451172
L=64 baseline_b16,data/64Ising_T2.269_hsBignet_baseline_b16,64,2.269185314213022,19800,4,4,mera_subsampled,moment_kurtosis,-1.1625218530882477
L=64 baseline_b16,data/64Ising_T2.269_hsBignet_baseline_b16,64,2.269185314213022,19800,4,4,mera_subsampled,moment_skew,-0.15680760946762365
L=64 baseline_b16,data/64Ising_T2.269_hsBignet_baseline_b16,64,2.269185314213022,19800,5,2,mera_subsampled,moment_mean,-3.9558348655700684
L=64 baseline_b16,data/64Ising_T2.269_hsBignet_baseline_b16,64,2.269185314213022,19800,5,2,mera_subsampled,moment_std,4.391523838043213
L=64 baseline_b16,data/64Ising_T2.269_hsBignet_baseline_b16,64,2.269185314213022,19800,5,2,mera_subsampled,moment_var,19.285480499267578
L=64 baseline_b16,data/64Ising_T2.269_hsBignet_baseline_b16,64,2.269185314213022,19800,5,2,mera_subsampled,moment_kurtosis,-1.2734844332123887
L=64 baseline_b16,data/64Ising_T2.269_hsBignet_baseline_b16,64,2.269185314213022,19800,5,2,mera_subsampled,moment_skew,0.05553413649661276
L=64 baseline_b16,data/64Ising_T2.269_hsBignet_baseline_b16,64,2.269185314213022,19800,6,1,mera_subsampled,moment_mean,-1.470919132232666
L=64 baseline_b16,data/64Ising_T2.269_hsBignet_baseline_b16,64,2.269185314213022,19800,6,1,mera_subsampled,moment_std,1.6387132406234741
L=64 baseline_b16,data/64Ising_T2.269_hsBignet_baseline_b16,64,2.269185314213022,19800,6,1,mera_subsampled,moment_var,2.6853809356689453
L=64 baseline_b16,data/64Ising_T2.269_hsBignet_baseline_b16,64,2.269185314213022,19800,6,1,mera_subsampled,moment_kurtosis,-0.3048110061750986
L=64 baseline_b16,data/64Ising_T2.269_hsBignet_baseline_b16,64,2.269185314213022,19800,6,1,mera_subsampled,moment_skew,0.21296065516185111
L=64 baseline_b16,data/64Ising_T2.269_hsBignet_baseline_b16,64,2.269185314213022,19800,0,64,blockRG,moment_mean,-0.01689569093286991
L=64 baseline_b16,data/64Ising_T2.269_hsBignet_baseline_b16,64,2.269185314213022,19800,0,64,blockRG,moment_std,3.5013132095336914
L=64 baseline_b16,data/64Ising_T2.269_hsBignet_baseline_b16,64,2.269185314213022,19800,0,64,blockRG,moment_var,12.259194374084473
L=64 baseline_b16,data/64Ising_T2.269_hsBignet_baseline_b16,64,2.269185314213022,19800,0,64,blockRG,moment_kurtosis,-1.3322957467744365
L=64 baseline_b16,data/64Ising_T2.269_hsBignet_baseline_b16,64,2.269185314213022,19800,0,64,blockRG,moment_skew,0.007592712038213583
L=64 baseline_b16,data/64Ising_T2.269_hsBignet_baseline_b16,64,2.269185314213022,19800,1,32,blockRG,moment_mean,-0.01689569465816021
L=64 baseline_b16,data/64Ising_T2.269_hsBignet_baseline_b16,64,2.269185314213022,19800,1,32,blockRG,moment_std,3.1695361137390137
L=64 baseline_b16,data/64Ising_T2.269_hsBignet_baseline_b16,64,2.269185314213022,19800,1,32,blockRG,moment_var,10.045958518981934
L=64 baseline_b16,data/64Ising_T2.269_hsBignet_baseline_b16,64,2.269185314213022,19800,1,32,blockRG,moment_kurtosis,-1.5261650073356092
L=64 baseline_b16,data/64Ising_T2.269_hsBignet_baseline_b16,64,2.269185314213022,19800,1,32,blockRG,moment_skew,0.008613123990872324
L=64 baseline_b16,data/64Ising_T2.269_hsBignet_baseline_b16,64,2.269185314213022,19800,2,16,blockRG,moment_mean,-0.016895700246095657
L=64 baseline_b16,data/64Ising_T2.269_hsBignet_baseline_b16,64,2.269185314213022,19800,2,16,blockRG,moment_std,2.8879222869873047
L=64 baseline_b16,data/64Ising_T2.269_hsBignet_baseline_b16,64,2.269185314213022,19800,2,16,blockRG,moment_var,8.340094566345215
L=64 baseline_b16,data/64Ising_T2.269_hsBignet_baseline_b16,64,2.269185314213022,19800,2,16,blockRG,moment_kurtosis,-1.641517030003369
L=64 baseline_b16,data/64Ising_T2.269_hsBignet_baseline_b16,64,2.269185314213022,19800,2,16,blockRG,moment_skew,0.009944519520017259
L=64 baseline_b16,data/64Ising_T2.269_hsBignet_baseline_b16,64,2.269185314213022,19800,3,8,blockRG,moment_mean,-0.016895702108740807
L=64 baseline_b16,data/64Ising_T2.269_hsBignet_baseline_b16,64,2.269185314213022,19800,3,8,blockRG,moment_std,2.6576743125915527
L=64 baseline_b16,data/64Ising_T2.269_hsBignet_baseline_b16,64,2.269185314213022,19800,3,8,blockRG,moment_var,7.063232421875
L=64 baseline_b16,data/64Ising_T2.269_hsBignet_baseline_b16,64,2.269185314213022,19800,3,8,blockRG,moment_kurtosis,-1.6921270765079353
L=64 baseline_b16,data/64Ising_T2.269_hsBignet_baseline_b16,64,2.269185314213022,19800,3,8,blockRG,moment_skew,0.011755510912779044
L=64 baseline_b16,data/64Ising_T2.269_hsBignet_baseline_b16,64,2.269185314213022,19800,4,4,blockRG,moment_mean,-0.016895698383450508
L=64 baseline_b16,data/64Ising_T2.269_hsBignet_baseline_b16,64,2.269185314213022,19800,4,4,blockRG,moment_std,2.472313165664673
L=64 baseline_b16,data/64Ising_T2.269_hsBignet_baseline_b16,64,2.269185314213022,19800,4,4,blockRG,moment_var,6.112332344055176
L=64 baseline_b16,data/64Ising_T2.269_hsBignet_baseline_b16,64,2.269185314213022,19800,4,4,blockRG,moment_kurtosis,-1.7318575697353762
L=64 baseline_b16,data/64Ising_T2.269_hsBignet_baseline_b16,64,2.269185314213022,19800,4,4,blockRG,moment_skew,0.010836778896408076
L=64 baseline_b16,data/64Ising_T2.269_hsBignet_baseline_b16,64,2.269185314213022,19800,5,2,blockRG,moment_mean,-0.016895702108740807
L=64 baseline_b16,data/64Ising_T2.269_hsBignet_baseline_b16,64,2.269185314213022,19800,5,2,blockRG,moment_std,2.331963539123535
L=64 baseline_b16,data/64Ising_T2.269_hsBignet_baseline_b16,64,2.269185314213022,19800,5,2,blockRG,moment_var,5.438053607940674
L=64 baseline_b16,data/64Ising_T2.269_hsBignet_baseline_b16,64,2.269185314213022,19800,5,2,blockRG,moment_kurtosis,-1.7846850833554164
L=64 baseline_b16,data/64Ising_T2.269_hsBignet_baseline_b16,64,2.269185314213022,19800,5,2,blockRG,moment_skew,0.01059472630841828
L=64 baseline_b16,data/64Ising_T2.269_hsBignet_baseline_b16,64,2.269185314213022,19800,6,1,blockRG,moment_mean,-0.01689569465816021
L=64 baseline_b16,data/64Ising_T2.269_hsBignet_baseline_b16,64,2.269185314213022,19800,6,1,blockRG,moment_std,2.267432689666748
L=64 baseline_b16,data/64Ising_T2.269_hsBignet_baseline_b16,64,2.269185314213022,19800,6,1,blockRG,moment_var,5.141251087188721
L=64 baseline_b16,data/64Ising_T2.269_hsBignet_baseline_b16,64,2.269185314213022,19800,6,1,blockRG,moment_kurtosis,-1.846679190382867
L=64 baseline_b16,data/64Ising_T2.269_hsBignet_baseline_b16,64,2.269185314213022,19800,6,1,blockRG,moment_skew,0.006558048042675441
L=64 baseline_b16,data/64Ising_T2.269_hsBignet_baseline_b16,64,2.269185314213022,19800,0,64,cross,v5_ks,0.003970000000000001
L=64 baseline_b16,data/64Ising_T2.269_hsBignet_baseline_b16,64,2.269185314213022,19800,0,64,cross,v5_w1,0.009729056270474028
L=64 baseline_b16,data/64Ising_T2.269_hsBignet_baseline_b16,64,2.269185314213022,19800,0,64,cross,v5_rms_g,0.0
L=64 baseline_b16,data/64Ising_T2.269_hsBignet_baseline_b16,64,2.269185314213022,19800,1,32,cross,v5_ks,0.08119000000000004
L=64 baseline_b16,data/64Ising_T2.269_hsBignet_baseline_b16,64,2.269185314213022,19800,1,32,cross,v5_w1,0.1617884340999857
L=64 baseline_b16,data/64Ising_T2.269_hsBignet_baseline_b16,64,2.269185314213022,19800,1,32,cross,v5_rms_g,0.12246693670749664
L=64 baseline_b16,data/64Ising_T2.269_hsBignet_baseline_b16,64,2.269185314213022,19800,2,16,cross,v5_ks,0.141625
L=64 baseline_b16,data/64Ising_T2.269_hsBignet_baseline_b16,64,2.269185314213022,19800,2,16,cross,v5_w1,0.2559533277257777
L=64 baseline_b16,data/64Ising_T2.269_hsBignet_baseline_b16,64,2.269185314213022,19800,2,16,cross,v5_rms_g,0.0526311919093132
L=64 baseline_b16,data/64Ising_T2.269_hsBignet_baseline_b16,64,2.269185314213022,19800,3,8,cross,v5_ks,0.10866406250000005
L=64 baseline_b16,data/64Ising_T2.269_hsBignet_baseline_b16,64,2.269185314213022,19800,3,8,cross,v5_w1,0.2054233592540009
L=64 baseline_b16,data/64Ising_T2.269_hsBignet_baseline_b16,64,2.269185314213022,19800,3,8,cross,v5_rms_g,0.04220667853951454
L=64 baseline_b16,data/64Ising_T2.269_hsBignet_baseline_b16,64,2.269185314213022,19800,4,4,cross,v5_ks,0.09240625000000002
L=64 baseline_b16,data/64Ising_T2.269_hsBignet_baseline_b16,64,2.269185314213022,19800,4,4,cross,v5_w1,0.1596272211914047
L=64 baseline_b16,data/64Ising_T2.269_hsBignet_baseline_b16,64,2.269185314213022,19800,4,4,cross,v5_rms_g,0.019074151292443275
L=64 baseline_b16,data/64Ising_T2.269_hsBignet_baseline_b16,64,2.269185314213022,19800,5,2,cross,v5_ks,0.097375
L=64 baseline_b16,data/64Ising_T2.269_hsBignet_baseline_b16,64,2.269185314213022,19800,5,2,cross,v5_w1,0.16172722615451496
L=64 baseline_b16,data/64Ising_T2.269_hsBignet_baseline_b16,64,2.269185314213022,19800,5,2,cross,v5_rms_g,nan
L=64 baseline_b16,data/64Ising_T2.269_hsBignet_baseline_b16,64,2.269185314213022,19800,6,1,cross,v5_ks,0.178
L=64 baseline_b16,data/64Ising_T2.269_hsBignet_baseline_b16,64,2.269185314213022,19800,6,1,cross,v5_w1,0.3314218021638917
L=64 baseline_b16,data/64Ising_T2.269_hsBignet_baseline_b16,64,2.269185314213022,19800,6,1,cross,v5_rms_g,nan
L=32 i2_stride4h32_b64 (Phase-2),data/32Ising_T2.269_hsBignet_i2_stride4h32_b64,32,2.269185314213022,19800,0,32,mera_subsampled,moment_mean,-0.03459131717681885
L=32 i2_stride4h32_b64 (Phase-2),data/32Ising_T2.269_hsBignet_i2_stride4h32_b64,32,2.269185314213022,19800,0,32,mera_subsampled,moment_std,3.50704026222229
L=32 i2_stride4h32_b64 (Phase-2),data/32Ising_T2.269_hsBignet_i2_stride4h32_b64,32,2.269185314213022,19800,0,32,mera_subsampled,moment_var,12.299330711364746
L=32 i2_stride4h32_b64 (Phase-2),data/32Ising_T2.269_hsBignet_i2_stride4h32_b64,32,2.269185314213022,19800,0,32,mera_subsampled,moment_kurtosis,-1.333952273373866
L=32 i2_stride4h32_b64 (Phase-2),data/32Ising_T2.269_hsBignet_i2_stride4h32_b64,32,2.269185314213022,19800,0,32,mera_subsampled,moment_skew,0.015193538311129993
L=32 i2_stride4h32_b64 (Phase-2),data/32Ising_T2.269_hsBignet_i2_stride4h32_b64,32,2.269185314213022,19800,1,16,mera_subsampled,moment_mean,-4.213184833526611
L=32 i2_stride4h32_b64 (Phase-2),data/32Ising_T2.269_hsBignet_i2_stride4h32_b64,32,2.269185314213022,19800,1,16,mera_subsampled,moment_std,12.208588600158691
L=32 i2_stride4h32_b64 (Phase-2),data/32Ising_T2.269_hsBignet_i2_stride4h32_b64,32,2.269185314213022,19800,1,16,mera_subsampled,moment_var,149.0496368408203
L=32 i2_stride4h32_b64 (Phase-2),data/32Ising_T2.269_hsBignet_i2_stride4h32_b64,32,2.269185314213022,19800,1,16,mera_subsampled,moment_kurtosis,-0.682454355411636
L=32 i2_stride4h32_b64 (Phase-2),data/32Ising_T2.269_hsBignet_i2_stride4h32_b64,32,2.269185314213022,19800,1,16,mera_subsampled,moment_skew,-0.45786953633907523
L=32 i2_stride4h32_b64 (Phase-2),data/32Ising_T2.269_hsBignet_i2_stride4h32_b64,32,2.269185314213022,19800,2,8,mera_subsampled,moment_mean,-9.499181747436523
L=32 i2_stride4h32_b64 (Phase-2),data/32Ising_T2.269_hsBignet_i2_stride4h32_b64,32,2.269185314213022,19800,2,8,mera_subsampled,moment_std,22.386098861694336
L=32 i2_stride4h32_b64 (Phase-2),data/32Ising_T2.269_hsBignet_i2_stride4h32_b64,32,2.269185314213022,19800,2,8,mera_subsampled,moment_var,501.13739013671875
L=32 i2_stride4h32_b64 (Phase-2),data/32Ising_T2.269_hsBignet_i2_stride4h32_b64,32,2.269185314213022,19800,2,8,mera_subsampled,moment_kurtosis,-0.9563499099447776
L=32 i2_stride4h32_b64 (Phase-2),data/32Ising_T2.269_hsBignet_i2_stride4h32_b64,32,2.269185314213022,19800,2,8,mera_subsampled,moment_skew,-0.47241392876821886
L=32 i2_stride4h32_b64 (Phase-2),data/32Ising_T2.269_hsBignet_i2_stride4h32_b64,32,2.269185314213022,19800,3,4,mera_subsampled,moment_mean,-14.744973182678223
L=32 i2_stride4h32_b64 (Phase-2),data/32Ising_T2.269_hsBignet_i2_stride4h32_b64,32,2.269185314213022,19800,3,4,mera_subsampled,moment_std,22.22019386291504
L=32 i2_stride4h32_b64 (Phase-2),data/32Ising_T2.269_hsBignet_i2_stride4h32_b64,32,2.269185314213022,19800,3,4,mera_subsampled,moment_var,493.7370300292969
L=32 i2_stride4h32_b64 (Phase-2),data/32Ising_T2.269_hsBignet_i2_stride4h32_b64,32,2.269185314213022,19800,3,4,mera_subsampled,moment_kurtosis,-1.2419884616626795
L=32 i2_stride4h32_b64 (Phase-2),data/32Ising_T2.269_hsBignet_i2_stride4h32_b64,32,2.269185314213022,19800,3,4,mera_subsampled,moment_skew,-0.4247605617242066
L=32 i2_stride4h32_b64 (Phase-2),data/32Ising_T2.269_hsBignet_i2_stride4h32_b64,32,2.269185314213022,19800,4,2,mera_subsampled,moment_mean,-7.305098533630371
L=32 i2_stride4h32_b64 (Phase-2),data/32Ising_T2.269_hsBignet_i2_stride4h32_b64,32,2.269185314213022,19800,4,2,mera_subsampled,moment_std,12.471087455749512
L=32 i2_stride4h32_b64 (Phase-2),data/32Ising_T2.269_hsBignet_i2_stride4h32_b64,32,2.269185314213022,19800,4,2,mera_subsampled,moment_var,155.5280303955078
L=32 i2_stride4h32_b64 (Phase-2),data/32Ising_T2.269_hsBignet_i2_stride4h32_b64,32,2.269185314213022,19800,4,2,mera_subsampled,moment_kurtosis,-1.1618659395689652
L=32 i2_stride4h32_b64 (Phase-2),data/32Ising_T2.269_hsBignet_i2_stride4h32_b64,32,2.269185314213022,19800,4,2,mera_subsampled,moment_skew,-0.42535182258705506
L=32 i2_stride4h32_b64 (Phase-2),data/32Ising_T2.269_hsBignet_i2_stride4h32_b64,32,2.269185314213022,19800,5,1,mera_subsampled,moment_mean,-6.049603462219238
L=32 i2_stride4h32_b64 (Phase-2),data/32Ising_T2.269_hsBignet_i2_stride4h32_b64,32,2.269185314213022,19800,5,1,mera_subsampled,moment_std,9.352067947387695
L=32 i2_stride4h32_b64 (Phase-2),data/32Ising_T2.269_hsBignet_i2_stride4h32_b64,32,2.269185314213022,19800,5,1,mera_subsampled,moment_var,87.461181640625
L=32 i2_stride4h32_b64 (Phase-2),data/32Ising_T2.269_hsBignet_i2_stride4h32_b64,32,2.269185314213022,19800,5,1,mera_subsampled,moment_kurtosis,-1.1779049570030709
L=32 i2_stride4h32_b64 (Phase-2),data/32Ising_T2.269_hsBignet_i2_stride4h32_b64,32,2.269185314213022,19800,5,1,mera_subsampled,moment_skew,-0.42016282683863804
L=32 i2_stride4h32_b64 (Phase-2),data/32Ising_T2.269_hsBignet_i2_stride4h32_b64,32,2.269185314213022,19800,0,32,blockRG,moment_mean,-0.03459131717681885
L=32 i2_stride4h32_b64 (Phase-2),data/32Ising_T2.269_hsBignet_i2_stride4h32_b64,32,2.269185314213022,19800,0,32,blockRG,moment_std,3.50704026222229
L=32 i2_stride4h32_b64 (Phase-2),data/32Ising_T2.269_hsBignet_i2_stride4h32_b64,32,2.269185314213022,19800,0,32,blockRG,moment_var,12.299330711364746
L=32 i2_stride4h32_b64 (Phase-2),data/32Ising_T2.269_hsBignet_i2_stride4h32_b64,32,2.269185314213022,19800,0,32,blockRG,moment_kurtosis,-1.333952273373866
L=32 i2_stride4h32_b64 (Phase-2),data/32Ising_T2.269_hsBignet_i2_stride4h32_b64,32,2.269185314213022,19800,0,32,blockRG,moment_skew,0.015193538311129993
L=32 i2_stride4h32_b64 (Phase-2),data/32Ising_T2.269_hsBignet_i2_stride4h32_b64,32,2.269185314213022,19800,1,16,blockRG,moment_mean,-0.03459132835268974
L=32 i2_stride4h32_b64 (Phase-2),data/32Ising_T2.269_hsBignet_i2_stride4h32_b64,32,2.269185314213022,19800,1,16,blockRG,moment_std,3.178054094314575
L=32 i2_stride4h32_b64 (Phase-2),data/32Ising_T2.269_hsBignet_i2_stride4h32_b64,32,2.269185314213022,19800,1,16,blockRG,moment_var,10.100027084350586
L=32 i2_stride4h32_b64 (Phase-2),data/32Ising_T2.269_hsBignet_i2_stride4h32_b64,32,2.269185314213022,19800,1,16,blockRG,moment_kurtosis,-1.5319216496856525
L=32 i2_stride4h32_b64 (Phase-2),data/32Ising_T2.269_hsBignet_i2_stride4h32_b64,32,2.269185314213022,19800,1,16,blockRG,moment_skew,0.017708419403094918
L=32 i2_stride4h32_b64 (Phase-2),data/32Ising_T2.269_hsBignet_i2_stride4h32_b64,32,2.269185314213022,19800,2,8,blockRG,moment_mean,-0.034591324627399445
L=32 i2_stride4h32_b64 (Phase-2),data/32Ising_T2.269_hsBignet_i2_stride4h32_b64,32,2.269185314213022,19800,2,8,blockRG,moment_std,2.9044411182403564
L=32 i2_stride4h32_b64 (Phase-2),data/32Ising_T2.269_hsBignet_i2_stride4h32_b64,32,2.269185314213022,19800,2,8,blockRG,moment_var,8.435778617858887
L=32 i2_stride4h32_b64 (Phase-2),data/32Ising_T2.269_hsBignet_i2_stride4h32_b64,32,2.269185314213022,19800,2,8,blockRG,moment_kurtosis,-1.6519473292115174
L=32 i2_stride4h32_b64 (Phase-2),data/32Ising_T2.269_hsBignet_i2_stride4h32_b64,32,2.269185314213022,19800,2,8,blockRG,moment_skew,0.020201961672020208
L=32 i2_stride4h32_b64 (Phase-2),data/32Ising_T2.269_hsBignet_i2_stride4h32_b64,32,2.269185314213022,19800,3,4,blockRG,moment_mean,-0.034591320902109146
L=32 i2_stride4h32_b64 (Phase-2),data/32Ising_T2.269_hsBignet_i2_stride4h32_b64,32,2.269185314213022,19800,3,4,blockRG,moment_std,2.6928799152374268
L=32 i2_stride4h32_b64 (Phase-2),data/32Ising_T2.269_hsBignet_i2_stride4h32_b64,32,2.269185314213022,19800,3,4,blockRG,moment_var,7.251602649688721
L=32 i2_stride4h32_b64 (Phase-2),data/32Ising_T2.269_hsBignet_i2_stride4h32_b64,32,2.269185314213022,19800,3,4,blockRG,moment_kurtosis,-1.7200876821647981
L=32 i2_stride4h32_b64 (Phase-2),data/32Ising_T2.269_hsBignet_i2_stride4h32_b64,32,2.269185314213022,19800,3,4,blockRG,moment_skew,0.023164850939309607
L=32 i2_stride4h32_b64 (Phase-2),data/32Ising_T2.269_hsBignet_i2_stride4h32_b64,32,2.269185314213022,19800,4,2,blockRG,moment_mean,-0.03459133207798004
L=32 i2_stride4h32_b64 (Phase-2),data/32Ising_T2.269_hsBignet_i2_stride4h32_b64,32,2.269185314213022,19800,4,2,blockRG,moment_std,2.537604570388794
L=32 i2_stride4h32_b64 (Phase-2),data/32Ising_T2.269_hsBignet_i2_stride4h32_b64,32,2.269185314213022,19800,4,2,blockRG,moment_var,6.439437389373779
L=32 i2_stride4h32_b64 (Phase-2),data/32Ising_T2.269_hsBignet_i2_stride4h32_b64,32,2.269185314213022,19800,4,2,blockRG,moment_kurtosis,-1.7778427325893864
L=32 i2_stride4h32_b64 (Phase-2),data/32Ising_T2.269_hsBignet_i2_stride4h32_b64,32,2.269185314213022,19800,4,2,blockRG,moment_skew,0.02887104909514786
L=32 i2_stride4h32_b64 (Phase-2),data/32Ising_T2.269_hsBignet_i2_stride4h32_b64,32,2.269185314213022,19800,5,1,blockRG,moment_mean,-0.03459133207798004
L=32 i2_stride4h32_b64 (Phase-2),data/32Ising_T2.269_hsBignet_i2_stride4h32_b64,32,2.269185314213022,19800,5,1,blockRG,moment_std,2.4618563652038574
L=32 i2_stride4h32_b64 (Phase-2),data/32Ising_T2.269_hsBignet_i2_stride4h32_b64,32,2.269185314213022,19800,5,1,blockRG,moment_var,6.060737133026123
L=32 i2_stride4h32_b64 (Phase-2),data/32Ising_T2.269_hsBignet_i2_stride4h32_b64,32,2.269185314213022,19800,5,1,blockRG,moment_kurtosis,-1.8368664852056662
L=32 i2_stride4h32_b64 (Phase-2),data/32Ising_T2.269_hsBignet_i2_stride4h32_b64,32,2.269185314213022,19800,5,1,blockRG,moment_skew,0.03380660784540168
L=32 i2_stride4h32_b64 (Phase-2),data/32Ising_T2.269_hsBignet_i2_stride4h32_b64,32,2.269185314213022,19800,0,32,cross,v5_ks,0.004724999999999979
L=32 i2_stride4h32_b64 (Phase-2),data/32Ising_T2.269_hsBignet_i2_stride4h32_b64,32,2.269185314213022,19800,0,32,cross,v5_w1,0.009195985288557855
L=32 i2_stride4h32_b64 (Phase-2),data/32Ising_T2.269_hsBignet_i2_stride4h32_b64,32,2.269185314213022,19800,0,32,cross,v5_rms_g,0.0
L=32 i2_stride4h32_b64 (Phase-2),data/32Ising_T2.269_hsBignet_i2_stride4h32_b64,32,2.269185314213022,19800,1,16,cross,v5_ks,0.10387500000000005
L=32 i2_stride4h32_b64 (Phase-2),data/32Ising_T2.269_hsBignet_i2_stride4h32_b64,32,2.269185314213022,19800,1,16,cross,v5_w1,0.22431601539616303
L=32 i2_stride4h32_b64 (Phase-2),data/32Ising_T2.269_hsBignet_i2_stride4h32_b64,32,2.269185314213022,19800,1,16,cross,v5_rms_g,0.11798060685396194
L=32 i2_stride4h32_b64 (Phase-2),data/32Ising_T2.269_hsBignet_i2_stride4h32_b64,32,2.269185314213022,19800,2,8,cross,v5_ks,0.10271875000000008
L=32 i2_stride4h32_b64 (Phase-2),data/32Ising_T2.269_hsBignet_i2_stride4h32_b64,32,2.269185314213022,19800,2,8,cross,v5_w1,0.20370455531235762
L=32 i2_stride4h32_b64 (Phase-2),data/32Ising_T2.269_hsBignet_i2_stride4h32_b64,32,2.269185314213022,19800,2,8,cross,v5_rms_g,0.07282739877700806
L=32 i2_stride4h32_b64 (Phase-2),data/32Ising_T2.269_hsBignet_i2_stride4h32_b64,32,2.269185314213022,19800,3,4,cross,v5_ks,0.13112500000000005
L=32 i2_stride4h32_b64 (Phase-2),data/32Ising_T2.269_hsBignet_i2_stride4h32_b64,32,2.269185314213022,19800,3,4,cross,v5_w1,0.1929732885259262
L=32 i2_stride4h32_b64 (Phase-2),data/32Ising_T2.269_hsBignet_i2_stride4h32_b64,32,2.269185314213022,19800,3,4,cross,v5_rms_g,0.023723484948277473
L=32 i2_stride4h32_b64 (Phase-2),data/32Ising_T2.269_hsBignet_i2_stride4h32_b64,32,2.269185314213022,19800,4,2,cross,v5_ks,0.13225
L=32 i2_stride4h32_b64 (Phase-2),data/32Ising_T2.269_hsBignet_i2_stride4h32_b64,32,2.269185314213022,19800,4,2,cross,v5_w1,0.2186396584767097
L=32 i2_stride4h32_b64 (Phase-2),data/32Ising_T2.269_hsBignet_i2_stride4h32_b64,32,2.269185314213022,19800,4,2,cross,v5_rms_g,nan
L=32 i2_stride4h32_b64 (Phase-2),data/32Ising_T2.269_hsBignet_i2_stride4h32_b64,32,2.269185314213022,19800,5,1,cross,v5_ks,0.1435
L=32 i2_stride4h32_b64 (Phase-2),data/32Ising_T2.269_hsBignet_i2_stride4h32_b64,32,2.269185314213022,19800,5,1,cross,v5_w1,0.2392083345555584
L=32 i2_stride4h32_b64 (Phase-2),data/32Ising_T2.269_hsBignet_i2_stride4h32_b64,32,2.269185314213022,19800,5,1,cross,v5_rms_g,nan
L=32 i2_stride8h64_b64 (Phase-2),data/32Ising_T2.269_hsBignet_i2_stride8h64_b64,32,2.269185314213022,19800,0,32,mera_subsampled,moment_mean,-0.03459131717681885
L=32 i2_stride8h64_b64 (Phase-2),data/32Ising_T2.269_hsBignet_i2_stride8h64_b64,32,2.269185314213022,19800,0,32,mera_subsampled,moment_std,3.50704026222229
L=32 i2_stride8h64_b64 (Phase-2),data/32Ising_T2.269_hsBignet_i2_stride8h64_b64,32,2.269185314213022,19800,0,32,mera_subsampled,moment_var,12.299330711364746
L=32 i2_stride8h64_b64 (Phase-2),data/32Ising_T2.269_hsBignet_i2_stride8h64_b64,32,2.269185314213022,19800,0,32,mera_subsampled,moment_kurtosis,-1.333952273373866
L=32 i2_stride8h64_b64 (Phase-2),data/32Ising_T2.269_hsBignet_i2_stride8h64_b64,32,2.269185314213022,19800,0,32,mera_subsampled,moment_skew,0.015193538311129993
L=32 i2_stride8h64_b64 (Phase-2),data/32Ising_T2.269_hsBignet_i2_stride8h64_b64,32,2.269185314213022,19800,1,16,mera_subsampled,moment_mean,-1.7899898290634155
L=32 i2_stride8h64_b64 (Phase-2),data/32Ising_T2.269_hsBignet_i2_stride8h64_b64,32,2.269185314213022,19800,1,16,mera_subsampled,moment_std,9.892657279968262
L=32 i2_stride8h64_b64 (Phase-2),data/32Ising_T2.269_hsBignet_i2_stride8h64_b64,32,2.269185314213022,19800,1,16,mera_subsampled,moment_var,97.86466217041016
L=32 i2_stride8h64_b64 (Phase-2),data/32Ising_T2.269_hsBignet_i2_stride8h64_b64,32,2.269185314213022,19800,1,16,mera_subsampled,moment_kurtosis,-0.327264256983292
L=32 i2_stride8h64_b64 (Phase-2),data/32Ising_T2.269_hsBignet_i2_stride8h64_b64,32,2.269185314213022,19800,1,16,mera_subsampled,moment_skew,-0.7134338649074947
L=32 i2_stride8h64_b64 (Phase-2),data/32Ising_T2.269_hsBignet_i2_stride8h64_b64,32,2.269185314213022,19800,2,8,mera_subsampled,moment_mean,2.2038187980651855
L=32 i2_stride8h64_b64 (Phase-2),data/32Ising_T2.269_hsBignet_i2_stride8h64_b64,32,2.269185314213022,19800,2,8,mera_subsampled,moment_std,12.711712837219238
L=32 i2_stride8h64_b64 (Phase-2),data/32Ising_T2.269_hsBignet_i2_stride8h64_b64,32,2.269185314213022,19800,2,8,mera_subsampled,moment_var,161.58763122558594
L=32 i2_stride8h64_b64 (Phase-2),data/32Ising_T2.269_hsBignet_i2_stride8h64_b64,32,2.269185314213022,19800,2,8,mera_subsampled,moment_kurtosis,-1.0364242908045675
L=32 i2_stride8h64_b64 (Phase-2),data/32Ising_T2.269_hsBignet_i2_stride8h64_b64,32,2.269185314213022,19800,2,8,mera_subsampled,moment_skew,-0.0865369854460453
L=32 i2_stride8h64_b64 (Phase-2),data/32Ising_T2.269_hsBignet_i2_stride8h64_b64,32,2.269185314213022,19800,3,4,mera_subsampled,moment_mean,2.664120674133301
L=32 i2_stride8h64_b64 (Phase-2),data/32Ising_T2.269_hsBignet_i2_stride8h64_b64,32,2.269185314213022,19800,3,4,mera_subsampled,moment_std,15.496824264526367
L=32 i2_stride8h64_b64 (Phase-2),data/32Ising_T2.269_hsBignet_i2_stride8h64_b64,32,2.269185314213022,19800,3,4,mera_subsampled,moment_var,240.1515655517578
L=32 i2_stride8h64_b64 (Phase-2),data/32Ising_T2.269_hsBignet_i2_stride8h64_b64,32,2.269185314213022,19800,3,4,mera_subsampled,moment_kurtosis,-1.1301269675715642
L=32 i2_stride8h64_b64 (Phase-2),data/32Ising_T2.269_hsBignet_i2_stride8h64_b64,32,2.269185314213022,19800,3,4,mera_subsampled,moment_skew,-0.16043362300809202
L=32 i2_stride8h64_b64 (Phase-2),data/32Ising_T2.269_hsBignet_i2_stride8h64_b64,32,2.269185314213022,19800,4,2,mera_subsampled,moment_mean,-0.5954580903053284
L=32 i2_stride8h64_b64 (Phase-2),data/32Ising_T2.269_hsBignet_i2_stride8h64_b64,32,2.269185314213022,19800,4,2,mera_subsampled,moment_std,7.321749687194824
L=32 i2_stride8h64_b64 (Phase-2),data/32Ising_T2.269_hsBignet_i2_stride8h64_b64,32,2.269185314213022,19800,4,2,mera_subsampled,moment_var,53.60801696777344
L=32 i2_stride8h64_b64 (Phase-2),data/32Ising_T2.269_hsBignet_i2_stride8h64_b64,32,2.269185314213022,19800,4,2,mera_subsampled,moment_kurtosis,-0.6270840701462124
L=32 i2_stride8h64_b64 (Phase-2),data/32Ising_T2.269_hsBignet_i2_stride8h64_b64,32,2.269185314213022,19800,4,2,mera_subsampled,moment_skew,-0.3862565427284931
L=32 i2_stride8h64_b64 (Phase-2),data/32Ising_T2.269_hsBignet_i2_stride8h64_b64,32,2.269185314213022,19800,5,1,mera_subsampled,moment_mean,-0.15704843401908875
L=32 i2_stride8h64_b64 (Phase-2),data/32Ising_T2.269_hsBignet_i2_stride8h64_b64,32,2.269185314213022,19800,5,1,mera_subsampled,moment_std,5.395112037658691
L=32 i2_stride8h64_b64 (Phase-2),data/32Ising_T2.269_hsBignet_i2_stride8h64_b64,32,2.269185314213022,19800,5,1,mera_subsampled,moment_var,29.10723304748535
L=32 i2_stride8h64_b64 (Phase-2),data/32Ising_T2.269_hsBignet_i2_stride8h64_b64,32,2.269185314213022,19800,5,1,mera_subsampled,moment_kurtosis,-0.5687279113135757
L=32 i2_stride8h64_b64 (Phase-2),data/32Ising_T2.269_hsBignet_i2_stride8h64_b64,32,2.269185314213022,19800,5,1,mera_subsampled,moment_skew,-0.394213172726073
L=32 i2_stride8h64_b64 (Phase-2),data/32Ising_T2.269_hsBignet_i2_stride8h64_b64,32,2.269185314213022,19800,0,32,blockRG,moment_mean,-0.03459131717681885
L=32 i2_stride8h64_b64 (Phase-2),data/32Ising_T2.269_hsBignet_i2_stride8h64_b64,32,2.269185314213022,19800,0,32,blockRG,moment_std,3.50704026222229
L=32 i2_stride8h64_b64 (Phase-2),data/32Ising_T2.269_hsBignet_i2_stride8h64_b64,32,2.269185314213022,19800,0,32,blockRG,moment_var,12.299330711364746
L=32 i2_stride8h64_b64 (Phase-2),data/32Ising_T2.269_hsBignet_i2_stride8h64_b64,32,2.269185314213022,19800,0,32,blockRG,moment_kurtosis,-1.333952273373866
L=32 i2_stride8h64_b64 (Phase-2),data/32Ising_T2.269_hsBignet_i2_stride8h64_b64,32,2.269185314213022,19800,0,32,blockRG,moment_skew,0.015193538311129993
L=32 i2_stride8h64_b64 (Phase-2),data/32Ising_T2.269_hsBignet_i2_stride8h64_b64,32,2.269185314213022,19800,1,16,blockRG,moment_mean,-0.03459132835268974
L=32 i2_stride8h64_b64 (Phase-2),data/32Ising_T2.269_hsBignet_i2_stride8h64_b64,32,2.269185314213022,19800,1,16,blockRG,moment_std,3.178054094314575
L=32 i2_stride8h64_b64 (Phase-2),data/32Ising_T2.269_hsBignet_i2_stride8h64_b64,32,2.269185314213022,19800,1,16,blockRG,moment_var,10.100027084350586
L=32 i2_stride8h64_b64 (Phase-2),data/32Ising_T2.269_hsBignet_i2_stride8h64_b64,32,2.269185314213022,19800,1,16,blockRG,moment_kurtosis,-1.5319216496856525
L=32 i2_stride8h64_b64 (Phase-2),data/32Ising_T2.269_hsBignet_i2_stride8h64_b64,32,2.269185314213022,19800,1,16,blockRG,moment_skew,0.017708419403094918
L=32 i2_stride8h64_b64 (Phase-2),data/32Ising_T2.269_hsBignet_i2_stride8h64_b64,32,2.269185314213022,19800,2,8,blockRG,moment_mean,-0.034591324627399445
L=32 i2_stride8h64_b64 (Phase-2),data/32Ising_T2.269_hsBignet_i2_stride8h64_b64,32,2.269185314213022,19800,2,8,blockRG,moment_std,2.9044411182403564
L=32 i2_stride8h64_b64 (Phase-2),data/32Ising_T2.269_hsBignet_i2_stride8h64_b64,32,2.269185314213022,19800,2,8,blockRG,moment_var,8.435778617858887
L=32 i2_stride8h64_b64 (Phase-2),data/32Ising_T2.269_hsBignet_i2_stride8h64_b64,32,2.269185314213022,19800,2,8,blockRG,moment_kurtosis,-1.6519473292115174
L=32 i2_stride8h64_b64 (Phase-2),data/32Ising_T2.269_hsBignet_i2_stride8h64_b64,32,2.269185314213022,19800,2,8,blockRG,moment_skew,0.020201961672020208
L=32 i2_stride8h64_b64 (Phase-2),data/32Ising_T2.269_hsBignet_i2_stride8h64_b64,32,2.269185314213022,19800,3,4,blockRG,moment_mean,-0.034591320902109146
L=32 i2_stride8h64_b64 (Phase-2),data/32Ising_T2.269_hsBignet_i2_stride8h64_b64,32,2.269185314213022,19800,3,4,blockRG,moment_std,2.6928799152374268
L=32 i2_stride8h64_b64 (Phase-2),data/32Ising_T2.269_hsBignet_i2_stride8h64_b64,32,2.269185314213022,19800,3,4,blockRG,moment_var,7.251602649688721
L=32 i2_stride8h64_b64 (Phase-2),data/32Ising_T2.269_hsBignet_i2_stride8h64_b64,32,2.269185314213022,19800,3,4,blockRG,moment_kurtosis,-1.7200876821647981
L=32 i2_stride8h64_b64 (Phase-2),data/32Ising_T2.269_hsBignet_i2_stride8h64_b64,32,2.269185314213022,19800,3,4,blockRG,moment_skew,0.023164850939309607
L=32 i2_stride8h64_b64 (Phase-2),data/32Ising_T2.269_hsBignet_i2_stride8h64_b64,32,2.269185314213022,19800,4,2,blockRG,moment_mean,-0.03459133207798004
L=32 i2_stride8h64_b64 (Phase-2),data/32Ising_T2.269_hsBignet_i2_stride8h64_b64,32,2.269185314213022,19800,4,2,blockRG,moment_std,2.537604570388794
L=32 i2_stride8h64_b64 (Phase-2),data/32Ising_T2.269_hsBignet_i2_stride8h64_b64,32,2.269185314213022,19800,4,2,blockRG,moment_var,6.439437389373779
L=32 i2_stride8h64_b64 (Phase-2),data/32Ising_T2.269_hsBignet_i2_stride8h64_b64,32,2.269185314213022,19800,4,2,blockRG,moment_kurtosis,-1.7778427325893864
L=32 i2_stride8h64_b64 (Phase-2),data/32Ising_T2.269_hsBignet_i2_stride8h64_b64,32,2.269185314213022,19800,4,2,blockRG,moment_skew,0.02887104909514786
L=32 i2_stride8h64_b64 (Phase-2),data/32Ising_T2.269_hsBignet_i2_stride8h64_b64,32,2.269185314213022,19800,5,1,blockRG,moment_mean,-0.03459133207798004
L=32 i2_stride8h64_b64 (Phase-2),data/32Ising_T2.269_hsBignet_i2_stride8h64_b64,32,2.269185314213022,19800,5,1,blockRG,moment_std,2.4618563652038574
L=32 i2_stride8h64_b64 (Phase-2),data/32Ising_T2.269_hsBignet_i2_stride8h64_b64,32,2.269185314213022,19800,5,1,blockRG,moment_var,6.060737133026123
L=32 i2_stride8h64_b64 (Phase-2),data/32Ising_T2.269_hsBignet_i2_stride8h64_b64,32,2.269185314213022,19800,5,1,blockRG,moment_kurtosis,-1.8368664852056662
L=32 i2_stride8h64_b64 (Phase-2),data/32Ising_T2.269_hsBignet_i2_stride8h64_b64,32,2.269185314213022,19800,5,1,blockRG,moment_skew,0.03380660784540168
L=32 i2_stride8h64_b64 (Phase-2),data/32Ising_T2.269_hsBignet_i2_stride8h64_b64,32,2.269185314213022,19800,0,32,cross,v5_ks,0.004724999999999979
L=32 i2_stride8h64_b64 (Phase-2),data/32Ising_T2.269_hsBignet_i2_stride8h64_b64,32,2.269185314213022,19800,0,32,cross,v5_w1,0.009195985288557855
L=32 i2_stride8h64_b64 (Phase-2),data/32Ising_T2.269_hsBignet_i2_stride8h64_b64,32,2.269185314213022,19800,0,32,cross,v5_rms_g,0.0
L=32 i2_stride8h64_b64 (Phase-2),data/32Ising_T2.269_hsBignet_i2_stride8h64_b64,32,2.269185314213022,19800,1,16,cross,v5_ks,0.11884
L=32 i2_stride8h64_b64 (Phase-2),data/32Ising_T2.269_hsBignet_i2_stride8h64_b64,32,2.269185314213022,19800,1,16,cross,v5_w1,0.2588714178497163
L=32 i2_stride8h64_b64 (Phase-2),data/32Ising_T2.269_hsBignet_i2_stride8h64_b64,32,2.269185314213022,19800,1,16,cross,v5_rms_g,0.14939182996749878
L=32 i2_stride8h64_b64 (Phase-2),data/32Ising_T2.269_hsBignet_i2_stride8h64_b64,32,2.269185314213022,19800,2,8,cross,v5_ks,0.09540624999999997
L=32 i2_stride8h64_b64 (Phase-2),data/32Ising_T2.269_hsBignet_i2_stride8h64_b64,32,2.269185314213022,19800,2,8,cross,v5_w1,0.16197483326293424
L=32 i2_stride8h64_b64 (Phase-2),data/32Ising_T2.269_hsBignet_i2_stride8h64_b64,32,2.269185314213022,19800,2,8,cross,v5_rms_g,0.08641494810581207
L=32 i2_stride8h64_b64 (Phase-2),data/32Ising_T2.269_hsBignet_i2_stride8h64_b64,32,2.269185314213022,19800,3,4,cross,v5_ks,0.10246875
L=32 i2_stride8h64_b64 (Phase-2),data/32Ising_T2.269_hsBignet_i2_stride8h64_b64,32,2.269185314213022,19800,3,4,cross,v5_w1,0.1688920569829143
L=32 i2_stride8h64_b64 (Phase-2),data/32Ising_T2.269_hsBignet_i2_stride8h64_b64,32,2.269185314213022,19800,3,4,cross,v5_rms_g,0.09507085382938385
L=32 i2_stride8h64_b64 (Phase-2),data/32Ising_T2.269_hsBignet_i2_stride8h64_b64,32,2.269185314213022,19800,4,2,cross,v5_ks,0.153625
L=32 i2_stride8h64_b64 (Phase-2),data/32Ising_T2.269_hsBignet_i2_stride8h64_b64,32,2.269185314213022,19800,4,2,cross,v5_w1,0.28556407208373635
L=32 i2_stride8h64_b64 (Phase-2),data/32Ising_T2.269_hsBignet_i2_stride8h64_b64,32,2.269185314213022,19800,4,2,cross,v5_rms_g,nan
L=32 i2_stride8h64_b64 (Phase-2),data/32Ising_T2.269_hsBignet_i2_stride8h64_b64,32,2.269185314213022,19800,5,1,cross,v5_ks,0.1835
L=32 i2_stride8h64_b64 (Phase-2),data/32Ising_T2.269_hsBignet_i2_stride8h64_b64,32,2.269185314213022,19800,5,1,cross,v5_w1,0.3279980536201765
L=32 i2_stride8h64_b64 (Phase-2),data/32Ising_T2.269_hsBignet_i2_stride8h64_b64,32,2.269185314213022,19800,5,1,cross,v5_rms_g,nan
L=64 i2_stride8h32_b16 (Phase-2),data/64Ising_T2.269_hsBignet_i2_stride8h32_b16,64,2.269185314213022,19800,0,64,mera_subsampled,moment_mean,-0.01689569093286991
L=64 i2_stride8h32_b16 (Phase-2),data/64Ising_T2.269_hsBignet_i2_stride8h32_b16,64,2.269185314213022,19800,0,64,mera_subsampled,moment_std,3.5013132095336914
L=64 i2_stride8h32_b16 (Phase-2),data/64Ising_T2.269_hsBignet_i2_stride8h32_b16,64,2.269185314213022,19800,0,64,mera_subsampled,moment_var,12.259194374084473
L=64 i2_stride8h32_b16 (Phase-2),data/64Ising_T2.269_hsBignet_i2_stride8h32_b16,64,2.269185314213022,19800,0,64,mera_subsampled,moment_kurtosis,-1.3322957467744365
L=64 i2_stride8h32_b16 (Phase-2),data/64Ising_T2.269_hsBignet_i2_stride8h32_b16,64,2.269185314213022,19800,0,64,mera_subsampled,moment_skew,0.007592712038213583
L=64 i2_stride8h32_b16 (Phase-2),data/64Ising_T2.269_hsBignet_i2_stride8h32_b16,64,2.269185314213022,19800,1,32,mera_subsampled,moment_mean,3.2795181274414062
L=64 i2_stride8h32_b16 (Phase-2),data/64Ising_T2.269_hsBignet_i2_stride8h32_b16,64,2.269185314213022,19800,1,32,mera_subsampled,moment_std,15.526656150817871
L=64 i2_stride8h32_b16 (Phase-2),data/64Ising_T2.269_hsBignet_i2_stride8h32_b16,64,2.269185314213022,19800,1,32,mera_subsampled,moment_var,241.07704162597656
L=64 i2_stride8h32_b16 (Phase-2),data/64Ising_T2.269_hsBignet_i2_stride8h32_b16,64,2.269185314213022,19800,1,32,mera_subsampled,moment_kurtosis,-0.9679504970089869
L=64 i2_stride8h32_b16 (Phase-2),data/64Ising_T2.269_hsBignet_i2_stride8h32_b16,64,2.269185314213022,19800,1,32,mera_subsampled,moment_skew,0.16367658285167835
L=64 i2_stride8h32_b16 (Phase-2),data/64Ising_T2.269_hsBignet_i2_stride8h32_b16,64,2.269185314213022,19800,2,16,mera_subsampled,moment_mean,25.242300033569336
L=64 i2_stride8h32_b16 (Phase-2),data/64Ising_T2.269_hsBignet_i2_stride8h32_b16,64,2.269185314213022,19800,2,16,mera_subsampled,moment_std,45.291526794433594
L=64 i2_stride8h32_b16 (Phase-2),data/64Ising_T2.269_hsBignet_i2_stride8h32_b16,64,2.269185314213022,19800,2,16,mera_subsampled,moment_var,2051.322265625
L=64 i2_stride8h32_b16 (Phase-2),data/64Ising_T2.269_hsBignet_i2_stride8h32_b16,64,2.269185314213022,19800,2,16,mera_subsampled,moment_kurtosis,-0.9489113932956896
L=64 i2_stride8h32_b16 (Phase-2),data/64Ising_T2.269_hsBignet_i2_stride8h32_b16,64,2.269185314213022,19800,2,16,mera_subsampled,moment_skew,0.49426004977099797
L=64 i2_stride8h32_b16 (Phase-2),data/64Ising_T2.269_hsBignet_i2_stride8h32_b16,64,2.269185314213022,19800,3,8,mera_subsampled,moment_mean,13.178890228271484
L=64 i2_stride8h32_b16 (Phase-2),data/64Ising_T2.269_hsBignet_i2_stride8h32_b16,64,2.269185314213022,19800,3,8,mera_subsampled,moment_std,24.216718673706055
L=64 i2_stride8h32_b16 (Phase-2),data/64Ising_T2.269_hsBignet_i2_stride8h32_b16,64,2.269185314213022,19800,3,8,mera_subsampled,moment_var,586.449462890625
L=64 i2_stride8h32_b16 (Phase-2),data/64Ising_T2.269_hsBignet_i2_stride8h32_b16,64,2.269185314213022,19800,3,8,mera_subsampled,moment_kurtosis,-0.9263338175271931
L=64 i2_stride8h32_b16 (Phase-2),data/64Ising_T2.269_hsBignet_i2_stride8h32_b16,64,2.269185314213022,19800,3,8,mera_subsampled,moment_skew,0.4547634762549416
L=64 i2_stride8h32_b16 (Phase-2),data/64Ising_T2.269_hsBignet_i2_stride8h32_b16,64,2.269185314213022,19800,4,4,mera_subsampled,moment_mean,11.81222915649414
L=64 i2_stride8h32_b16 (Phase-2),data/64Ising_T2.269_hsBignet_i2_stride8h32_b16,64,2.269185314213022,19800,4,4,mera_subsampled,moment_std,23.33241844177246
L=64 i2_stride8h32_b16 (Phase-2),data/64Ising_T2.269_hsBignet_i2_stride8h32_b16,64,2.269185314213022,19800,4,4,mera_subsampled,moment_var,544.4017944335938
L=64 i2_stride8h32_b16 (Phase-2),data/64Ising_T2.269_hsBignet_i2_stride8h32_b16,64,2.269185314213022,19800,4,4,mera_subsampled,moment_kurtosis,-1.0768283664761484
L=64 i2_stride8h32_b16 (Phase-2),data/64Ising_T2.269_hsBignet_i2_stride8h32_b16,64,2.269185314213022,19800,4,4,mera_subsampled,moment_skew,0.36797193302206915
L=64 i2_stride8h32_b16 (Phase-2),data/64Ising_T2.269_hsBignet_i2_stride8h32_b16,64,2.269185314213022,19800,5,2,mera_subsampled,moment_mean,2.499605178833008
L=64 i2_stride8h32_b16 (Phase-2),data/64Ising_T2.269_hsBignet_i2_stride8h32_b16,64,2.269185314213022,19800,5,2,mera_subsampled,moment_std,10.830860137939453
L=64 i2_stride8h32_b16 (Phase-2),data/64Ising_T2.269_hsBignet_i2_stride8h32_b16,64,2.269185314213022,19800,5,2,mera_subsampled,moment_var,117.30752563476562
L=64 i2_stride8h32_b16 (Phase-2),data/64Ising_T2.269_hsBignet_i2_stride8h32_b16,64,2.269185314213022,19800,5,2,mera_subsampled,moment_kurtosis,-0.9828291333966943
L=64 i2_stride8h32_b16 (Phase-2),data/64Ising_T2.269_hsBignet_i2_stride8h32_b16,64,2.269185314213022,19800,5,2,mera_subsampled,moment_skew,0.10402132034359693
L=64 i2_stride8h32_b16 (Phase-2),data/64Ising_T2.269_hsBignet_i2_stride8h32_b16,64,2.269185314213022,19800,6,1,mera_subsampled,moment_mean,1.6516938209533691
L=64 i2_stride8h32_b16 (Phase-2),data/64Ising_T2.269_hsBignet_i2_stride8h32_b16,64,2.269185314213022,19800,6,1,mera_subsampled,moment_std,7.501425266265869
L=64 i2_stride8h32_b16 (Phase-2),data/64Ising_T2.269_hsBignet_i2_stride8h32_b16,64,2.269185314213022,19800,6,1,mera_subsampled,moment_var,56.27138137817383
L=64 i2_stride8h32_b16 (Phase-2),data/64Ising_T2.269_hsBignet_i2_stride8h32_b16,64,2.269185314213022,19800,6,1,mera_subsampled,moment_kurtosis,-0.998805447131379
L=64 i2_stride8h32_b16 (Phase-2),data/64Ising_T2.269_hsBignet_i2_stride8h32_b16,64,2.269185314213022,19800,6,1,mera_subsampled,moment_skew,0.11516891990135726
L=64 i2_stride8h32_b16 (Phase-2),data/64Ising_T2.269_hsBignet_i2_stride8h32_b16,64,2.269185314213022,19800,0,64,blockRG,moment_mean,-0.01689569093286991
L=64 i2_stride8h32_b16 (Phase-2),data/64Ising_T2.269_hsBignet_i2_stride8h32_b16,64,2.269185314213022,19800,0,64,blockRG,moment_std,3.5013132095336914
L=64 i2_stride8h32_b16 (Phase-2),data/64Ising_T2.269_hsBignet_i2_stride8h32_b16,64,2.269185314213022,19800,0,64,blockRG,moment_var,12.259194374084473
L=64 i2_stride8h32_b16 (Phase-2),data/64Ising_T2.269_hsBignet_i2_stride8h32_b16,64,2.269185314213022,19800,0,64,blockRG,moment_kurtosis,-1.3322957467744365
L=64 i2_stride8h32_b16 (Phase-2),data/64Ising_T2.269_hsBignet_i2_stride8h32_b16,64,2.269185314213022,19800,0,64,blockRG,moment_skew,0.007592712038213583
L=64 i2_stride8h32_b16 (Phase-2),data/64Ising_T2.269_hsBignet_i2_stride8h32_b16,64,2.269185314213022,19800,1,32,blockRG,moment_mean,-0.01689569465816021
L=64 i2_stride8h32_b16 (Phase-2),data/64Ising_T2.269_hsBignet_i2_stride8h32_b16,64,2.269185314213022,19800,1,32,blockRG,moment_std,3.1695361137390137
L=64 i2_stride8h32_b16 (Phase-2),data/64Ising_T2.269_hsBignet_i2_stride8h32_b16,64,2.269185314213022,19800,1,32,blockRG,moment_var,10.045958518981934
L=64 i2_stride8h32_b16 (Phase-2),data/64Ising_T2.269_hsBignet_i2_stride8h32_b16,64,2.269185314213022,19800,1,32,blockRG,moment_kurtosis,-1.5261650073356092
L=64 i2_stride8h32_b16 (Phase-2),data/64Ising_T2.269_hsBignet_i2_stride8h32_b16,64,2.269185314213022,19800,1,32,blockRG,moment_skew,0.008613123990872324
L=64 i2_stride8h32_b16 (Phase-2),data/64Ising_T2.269_hsBignet_i2_stride8h32_b16,64,2.269185314213022,19800,2,16,blockRG,moment_mean,-0.016895700246095657
L=64 i2_stride8h32_b16 (Phase-2),data/64Ising_T2.269_hsBignet_i2_stride8h32_b16,64,2.269185314213022,19800,2,16,blockRG,moment_std,2.8879222869873047
L=64 i2_stride8h32_b16 (Phase-2),data/64Ising_T2.269_hsBignet_i2_stride8h32_b16,64,2.269185314213022,19800,2,16,blockRG,moment_var,8.340094566345215
L=64 i2_stride8h32_b16 (Phase-2),data/64Ising_T2.269_hsBignet_i2_stride8h32_b16,64,2.269185314213022,19800,2,16,blockRG,moment_kurtosis,-1.641517030003369
L=64 i2_stride8h32_b16 (Phase-2),data/64Ising_T2.269_hsBignet_i2_stride8h32_b16,64,2.269185314213022,19800,2,16,blockRG,moment_skew,0.009944519520017259
L=64 i2_stride8h32_b16 (Phase-2),data/64Ising_T2.269_hsBignet_i2_stride8h32_b16,64,2.269185314213022,19800,3,8,blockRG,moment_mean,-0.016895702108740807
L=64 i2_stride8h32_b16 (Phase-2),data/64Ising_T2.269_hsBignet_i2_stride8h32_b16,64,2.269185314213022,19800,3,8,blockRG,moment_std,2.6576743125915527
L=64 i2_stride8h32_b16 (Phase-2),data/64Ising_T2.269_hsBignet_i2_stride8h32_b16,64,2.269185314213022,19800,3,8,blockRG,moment_var,7.063232421875
L=64 i2_stride8h32_b16 (Phase-2),data/64Ising_T2.269_hsBignet_i2_stride8h32_b16,64,2.269185314213022,19800,3,8,blockRG,moment_kurtosis,-1.6921270765079353
L=64 i2_stride8h32_b16 (Phase-2),data/64Ising_T2.269_hsBignet_i2_stride8h32_b16,64,2.269185314213022,19800,3,8,blockRG,moment_skew,0.011755510912779044
L=64 i2_stride8h32_b16 (Phase-2),data/64Ising_T2.269_hsBignet_i2_stride8h32_b16,64,2.269185314213022,19800,4,4,blockRG,moment_mean,-0.016895698383450508
L=64 i2_stride8h32_b16 (Phase-2),data/64Ising_T2.269_hsBignet_i2_stride8h32_b16,64,2.269185314213022,19800,4,4,blockRG,moment_std,2.472313165664673
L=64 i2_stride8h32_b16 (Phase-2),data/64Ising_T2.269_hsBignet_i2_stride8h32_b16,64,2.269185314213022,19800,4,4,blockRG,moment_var,6.112332344055176
L=64 i2_stride8h32_b16 (Phase-2),data/64Ising_T2.269_hsBignet_i2_stride8h32_b16,64,2.269185314213022,19800,4,4,blockRG,moment_kurtosis,-1.7318575697353762
L=64 i2_stride8h32_b16 (Phase-2),data/64Ising_T2.269_hsBignet_i2_stride8h32_b16,64,2.269185314213022,19800,4,4,blockRG,moment_skew,0.010836778896408076
L=64 i2_stride8h32_b16 (Phase-2),data/64Ising_T2.269_hsBignet_i2_stride8h32_b16,64,2.269185314213022,19800,5,2,blockRG,moment_mean,-0.016895702108740807
L=64 i2_stride8h32_b16 (Phase-2),data/64Ising_T2.269_hsBignet_i2_stride8h32_b16,64,2.269185314213022,19800,5,2,blockRG,moment_std,2.331963539123535
L=64 i2_stride8h32_b16 (Phase-2),data/64Ising_T2.269_hsBignet_i2_stride8h32_b16,64,2.269185314213022,19800,5,2,blockRG,moment_var,5.438053607940674
L=64 i2_stride8h32_b16 (Phase-2),data/64Ising_T2.269_hsBignet_i2_stride8h32_b16,64,2.269185314213022,19800,5,2,blockRG,moment_kurtosis,-1.7846850833554164
L=64 i2_stride8h32_b16 (Phase-2),data/64Ising_T2.269_hsBignet_i2_stride8h32_b16,64,2.269185314213022,19800,5,2,blockRG,moment_skew,0.01059472630841828
L=64 i2_stride8h32_b16 (Phase-2),data/64Ising_T2.269_hsBignet_i2_stride8h32_b16,64,2.269185314213022,19800,6,1,blockRG,moment_mean,-0.01689569465816021
L=64 i2_stride8h32_b16 (Phase-2),data/64Ising_T2.269_hsBignet_i2_stride8h32_b16,64,2.269185314213022,19800,6,1,blockRG,moment_std,2.267432689666748
L=64 i2_stride8h32_b16 (Phase-2),data/64Ising_T2.269_hsBignet_i2_stride8h32_b16,64,2.269185314213022,19800,6,1,blockRG,moment_var,5.141251087188721
L=64 i2_stride8h32_b16 (Phase-2),data/64Ising_T2.269_hsBignet_i2_stride8h32_b16,64,2.269185314213022,19800,6,1,blockRG,moment_kurtosis,-1.846679190382867
L=64 i2_stride8h32_b16 (Phase-2),data/64Ising_T2.269_hsBignet_i2_stride8h32_b16,64,2.269185314213022,19800,6,1,blockRG,moment_skew,0.006558048042675441
L=64 i2_stride8h32_b16 (Phase-2),data/64Ising_T2.269_hsBignet_i2_stride8h32_b16,64,2.269185314213022,19800,0,64,cross,v5_ks,0.003970000000000001
L=64 i2_stride8h32_b16 (Phase-2),data/64Ising_T2.269_hsBignet_i2_stride8h32_b16,64,2.269185314213022,19800,0,64,cross,v5_w1,0.009729056270474028
L=64 i2_stride8h32_b16 (Phase-2),data/64Ising_T2.269_hsBignet_i2_stride8h32_b16,64,2.269185314213022,19800,0,64,cross,v5_rms_g,0.0
L=64 i2_stride8h32_b16 (Phase-2),data/64Ising_T2.269_hsBignet_i2_stride8h32_b16,64,2.269185314213022,19800,1,32,cross,v5_ks,0.06981000000000004
L=64 i2_stride8h32_b16 (Phase-2),data/64Ising_T2.269_hsBignet_i2_stride8h32_b16,64,2.269185314213022,19800,1,32,cross,v5_w1,0.13618092454504116
L=64 i2_stride8h32_b16 (Phase-2),data/64Ising_T2.269_hsBignet_i2_stride8h32_b16,64,2.269185314213022,19800,1,32,cross,v5_rms_g,0.09231758117675781
L=64 i2_stride8h32_b16 (Phase-2),data/64Ising_T2.269_hsBignet_i2_stride8h32_b16,64,2.269185314213022,19800,2,16,cross,v5_ks,0.09420500000000001
L=64 i2_stride8h32_b16 (Phase-2),data/64Ising_T2.269_hsBignet_i2_stride8h32_b16,64,2.269185314213022,19800,2,16,cross,v5_w1,0.2022498825246556
L=64 i2_stride8h32_b16 (Phase-2),data/64Ising_T2.269_hsBignet_i2_stride8h32_b16,64,2.269185314213022,19800,2,16,cross,v5_rms_g,0.023687688633799553
L=64 i2_stride8h32_b16 (Phase-2),data/64Ising_T2.269_hsBignet_i2_stride8h32_b16,64,2.269185314213022,19800,3,8,cross,v5_ks,0.10107812499999991
L=64 i2_stride8h32_b16 (Phase-2),data/64Ising_T2.269_hsBignet_i2_stride8h32_b16,64,2.269185314213022,19800,3,8,cross,v5_w1,0.19450971686809942
L=64 i2_stride8h32_b16 (Phase-2),data/64Ising_T2.269_hsBignet_i2_stride8h32_b16,64,2.269185314213022,19800,3,8,cross,v5_rms_g,0.031299665570259094
L=64 i2_stride8h32_b16 (Phase-2),data/64Ising_T2.269_hsBignet_i2_stride8h32_b16,64,2.269185314213022,19800,4,4,cross,v5_ks,0.10684375000000002
L=64 i2_stride8h32_b16 (Phase-2),data/64Ising_T2.269_hsBignet_i2_stride8h32_b16,64,2.269185314213022,19800,4,4,cross,v5_w1,0.1781964929646188
L=64 i2_stride8h32_b16 (Phase-2),data/64Ising_T2.269_hsBignet_i2_stride8h32_b16,64,2.269185314213022,19800,4,4,cross,v5_rms_g,0.06543528288602829
L=64 i2_stride8h32_b16 (Phase-2),data/64Ising_T2.269_hsBignet_i2_stride8h32_b16,64,2.269185314213022,19800,5,2,cross,v5_ks,0.1355
L=64 i2_stride8h32_b16 (Phase-2),data/64Ising_T2.269_hsBignet_i2_stride8h32_b16,64,2.269185314213022,19800,5,2,cross,v5_w1,0.2335883792536615
L=64 i2_stride8h32_b16 (Phase-2),data/64Ising_T2.269_hsBignet_i2_stride8h32_b16,64,2.269185314213022,19800,5,2,cross,v5_rms_g,nan
L=64 i2_stride8h32_b16 (Phase-2),data/64Ising_T2.269_hsBignet_i2_stride8h32_b16,64,2.269185314213022,19800,6,1,cross,v5_ks,0.154
L=64 i2_stride8h32_b16 (Phase-2),data/64Ising_T2.269_hsBignet_i2_stride8h32_b16,64,2.269185314213022,19800,6,1,cross,v5_w1,0.2604833284521592
L=64 i2_stride8h32_b16 (Phase-2),data/64Ising_T2.269_hsBignet_i2_stride8h32_b16,64,2.269185314213022,19800,6,1,cross,v5_rms_g,nan
L=64 i2_stride4h32_b16 (Phase-2),data/64Ising_T2.269_hsBignet_i2_stride4h32_b16,64,2.269185314213022,19800,0,64,mera_subsampled,moment_mean,-0.01689569093286991
L=64 i2_stride4h32_b16 (Phase-2),data/64Ising_T2.269_hsBignet_i2_stride4h32_b16,64,2.269185314213022,19800,0,64,mera_subsampled,moment_std,3.5013132095336914
L=64 i2_stride4h32_b16 (Phase-2),data/64Ising_T2.269_hsBignet_i2_stride4h32_b16,64,2.269185314213022,19800,0,64,mera_subsampled,moment_var,12.259194374084473
L=64 i2_stride4h32_b16 (Phase-2),data/64Ising_T2.269_hsBignet_i2_stride4h32_b16,64,2.269185314213022,19800,0,64,mera_subsampled,moment_kurtosis,-1.3322957467744365
L=64 i2_stride4h32_b16 (Phase-2),data/64Ising_T2.269_hsBignet_i2_stride4h32_b16,64,2.269185314213022,19800,0,64,mera_subsampled,moment_skew,0.007592712038213583
L=64 i2_stride4h32_b16 (Phase-2),data/64Ising_T2.269_hsBignet_i2_stride4h32_b16,64,2.269185314213022,19800,1,32,mera_subsampled,moment_mean,-0.4978221654891968
L=64 i2_stride4h32_b16 (Phase-2),data/64Ising_T2.269_hsBignet_i2_stride4h32_b16,64,2.269185314213022,19800,1,32,mera_subsampled,moment_std,8.490118980407715
L=64 i2_stride4h32_b16 (Phase-2),data/64Ising_T2.269_hsBignet_i2_stride4h32_b16,64,2.269185314213022,19800,1,32,mera_subsampled,moment_var,72.08211517333984
L=64 i2_stride4h32_b16 (Phase-2),data/64Ising_T2.269_hsBignet_i2_stride4h32_b16,64,2.269185314213022,19800,1,32,mera_subsampled,moment_kurtosis,-0.5757657794183082
L=64 i2_stride4h32_b16 (Phase-2),data/64Ising_T2.269_hsBignet_i2_stride4h32_b16,64,2.269185314213022,19800,1,32,mera_subsampled,moment_skew,0.17137542344669793
L=64 i2_stride4h32_b16 (Phase-2),data/64Ising_T2.269_hsBignet_i2_stride4h32_b16,64,2.269185314213022,19800,2,16,mera_subsampled,moment_mean,-3.421322822570801
L=64 i2_stride4h32_b16 (Phase-2),data/64Ising_T2.269_hsBignet_i2_stride4h32_b16,64,2.269185314213022,19800,2,16,mera_subsampled,moment_std,8.4619140625
L=64 i2_stride4h32_b16 (Phase-2),data/64Ising_T2.269_hsBignet_i2_stride4h32_b16,64,2.269185314213022,19800,2,16,mera_subsampled,moment_var,71.60398864746094
L=64 i2_stride4h32_b16 (Phase-2),data/64Ising_T2.269_hsBignet_i2_stride4h32_b16,64,2.269185314213022,19800,2,16,mera_subsampled,moment_kurtosis,-0.7562487853112545
L=64 i2_stride4h32_b16 (Phase-2),data/64Ising_T2.269_hsBignet_i2_stride4h32_b16,64,2.269185314213022,19800,2,16,mera_subsampled,moment_skew,-0.009631477668148387
L=64 i2_stride4h32_b16 (Phase-2),data/64Ising_T2.269_hsBignet_i2_stride4h32_b16,64,2.269185314213022,19800,3,8,mera_subsampled,moment_mean,-2.883150577545166
L=64 i2_stride4h32_b16 (Phase-2),data/64Ising_T2.269_hsBignet_i2_stride4h32_b16,64,2.269185314213022,19800,3,8,mera_subsampled,moment_std,8.29716968536377
L=64 i2_stride4h32_b16 (Phase-2),data/64Ising_T2.269_hsBignet_i2_stride4h32_b16,64,2.269185314213022,19800,3,8,mera_subsampled,moment_var,68.843017578125
L=64 i2_stride4h32_b16 (Phase-2),data/64Ising_T2.269_hsBignet_i2_stride4h32_b16,64,2.269185314213022,19800,3,8,mera_subsampled,moment_kurtosis,-0.9238766780841363
L=64 i2_stride4h32_b16 (Phase-2),data/64Ising_T2.269_hsBignet_i2_stride4h32_b16,64,2.269185314213022,19800,3,8,mera_subsampled,moment_skew,-0.0535185535791528
L=64 i2_stride4h32_b16 (Phase-2),data/64Ising_T2.269_hsBignet_i2_stride4h32_b16,64,2.269185314213022,19800,4,4,mera_subsampled,moment_mean,-2.797279119491577
L=64 i2_stride4h32_b16 (Phase-2),data/64Ising_T2.269_hsBignet_i2_stride4h32_b16,64,2.269185314213022,19800,4,4,mera_subsampled,moment_std,9.204227447509766
L=64 i2_stride4h32_b16 (Phase-2),data/64Ising_T2.269_hsBignet_i2_stride4h32_b16,64,2.269185314213022,19800,4,4,mera_subsampled,moment_var,84.71781158447266
L=64 i2_stride4h32_b16 (Phase-2),data/64Ising_T2.269_hsBignet_i2_stride4h32_b16,64,2.269185314213022,19800,4,4,mera_subsampled,moment_kurtosis,-1.233907821815773
L=64 i2_stride4h32_b16 (Phase-2),data/64Ising_T2.269_hsBignet_i2_stride4h32_b16,64,2.269185314213022,19800,4,4,mera_subsampled,moment_skew,0.11913829517179061
L=64 i2_stride4h32_b16 (Phase-2),data/64Ising_T2.269_hsBignet_i2_stride4h32_b16,64,2.269185314213022,19800,5,2,mera_subsampled,moment_mean,-0.325147420167923
L=64 i2_stride4h32_b16 (Phase-2),data/64Ising_T2.269_hsBignet_i2_stride4h32_b16,64,2.269185314213022,19800,5,2,mera_subsampled,moment_std,4.5901312828063965
L=64 i2_stride4h32_b16 (Phase-2),data/64Ising_T2.269_hsBignet_i2_stride4h32_b16,64,2.269185314213022,19800,5,2,mera_subsampled,moment_var,21.069303512573242
L=64 i2_stride4h32_b16 (Phase-2),data/64Ising_T2.269_hsBignet_i2_stride4h32_b16,64,2.269185314213022,19800,5,2,mera_subsampled,moment_kurtosis,-0.8579444140076236
L=64 i2_stride4h32_b16 (Phase-2),data/64Ising_T2.269_hsBignet_i2_stride4h32_b16,64,2.269185314213022,19800,5,2,mera_subsampled,moment_skew,0.27275640158583564
L=64 i2_stride4h32_b16 (Phase-2),data/64Ising_T2.269_hsBignet_i2_stride4h32_b16,64,2.269185314213022,19800,6,1,mera_subsampled,moment_mean,-0.6019060015678406
L=64 i2_stride4h32_b16 (Phase-2),data/64Ising_T2.269_hsBignet_i2_stride4h32_b16,64,2.269185314213022,19800,6,1,mera_subsampled,moment_std,3.5627379417419434
L=64 i2_stride4h32_b16 (Phase-2),data/64Ising_T2.269_hsBignet_i2_stride4h32_b16,64,2.269185314213022,19800,6,1,mera_subsampled,moment_var,12.69310188293457
L=64 i2_stride4h32_b16 (Phase-2),data/64Ising_T2.269_hsBignet_i2_stride4h32_b16,64,2.269185314213022,19800,6,1,mera_subsampled,moment_kurtosis,-0.89255635630456
L=64 i2_stride4h32_b16 (Phase-2),data/64Ising_T2.269_hsBignet_i2_stride4h32_b16,64,2.269185314213022,19800,6,1,mera_subsampled,moment_skew,0.2541881313986925
L=64 i2_stride4h32_b16 (Phase-2),data/64Ising_T2.269_hsBignet_i2_stride4h32_b16,64,2.269185314213022,19800,0,64,blockRG,moment_mean,-0.01689569093286991
L=64 i2_stride4h32_b16 (Phase-2),data/64Ising_T2.269_hsBignet_i2_stride4h32_b16,64,2.269185314213022,19800,0,64,blockRG,moment_std,3.5013132095336914
L=64 i2_stride4h32_b16 (Phase-2),data/64Ising_T2.269_hsBignet_i2_stride4h32_b16,64,2.269185314213022,19800,0,64,blockRG,moment_var,12.259194374084473
L=64 i2_stride4h32_b16 (Phase-2),data/64Ising_T2.269_hsBignet_i2_stride4h32_b16,64,2.269185314213022,19800,0,64,blockRG,moment_kurtosis,-1.3322957467744365
L=64 i2_stride4h32_b16 (Phase-2),data/64Ising_T2.269_hsBignet_i2_stride4h32_b16,64,2.269185314213022,19800,0,64,blockRG,moment_skew,0.007592712038213583
L=64 i2_stride4h32_b16 (Phase-2),data/64Ising_T2.269_hsBignet_i2_stride4h32_b16,64,2.269185314213022,19800,1,32,blockRG,moment_mean,-0.01689569465816021
L=64 i2_stride4h32_b16 (Phase-2),data/64Ising_T2.269_hsBignet_i2_stride4h32_b16,64,2.269185314213022,19800,1,32,blockRG,moment_std,3.1695361137390137
L=64 i2_stride4h32_b16 (Phase-2),data/64Ising_T2.269_hsBignet_i2_stride4h32_b16,64,2.269185314213022,19800,1,32,blockRG,moment_var,10.045958518981934
L=64 i2_stride4h32_b16 (Phase-2),data/64Ising_T2.269_hsBignet_i2_stride4h32_b16,64,2.269185314213022,19800,1,32,blockRG,moment_kurtosis,-1.5261650073356092
L=64 i2_stride4h32_b16 (Phase-2),data/64Ising_T2.269_hsBignet_i2_stride4h32_b16,64,2.269185314213022,19800,1,32,blockRG,moment_skew,0.008613123990872324
L=64 i2_stride4h32_b16 (Phase-2),data/64Ising_T2.269_hsBignet_i2_stride4h32_b16,64,2.269185314213022,19800,2,16,blockRG,moment_mean,-0.016895700246095657
L=64 i2_stride4h32_b16 (Phase-2),data/64Ising_T2.269_hsBignet_i2_stride4h32_b16,64,2.269185314213022,19800,2,16,blockRG,moment_std,2.8879222869873047
L=64 i2_stride4h32_b16 (Phase-2),data/64Ising_T2.269_hsBignet_i2_stride4h32_b16,64,2.269185314213022,19800,2,16,blockRG,moment_var,8.340094566345215
L=64 i2_stride4h32_b16 (Phase-2),data/64Ising_T2.269_hsBignet_i2_stride4h32_b16,64,2.269185314213022,19800,2,16,blockRG,moment_kurtosis,-1.641517030003369
L=64 i2_stride4h32_b16 (Phase-2),data/64Ising_T2.269_hsBignet_i2_stride4h32_b16,64,2.269185314213022,19800,2,16,blockRG,moment_skew,0.009944519520017259
L=64 i2_stride4h32_b16 (Phase-2),data/64Ising_T2.269_hsBignet_i2_stride4h32_b16,64,2.269185314213022,19800,3,8,blockRG,moment_mean,-0.016895702108740807
L=64 i2_stride4h32_b16 (Phase-2),data/64Ising_T2.269_hsBignet_i2_stride4h32_b16,64,2.269185314213022,19800,3,8,blockRG,moment_std,2.6576743125915527
L=64 i2_stride4h32_b16 (Phase-2),data/64Ising_T2.269_hsBignet_i2_stride4h32_b16,64,2.269185314213022,19800,3,8,blockRG,moment_var,7.063232421875
L=64 i2_stride4h32_b16 (Phase-2),data/64Ising_T2.269_hsBignet_i2_stride4h32_b16,64,2.269185314213022,19800,3,8,blockRG,moment_kurtosis,-1.6921270765079353
L=64 i2_stride4h32_b16 (Phase-2),data/64Ising_T2.269_hsBignet_i2_stride4h32_b16,64,2.269185314213022,19800,3,8,blockRG,moment_skew,0.011755510912779044
L=64 i2_stride4h32_b16 (Phase-2),data/64Ising_T2.269_hsBignet_i2_stride4h32_b16,64,2.269185314213022,19800,4,4,blockRG,moment_mean,-0.016895698383450508
L=64 i2_stride4h32_b16 (Phase-2),data/64Ising_T2.269_hsBignet_i2_stride4h32_b16,64,2.269185314213022,19800,4,4,blockRG,moment_std,2.472313165664673
L=64 i2_stride4h32_b16 (Phase-2),data/64Ising_T2.269_hsBignet_i2_stride4h32_b16,64,2.269185314213022,19800,4,4,blockRG,moment_var,6.112332344055176
L=64 i2_stride4h32_b16 (Phase-2),data/64Ising_T2.269_hsBignet_i2_stride4h32_b16,64,2.269185314213022,19800,4,4,blockRG,moment_kurtosis,-1.7318575697353762
L=64 i2_stride4h32_b16 (Phase-2),data/64Ising_T2.269_hsBignet_i2_stride4h32_b16,64,2.269185314213022,19800,4,4,blockRG,moment_skew,0.010836778896408076
L=64 i2_stride4h32_b16 (Phase-2),data/64Ising_T2.269_hsBignet_i2_stride4h32_b16,64,2.269185314213022,19800,5,2,blockRG,moment_mean,-0.016895702108740807
L=64 i2_stride4h32_b16 (Phase-2),data/64Ising_T2.269_hsBignet_i2_stride4h32_b16,64,2.269185314213022,19800,5,2,blockRG,moment_std,2.331963539123535
L=64 i2_stride4h32_b16 (Phase-2),data/64Ising_T2.269_hsBignet_i2_stride4h32_b16,64,2.269185314213022,19800,5,2,blockRG,moment_var,5.438053607940674
L=64 i2_stride4h32_b16 (Phase-2),data/64Ising_T2.269_hsBignet_i2_stride4h32_b16,64,2.269185314213022,19800,5,2,blockRG,moment_kurtosis,-1.7846850833554164
L=64 i2_stride4h32_b16 (Phase-2),data/64Ising_T2.269_hsBignet_i2_stride4h32_b16,64,2.269185314213022,19800,5,2,blockRG,moment_skew,0.01059472630841828
L=64 i2_stride4h32_b16 (Phase-2),data/64Ising_T2.269_hsBignet_i2_stride4h32_b16,64,2.269185314213022,19800,6,1,blockRG,moment_mean,-0.01689569465816021
L=64 i2_stride4h32_b16 (Phase-2),data/64Ising_T2.269_hsBignet_i2_stride4h32_b16,64,2.269185314213022,19800,6,1,blockRG,moment_std,2.267432689666748
L=64 i2_stride4h32_b16 (Phase-2),data/64Ising_T2.269_hsBignet_i2_stride4h32_b16,64,2.269185314213022,19800,6,1,blockRG,moment_var,5.141251087188721
L=64 i2_stride4h32_b16 (Phase-2),data/64Ising_T2.269_hsBignet_i2_stride4h32_b16,64,2.269185314213022,19800,6,1,blockRG,moment_kurtosis,-1.846679190382867
L=64 i2_stride4h32_b16 (Phase-2),data/64Ising_T2.269_hsBignet_i2_stride4h32_b16,64,2.269185314213022,19800,6,1,blockRG,moment_skew,0.006558048042675441
L=64 i2_stride4h32_b16 (Phase-2),data/64Ising_T2.269_hsBignet_i2_stride4h32_b16,64,2.269185314213022,19800,0,64,cross,v5_ks,0.003970000000000001
L=64 i2_stride4h32_b16 (Phase-2),data/64Ising_T2.269_hsBignet_i2_stride4h32_b16,64,2.269185314213022,19800,0,64,cross,v5_w1,0.009729056270474028
L=64 i2_stride4h32_b16 (Phase-2),data/64Ising_T2.269_hsBignet_i2_stride4h32_b16,64,2.269185314213022,19800,0,64,cross,v5_rms_g,0.0
L=64 i2_stride4h32_b16 (Phase-2),data/64Ising_T2.269_hsBignet_i2_stride4h32_b16,64,2.269185314213022,19800,1,32,cross,v5_ks,0.08795999999999998
L=64 i2_stride4h32_b16 (Phase-2),data/64Ising_T2.269_hsBignet_i2_stride4h32_b16,64,2.269185314213022,19800,1,32,cross,v5_w1,0.17109549449849437
L=64 i2_stride4h32_b16 (Phase-2),data/64Ising_T2.269_hsBignet_i2_stride4h32_b16,64,2.269185314213022,19800,1,32,cross,v5_rms_g,0.16215012967586517
L=64 i2_stride4h32_b16 (Phase-2),data/64Ising_T2.269_hsBignet_i2_stride4h32_b16,64,2.269185314213022,19800,2,16,cross,v5_ks,0.09632000000000007
L=64 i2_stride4h32_b16 (Phase-2),data/64Ising_T2.269_hsBignet_i2_stride4h32_b16,64,2.269185314213022,19800,2,16,cross,v5_w1,0.1687669233098053
L=64 i2_stride4h32_b16 (Phase-2),data/64Ising_T2.269_hsBignet_i2_stride4h32_b16,64,2.269185314213022,19800,2,16,cross,v5_rms_g,0.05927186831831932
L=64 i2_stride4h32_b16 (Phase-2),data/64Ising_T2.269_hsBignet_i2_stride4h32_b16,64,2.269185314213022,19800,3,8,cross,v5_ks,0.09780468750000004
L=64 i2_stride4h32_b16 (Phase-2),data/64Ising_T2.269_hsBignet_i2_stride4h32_b16,64,2.269185314213022,19800,3,8,cross,v5_w1,0.1869021932529713
L=64 i2_stride4h32_b16 (Phase-2),data/64Ising_T2.269_hsBignet_i2_stride4h32_b16,64,2.269185314213022,19800,3,8,cross,v5_rms_g,0.09481783211231232
L=64 i2_stride4h32_b16 (Phase-2),data/64Ising_T2.269_hsBignet_i2_stride4h32_b16,64,2.269185314213022,19800,4,4,cross,v5_ks,0.09140625000000002
L=64 i2_stride4h32_b16 (Phase-2),data/64Ising_T2.269_hsBignet_i2_stride4h32_b16,64,2.269185314213022,19800,4,4,cross,v5_w1,0.1517284492373648
L=64 i2_stride4h32_b16 (Phase-2),data/64Ising_T2.269_hsBignet_i2_stride4h32_b16,64,2.269185314213022,19800,4,4,cross,v5_rms_g,0.07827785611152649
L=64 i2_stride4h32_b16 (Phase-2),data/64Ising_T2.269_hsBignet_i2_stride4h32_b16,64,2.269185314213022,19800,5,2,cross,v5_ks,0.1375
L=64 i2_stride4h32_b16 (Phase-2),data/64Ising_T2.269_hsBignet_i2_stride4h32_b16,64,2.269185314213022,19800,5,2,cross,v5_w1,0.25152659132297867
L=64 i2_stride4h32_b16 (Phase-2),data/64Ising_T2.269_hsBignet_i2_stride4h32_b16,64,2.269185314213022,19800,5,2,cross,v5_rms_g,nan
L=64 i2_stride4h32_b16 (Phase-2),data/64Ising_T2.269_hsBignet_i2_stride4h32_b16,64,2.269185314213022,19800,6,1,cross,v5_ks,0.157
L=64 i2_stride4h32_b16 (Phase-2),data/64Ising_T2.269_hsBignet_i2_stride4h32_b16,64,2.269185314213022,19800,6,1,cross,v5_w1,0.2845372188039255
L=64 i2_stride4h32_b16 (Phase-2),data/64Ising_T2.269_hsBignet_i2_stride4h32_b16,64,2.269185314213022,19800,6,1,cross,v5_rms_g,nan
L=64 i2_stride8h64_b16 (Phase-2),data/64Ising_T2.269_hsBignet_i2_stride8h64_b16,64,2.269185314213022,19800,0,64,mera_subsampled,moment_mean,-0.01689569093286991
L=64 i2_stride8h64_b16 (Phase-2),data/64Ising_T2.269_hsBignet_i2_stride8h64_b16,64,2.269185314213022,19800,0,64,mera_subsampled,moment_std,3.5013132095336914
L=64 i2_stride8h64_b16 (Phase-2),data/64Ising_T2.269_hsBignet_i2_stride8h64_b16,64,2.269185314213022,19800,0,64,mera_subsampled,moment_var,12.259194374084473
L=64 i2_stride8h64_b16 (Phase-2),data/64Ising_T2.269_hsBignet_i2_stride8h64_b16,64,2.269185314213022,19800,0,64,mera_subsampled,moment_kurtosis,-1.3322957467744365
L=64 i2_stride8h64_b16 (Phase-2),data/64Ising_T2.269_hsBignet_i2_stride8h64_b16,64,2.269185314213022,19800,0,64,mera_subsampled,moment_skew,0.007592712038213583
L=64 i2_stride8h64_b16 (Phase-2),data/64Ising_T2.269_hsBignet_i2_stride8h64_b16,64,2.269185314213022,19800,1,32,mera_subsampled,moment_mean,0.9625802040100098
L=64 i2_stride8h64_b16 (Phase-2),data/64Ising_T2.269_hsBignet_i2_stride8h64_b16,64,2.269185314213022,19800,1,32,mera_subsampled,moment_std,9.415186882019043
L=64 i2_stride8h64_b16 (Phase-2),data/64Ising_T2.269_hsBignet_i2_stride8h64_b16,64,2.269185314213022,19800,1,32,mera_subsampled,moment_var,88.64573669433594
L=64 i2_stride8h64_b16 (Phase-2),data/64Ising_T2.269_hsBignet_i2_stride8h64_b16,64,2.269185314213022,19800,1,32,mera_subsampled,moment_kurtosis,-0.8987757019949352
L=64 i2_stride8h64_b16 (Phase-2),data/64Ising_T2.269_hsBignet_i2_stride8h64_b16,64,2.269185314213022,19800,1,32,mera_subsampled,moment_skew,0.003809181611811916
L=64 i2_stride8h64_b16 (Phase-2),data/64Ising_T2.269_hsBignet_i2_stride8h64_b16,64,2.269185314213022,19800,2,16,mera_subsampled,moment_mean,3.3215441703796387
L=64 i2_stride8h64_b16 (Phase-2),data/64Ising_T2.269_hsBignet_i2_stride8h64_b16,64,2.269185314213022,19800,2,16,mera_subsampled,moment_std,13.429450035095215
L=64 i2_stride8h64_b16 (Phase-2),data/64Ising_T2.269_hsBignet_i2_stride8h64_b16,64,2.269185314213022,19800,2,16,mera_subsampled,moment_var,180.35012817382812
L=64 i2_stride8h64_b16 (Phase-2),data/64Ising_T2.269_hsBignet_i2_stride8h64_b16,64,2.269185314213022,19800,2,16,mera_subsampled,moment_kurtosis,-1.2133944494971018
L=64 i2_stride8h64_b16 (Phase-2),data/64Ising_T2.269_hsBignet_i2_stride8h64_b16,64,2.269185314213022,19800,2,16,mera_subsampled,moment_skew,0.05490935145078557
L=64 i2_stride8h64_b16 (Phase-2),data/64Ising_T2.269_hsBignet_i2_stride8h64_b16,64,2.269185314213022,19800,3,8,mera_subsampled,moment_mean,-0.9915446043014526
L=64 i2_stride8h64_b16 (Phase-2),data/64Ising_T2.269_hsBignet_i2_stride8h64_b16,64,2.269185314213022,19800,3,8,mera_subsampled,moment_std,15.91856861114502
L=64 i2_stride8h64_b16 (Phase-2),data/64Ising_T2.269_hsBignet_i2_stride8h64_b16,64,2.269185314213022,19800,3,8,mera_subsampled,moment_var,253.40081787109375
L=64 i2_stride8h64_b16 (Phase-2),data/64Ising_T2.269_hsBignet_i2_stride8h64_b16,64,2.269185314213022,19800,3,8,mera_subsampled,moment_kurtosis,-1.0650681146804721
L=64 i2_stride8h64_b16 (Phase-2),data/64Ising_T2.269_hsBignet_i2_stride8h64_b16,64,2.269185314213022,19800,3,8,mera_subsampled,moment_skew,0.008975796187032524
L=64 i2_stride8h64_b16 (Phase-2),data/64Ising_T2.269_hsBignet_i2_stride8h64_b16,64,2.269185314213022,19800,4,4,mera_subsampled,moment_mean,0.2295215129852295
L=64 i2_stride8h64_b16 (Phase-2),data/64Ising_T2.269_hsBignet_i2_stride8h64_b16,64,2.269185314213022,19800,4,4,mera_subsampled,moment_std,14.668868064880371
L=64 i2_stride8h64_b16 (Phase-2),data/64Ising_T2.269_hsBignet_i2_stride8h64_b16,64,2.269185314213022,19800,4,4,mera_subsampled,moment_var,215.17568969726562
L=64 i2_stride8h64_b16 (Phase-2),data/64Ising_T2.269_hsBignet_i2_stride8h64_b16,64,2.269185314213022,19800,4,4,mera_subsampled,moment_kurtosis,-1.3619560054904691
L=64 i2_stride8h64_b16 (Phase-2),data/64Ising_T2.269_hsBignet_i2_stride8h64_b16,64,2.269185314213022,19800,4,4,mera_subsampled,moment_skew,0.04094961483068333
L=64 i2_stride8h64_b16 (Phase-2),data/64Ising_T2.269_hsBignet_i2_stride8h64_b16,64,2.269185314213022,19800,5,2,mera_subsampled,moment_mean,1.7037557363510132
L=64 i2_stride8h64_b16 (Phase-2),data/64Ising_T2.269_hsBignet_i2_stride8h64_b16,64,2.269185314213022,19800,5,2,mera_subsampled,moment_std,8.491622924804688
L=64 i2_stride8h64_b16 (Phase-2),data/64Ising_T2.269_hsBignet_i2_stride8h64_b16,64,2.269185314213022,19800,5,2,mera_subsampled,moment_var,72.10765838623047
L=64 i2_stride8h64_b16 (Phase-2),data/64Ising_T2.269_hsBignet_i2_stride8h64_b16,64,2.269185314213022,19800,5,2,mera_subsampled,moment_kurtosis,-1.2273209367124167
L=64 i2_stride8h64_b16 (Phase-2),data/64Ising_T2.269_hsBignet_i2_stride8h64_b16,64,2.269185314213022,19800,5,2,mera_subsampled,moment_skew,0.09305824528553375
L=64 i2_stride8h64_b16 (Phase-2),data/64Ising_T2.269_hsBignet_i2_stride8h64_b16,64,2.269185314213022,19800,6,1,mera_subsampled,moment_mean,0.932069718837738
L=64 i2_stride8h64_b16 (Phase-2),data/64Ising_T2.269_hsBignet_i2_stride8h64_b16,64,2.269185314213022,19800,6,1,mera_subsampled,moment_std,5.880984783172607
L=64 i2_stride8h64_b16 (Phase-2),data/64Ising_T2.269_hsBignet_i2_stride8h64_b16,64,2.269185314213022,19800,6,1,mera_subsampled,moment_var,34.58598327636719
L=64 i2_stride8h64_b16 (Phase-2),data/64Ising_T2.269_hsBignet_i2_stride8h64_b16,64,2.269185314213022,19800,6,1,mera_subsampled,moment_kurtosis,-1.1460856269487876
L=64 i2_stride8h64_b16 (Phase-2),data/64Ising_T2.269_hsBignet_i2_stride8h64_b16,64,2.269185314213022,19800,6,1,mera_subsampled,moment_skew,0.08542288624249662
L=64 i2_stride8h64_b16 (Phase-2),data/64Ising_T2.269_hsBignet_i2_stride8h64_b16,64,2.269185314213022,19800,0,64,blockRG,moment_mean,-0.01689569093286991
L=64 i2_stride8h64_b16 (Phase-2),data/64Ising_T2.269_hsBignet_i2_stride8h64_b16,64,2.269185314213022,19800,0,64,blockRG,moment_std,3.5013132095336914
L=64 i2_stride8h64_b16 (Phase-2),data/64Ising_T2.269_hsBignet_i2_stride8h64_b16,64,2.269185314213022,19800,0,64,blockRG,moment_var,12.259194374084473
L=64 i2_stride8h64_b16 (Phase-2),data/64Ising_T2.269_hsBignet_i2_stride8h64_b16,64,2.269185314213022,19800,0,64,blockRG,moment_kurtosis,-1.3322957467744365
L=64 i2_stride8h64_b16 (Phase-2),data/64Ising_T2.269_hsBignet_i2_stride8h64_b16,64,2.269185314213022,19800,0,64,blockRG,moment_skew,0.007592712038213583
L=64 i2_stride8h64_b16 (Phase-2),data/64Ising_T2.269_hsBignet_i2_stride8h64_b16,64,2.269185314213022,19800,1,32,blockRG,moment_mean,-0.01689569465816021
L=64 i2_stride8h64_b16 (Phase-2),data/64Ising_T2.269_hsBignet_i2_stride8h64_b16,64,2.269185314213022,19800,1,32,blockRG,moment_std,3.1695361137390137
L=64 i2_stride8h64_b16 (Phase-2),data/64Ising_T2.269_hsBignet_i2_stride8h64_b16,64,2.269185314213022,19800,1,32,blockRG,moment_var,10.045958518981934
L=64 i2_stride8h64_b16 (Phase-2),data/64Ising_T2.269_hsBignet_i2_stride8h64_b16,64,2.269185314213022,19800,1,32,blockRG,moment_kurtosis,-1.5261650073356092
L=64 i2_stride8h64_b16 (Phase-2),data/64Ising_T2.269_hsBignet_i2_stride8h64_b16,64,2.269185314213022,19800,1,32,blockRG,moment_skew,0.008613123990872324
L=64 i2_stride8h64_b16 (Phase-2),data/64Ising_T2.269_hsBignet_i2_stride8h64_b16,64,2.269185314213022,19800,2,16,blockRG,moment_mean,-0.016895700246095657
L=64 i2_stride8h64_b16 (Phase-2),data/64Ising_T2.269_hsBignet_i2_stride8h64_b16,64,2.269185314213022,19800,2,16,blockRG,moment_std,2.8879222869873047
L=64 i2_stride8h64_b16 (Phase-2),data/64Ising_T2.269_hsBignet_i2_stride8h64_b16,64,2.269185314213022,19800,2,16,blockRG,moment_var,8.340094566345215
L=64 i2_stride8h64_b16 (Phase-2),data/64Ising_T2.269_hsBignet_i2_stride8h64_b16,64,2.269185314213022,19800,2,16,blockRG,moment_kurtosis,-1.641517030003369
L=64 i2_stride8h64_b16 (Phase-2),data/64Ising_T2.269_hsBignet_i2_stride8h64_b16,64,2.269185314213022,19800,2,16,blockRG,moment_skew,0.009944519520017259
L=64 i2_stride8h64_b16 (Phase-2),data/64Ising_T2.269_hsBignet_i2_stride8h64_b16,64,2.269185314213022,19800,3,8,blockRG,moment_mean,-0.016895702108740807
L=64 i2_stride8h64_b16 (Phase-2),data/64Ising_T2.269_hsBignet_i2_stride8h64_b16,64,2.269185314213022,19800,3,8,blockRG,moment_std,2.6576743125915527
L=64 i2_stride8h64_b16 (Phase-2),data/64Ising_T2.269_hsBignet_i2_stride8h64_b16,64,2.269185314213022,19800,3,8,blockRG,moment_var,7.063232421875
L=64 i2_stride8h64_b16 (Phase-2),data/64Ising_T2.269_hsBignet_i2_stride8h64_b16,64,2.269185314213022,19800,3,8,blockRG,moment_kurtosis,-1.6921270765079353
L=64 i2_stride8h64_b16 (Phase-2),data/64Ising_T2.269_hsBignet_i2_stride8h64_b16,64,2.269185314213022,19800,3,8,blockRG,moment_skew,0.011755510912779044
L=64 i2_stride8h64_b16 (Phase-2),data/64Ising_T2.269_hsBignet_i2_stride8h64_b16,64,2.269185314213022,19800,4,4,blockRG,moment_mean,-0.016895698383450508
L=64 i2_stride8h64_b16 (Phase-2),data/64Ising_T2.269_hsBignet_i2_stride8h64_b16,64,2.269185314213022,19800,4,4,blockRG,moment_std,2.472313165664673
L=64 i2_stride8h64_b16 (Phase-2),data/64Ising_T2.269_hsBignet_i2_stride8h64_b16,64,2.269185314213022,19800,4,4,blockRG,moment_var,6.112332344055176
L=64 i2_stride8h64_b16 (Phase-2),data/64Ising_T2.269_hsBignet_i2_stride8h64_b16,64,2.269185314213022,19800,4,4,blockRG,moment_kurtosis,-1.7318575697353762
L=64 i2_stride8h64_b16 (Phase-2),data/64Ising_T2.269_hsBignet_i2_stride8h64_b16,64,2.269185314213022,19800,4,4,blockRG,moment_skew,0.010836778896408076
L=64 i2_stride8h64_b16 (Phase-2),data/64Ising_T2.269_hsBignet_i2_stride8h64_b16,64,2.269185314213022,19800,5,2,blockRG,moment_mean,-0.016895702108740807
L=64 i2_stride8h64_b16 (Phase-2),data/64Ising_T2.269_hsBignet_i2_stride8h64_b16,64,2.269185314213022,19800,5,2,blockRG,moment_std,2.331963539123535
L=64 i2_stride8h64_b16 (Phase-2),data/64Ising_T2.269_hsBignet_i2_stride8h64_b16,64,2.269185314213022,19800,5,2,blockRG,moment_var,5.438053607940674
L=64 i2_stride8h64_b16 (Phase-2),data/64Ising_T2.269_hsBignet_i2_stride8h64_b16,64,2.269185314213022,19800,5,2,blockRG,moment_kurtosis,-1.7846850833554164
L=64 i2_stride8h64_b16 (Phase-2),data/64Ising_T2.269_hsBignet_i2_stride8h64_b16,64,2.269185314213022,19800,5,2,blockRG,moment_skew,0.01059472630841828
L=64 i2_stride8h64_b16 (Phase-2),data/64Ising_T2.269_hsBignet_i2_stride8h64_b16,64,2.269185314213022,19800,6,1,blockRG,moment_mean,-0.01689569465816021
L=64 i2_stride8h64_b16 (Phase-2),data/64Ising_T2.269_hsBignet_i2_stride8h64_b16,64,2.269185314213022,19800,6,1,blockRG,moment_std,2.267432689666748
L=64 i2_stride8h64_b16 (Phase-2),data/64Ising_T2.269_hsBignet_i2_stride8h64_b16,64,2.269185314213022,19800,6,1,blockRG,moment_var,5.141251087188721
L=64 i2_stride8h64_b16 (Phase-2),data/64Ising_T2.269_hsBignet_i2_stride8h64_b16,64,2.269185314213022,19800,6,1,blockRG,moment_kurtosis,-1.846679190382867
L=64 i2_stride8h64_b16 (Phase-2),data/64Ising_T2.269_hsBignet_i2_stride8h64_b16,64,2.269185314213022,19800,6,1,blockRG,moment_skew,0.006558048042675441
L=64 i2_stride8h64_b16 (Phase-2),data/64Ising_T2.269_hsBignet_i2_stride8h64_b16,64,2.269185314213022,19800,0,64,cross,v5_ks,0.003970000000000001
L=64 i2_stride8h64_b16 (Phase-2),data/64Ising_T2.269_hsBignet_i2_stride8h64_b16,64,2.269185314213022,19800,0,64,cross,v5_w1,0.009729056270474028
L=64 i2_stride8h64_b16 (Phase-2),data/64Ising_T2.269_hsBignet_i2_stride8h64_b16,64,2.269185314213022,19800,0,64,cross,v5_rms_g,0.0
L=64 i2_stride8h64_b16 (Phase-2),data/64Ising_T2.269_hsBignet_i2_stride8h64_b16,64,2.269185314213022,19800,1,32,cross,v5_ks,0.07893500000000009
L=64 i2_stride8h64_b16 (Phase-2),data/64Ising_T2.269_hsBignet_i2_stride8h64_b16,64,2.269185314213022,19800,1,32,cross,v5_w1,0.15286477547632915
L=64 i2_stride8h64_b16 (Phase-2),data/64Ising_T2.269_hsBignet_i2_stride8h64_b16,64,2.269185314213022,19800,1,32,cross,v5_rms_g,0.13169005513191223
L=64 i2_stride8h64_b16 (Phase-2),data/64Ising_T2.269_hsBignet_i2_stride8h64_b16,64,2.269185314213022,19800,2,16,cross,v5_ks,0.06652999999999998
L=64 i2_stride8h64_b16 (Phase-2),data/64Ising_T2.269_hsBignet_i2_stride8h64_b16,64,2.269185314213022,19800,2,16,cross,v5_w1,0.11931821325363998
L=64 i2_stride8h64_b16 (Phase-2),data/64Ising_T2.269_hsBignet_i2_stride8h64_b16,64,2.269185314213022,19800,2,16,cross,v5_rms_g,0.06209223344922066
L=64 i2_stride8h64_b16 (Phase-2),data/64Ising_T2.269_hsBignet_i2_stride8h64_b16,64,2.269185314213022,19800,3,8,cross,v5_ks,0.09535937500000002
L=64 i2_stride8h64_b16 (Phase-2),data/64Ising_T2.269_hsBignet_i2_stride8h64_b16,64,2.269185314213022,19800,3,8,cross,v5_w1,0.1732326354607032
L=64 i2_stride8h64_b16 (Phase-2),data/64Ising_T2.269_hsBignet_i2_stride8h64_b16,64,2.269185314213022,19800,3,8,cross,v5_rms_g,0.13173618912696838
L=64 i2_stride8h64_b16 (Phase-2),data/64Ising_T2.269_hsBignet_i2_stride8h64_b16,64,2.269185314213022,19800,4,4,cross,v5_ks,0.07953125000000003
L=64 i2_stride8h64_b16 (Phase-2),data/64Ising_T2.269_hsBignet_i2_stride8h64_b16,64,2.269185314213022,19800,4,4,cross,v5_w1,0.13298302343531432
L=64 i2_stride8h64_b16 (Phase-2),data/64Ising_T2.269_hsBignet_i2_stride8h64_b16,64,2.269185314213022,19800,4,4,cross,v5_rms_g,0.09621526300907135
L=64 i2_stride8h64_b16 (Phase-2),data/64Ising_T2.269_hsBignet_i2_stride8h64_b16,64,2.269185314213022,19800,5,2,cross,v5_ks,0.112125
L=64 i2_stride8h64_b16 (Phase-2),data/64Ising_T2.269_hsBignet_i2_stride8h64_b16,64,2.269185314213022,19800,5,2,cross,v5_w1,0.19290740053796798
L=64 i2_stride8h64_b16 (Phase-2),data/64Ising_T2.269_hsBignet_i2_stride8h64_b16,64,2.269185314213022,19800,5,2,cross,v5_rms_g,nan
L=64 i2_stride8h64_b16 (Phase-2),data/64Ising_T2.269_hsBignet_i2_stride8h64_b16,64,2.269185314213022,19800,6,1,cross,v5_ks,0.1455
L=64 i2_stride8h64_b16 (Phase-2),data/64Ising_T2.269_hsBignet_i2_stride8h64_b16,64,2.269185314213022,19800,6,1,cross,v5_w1,0.24125959603412775
L=64 i2_stride8h64_b16 (Phase-2),data/64Ising_T2.269_hsBignet_i2_stride8h64_b16,64,2.269185314213022,19800,6,1,cross,v5_rms_g,nan
L=64 i2_stride4h64_b16 (Phase-2),data/64Ising_T2.269_hsBignet_i2_stride4h64_b16,64,2.269185314213022,19800,0,64,mera_subsampled,moment_mean,-0.01689569093286991
L=64 i2_stride4h64_b16 (Phase-2),data/64Ising_T2.269_hsBignet_i2_stride4h64_b16,64,2.269185314213022,19800,0,64,mera_subsampled,moment_std,3.5013132095336914
L=64 i2_stride4h64_b16 (Phase-2),data/64Ising_T2.269_hsBignet_i2_stride4h64_b16,64,2.269185314213022,19800,0,64,mera_subsampled,moment_var,12.259194374084473
L=64 i2_stride4h64_b16 (Phase-2),data/64Ising_T2.269_hsBignet_i2_stride4h64_b16,64,2.269185314213022,19800,0,64,mera_subsampled,moment_kurtosis,-1.3322957467744365
L=64 i2_stride4h64_b16 (Phase-2),data/64Ising_T2.269_hsBignet_i2_stride4h64_b16,64,2.269185314213022,19800,0,64,mera_subsampled,moment_skew,0.007592712038213583
L=64 i2_stride4h64_b16 (Phase-2),data/64Ising_T2.269_hsBignet_i2_stride4h64_b16,64,2.269185314213022,19800,1,32,mera_subsampled,moment_mean,-0.6611633896827698
L=64 i2_stride4h64_b16 (Phase-2),data/64Ising_T2.269_hsBignet_i2_stride4h64_b16,64,2.269185314213022,19800,1,32,mera_subsampled,moment_std,7.674272060394287
L=64 i2_stride4h64_b16 (Phase-2),data/64Ising_T2.269_hsBignet_i2_stride4h64_b16,64,2.269185314213022,19800,1,32,mera_subsampled,moment_var,58.89445495605469
L=64 i2_stride4h64_b16 (Phase-2),data/64Ising_T2.269_hsBignet_i2_stride4h64_b16,64,2.269185314213022,19800,1,32,mera_subsampled,moment_kurtosis,-0.76454555210882
L=64 i2_stride4h64_b16 (Phase-2),data/64Ising_T2.269_hsBignet_i2_stride4h64_b16,64,2.269185314213022,19800,1,32,mera_subsampled,moment_skew,-0.28697555827063137
L=64 i2_stride4h64_b16 (Phase-2),data/64Ising_T2.269_hsBignet_i2_stride4h64_b16,64,2.269185314213022,19800,2,16,mera_subsampled,moment_mean,0.988842248916626
L=64 i2_stride4h64_b16 (Phase-2),data/64Ising_T2.269_hsBignet_i2_stride4h64_b16,64,2.269185314213022,19800,2,16,mera_subsampled,moment_std,11.877898216247559
L=64 i2_stride4h64_b16 (Phase-2),data/64Ising_T2.269_hsBignet_i2_stride4h64_b16,64,2.269185314213022,19800,2,16,mera_subsampled,moment_var,141.08445739746094
L=64 i2_stride4h64_b16 (Phase-2),data/64Ising_T2.269_hsBignet_i2_stride4h64_b16,64,2.269185314213022,19800,2,16,mera_subsampled,moment_kurtosis,-0.9445880538116538
L=64 i2_stride4h64_b16 (Phase-2),data/64Ising_T2.269_hsBignet_i2_stride4h64_b16,64,2.269185314213022,19800,2,16,mera_subsampled,moment_skew,0.03471894059603749
L=64 i2_stride4h64_b16 (Phase-2),data/64Ising_T2.269_hsBignet_i2_stride4h64_b16,64,2.269185314213022,19800,3,8,mera_subsampled,moment_mean,2.9321892261505127
L=64 i2_stride4h64_b16 (Phase-2),data/64Ising_T2.269_hsBignet_i2_stride4h64_b16,64,2.269185314213022,19800,3,8,mera_subsampled,moment_std,10.542612075805664
L=64 i2_stride4h64_b16 (Phase-2),data/64Ising_T2.269_hsBignet_i2_stride4h64_b16,64,2.269185314213022,19800,3,8,mera_subsampled,moment_var,111.14666748046875
L=64 i2_stride4h64_b16 (Phase-2),data/64Ising_T2.269_hsBignet_i2_stride4h64_b16,64,2.269185314213022,19800,3,8,mera_subsampled,moment_kurtosis,-0.7422588728938773
L=64 i2_stride4h64_b16 (Phase-2),data/64Ising_T2.269_hsBignet_i2_stride4h64_b16,64,2.269185314213022,19800,3,8,mera_subsampled,moment_skew,0.18472502894283102
L=64 i2_stride4h64_b16 (Phase-2),data/64Ising_T2.269_hsBignet_i2_stride4h64_b16,64,2.269185314213022,19800,4,4,mera_subsampled,moment_mean,2.822340965270996
L=64 i2_stride4h64_b16 (Phase-2),data/64Ising_T2.269_hsBignet_i2_stride4h64_b16,64,2.269185314213022,19800,4,4,mera_subsampled,moment_std,8.978801727294922
L=64 i2_stride4h64_b16 (Phase-2),data/64Ising_T2.269_hsBignet_i2_stride4h64_b16,64,2.269185314213022,19800,4,4,mera_subsampled,moment_var,80.61888885498047
L=64 i2_stride4h64_b16 (Phase-2),data/64Ising_T2.269_hsBignet_i2_stride4h64_b16,64,2.269185314213022,19800,4,4,mera_subsampled,moment_kurtosis,-1.0112319369869773
L=64 i2_stride4h64_b16 (Phase-2),data/64Ising_T2.269_hsBignet_i2_stride4h64_b16,64,2.269185314213022,19800,4,4,mera_subsampled,moment_skew,0.18349608284233926
L=64 i2_stride4h64_b16 (Phase-2),data/64Ising_T2.269_hsBignet_i2_stride4h64_b16,64,2.269185314213022,19800,5,2,mera_subsampled,moment_mean,0.7182076573371887
L=64 i2_stride4h64_b16 (Phase-2),data/64Ising_T2.269_hsBignet_i2_stride4h64_b16,64,2.269185314213022,19800,5,2,mera_subsampled,moment_std,4.002935409545898
L=64 i2_stride4h64_b16 (Phase-2),data/64Ising_T2.269_hsBignet_i2_stride4h64_b16,64,2.269185314213022,19800,5,2,mera_subsampled,moment_var,16.02349281311035
L=64 i2_stride4h64_b16 (Phase-2),data/64Ising_T2.269_hsBignet_i2_stride4h64_b16,64,2.269185314213022,19800,5,2,mera_subsampled,moment_kurtosis,-0.5442078586531984
L=64 i2_stride4h64_b16 (Phase-2),data/64Ising_T2.269_hsBignet_i2_stride4h64_b16,64,2.269185314213022,19800,5,2,mera_subsampled,moment_skew,0.077461245899868
L=64 i2_stride4h64_b16 (Phase-2),data/64Ising_T2.269_hsBignet_i2_stride4h64_b16,64,2.269185314213022,19800,6,1,mera_subsampled,moment_mean,0.7696598172187805
L=64 i2_stride4h64_b16 (Phase-2),data/64Ising_T2.269_hsBignet_i2_stride4h64_b16,64,2.269185314213022,19800,6,1,mera_subsampled,moment_std,2.8504796028137207
L=64 i2_stride4h64_b16 (Phase-2),data/64Ising_T2.269_hsBignet_i2_stride4h64_b16,64,2.269185314213022,19800,6,1,mera_subsampled,moment_var,8.125234603881836
L=64 i2_stride4h64_b16 (Phase-2),data/64Ising_T2.269_hsBignet_i2_stride4h64_b16,64,2.269185314213022,19800,6,1,mera_subsampled,moment_kurtosis,-0.26605562795294846
L=64 i2_stride4h64_b16 (Phase-2),data/64Ising_T2.269_hsBignet_i2_stride4h64_b16,64,2.269185314213022,19800,6,1,mera_subsampled,moment_skew,0.07359531658653092
L=64 i2_stride4h64_b16 (Phase-2),data/64Ising_T2.269_hsBignet_i2_stride4h64_b16,64,2.269185314213022,19800,0,64,blockRG,moment_mean,-0.01689569093286991
L=64 i2_stride4h64_b16 (Phase-2),data/64Ising_T2.269_hsBignet_i2_stride4h64_b16,64,2.269185314213022,19800,0,64,blockRG,moment_std,3.5013132095336914
L=64 i2_stride4h64_b16 (Phase-2),data/64Ising_T2.269_hsBignet_i2_stride4h64_b16,64,2.269185314213022,19800,0,64,blockRG,moment_var,12.259194374084473
L=64 i2_stride4h64_b16 (Phase-2),data/64Ising_T2.269_hsBignet_i2_stride4h64_b16,64,2.269185314213022,19800,0,64,blockRG,moment_kurtosis,-1.3322957467744365
L=64 i2_stride4h64_b16 (Phase-2),data/64Ising_T2.269_hsBignet_i2_stride4h64_b16,64,2.269185314213022,19800,0,64,blockRG,moment_skew,0.007592712038213583
L=64 i2_stride4h64_b16 (Phase-2),data/64Ising_T2.269_hsBignet_i2_stride4h64_b16,64,2.269185314213022,19800,1,32,blockRG,moment_mean,-0.01689569465816021
L=64 i2_stride4h64_b16 (Phase-2),data/64Ising_T2.269_hsBignet_i2_stride4h64_b16,64,2.269185314213022,19800,1,32,blockRG,moment_std,3.1695361137390137
L=64 i2_stride4h64_b16 (Phase-2),data/64Ising_T2.269_hsBignet_i2_stride4h64_b16,64,2.269185314213022,19800,1,32,blockRG,moment_var,10.045958518981934
L=64 i2_stride4h64_b16 (Phase-2),data/64Ising_T2.269_hsBignet_i2_stride4h64_b16,64,2.269185314213022,19800,1,32,blockRG,moment_kurtosis,-1.5261650073356092
L=64 i2_stride4h64_b16 (Phase-2),data/64Ising_T2.269_hsBignet_i2_stride4h64_b16,64,2.269185314213022,19800,1,32,blockRG,moment_skew,0.008613123990872324
L=64 i2_stride4h64_b16 (Phase-2),data/64Ising_T2.269_hsBignet_i2_stride4h64_b16,64,2.269185314213022,19800,2,16,blockRG,moment_mean,-0.016895700246095657
L=64 i2_stride4h64_b16 (Phase-2),data/64Ising_T2.269_hsBignet_i2_stride4h64_b16,64,2.269185314213022,19800,2,16,blockRG,moment_std,2.8879222869873047
L=64 i2_stride4h64_b16 (Phase-2),data/64Ising_T2.269_hsBignet_i2_stride4h64_b16,64,2.269185314213022,19800,2,16,blockRG,moment_var,8.340094566345215
L=64 i2_stride4h64_b16 (Phase-2),data/64Ising_T2.269_hsBignet_i2_stride4h64_b16,64,2.269185314213022,19800,2,16,blockRG,moment_kurtosis,-1.641517030003369
L=64 i2_stride4h64_b16 (Phase-2),data/64Ising_T2.269_hsBignet_i2_stride4h64_b16,64,2.269185314213022,19800,2,16,blockRG,moment_skew,0.009944519520017259
L=64 i2_stride4h64_b16 (Phase-2),data/64Ising_T2.269_hsBignet_i2_stride4h64_b16,64,2.269185314213022,19800,3,8,blockRG,moment_mean,-0.016895702108740807
L=64 i2_stride4h64_b16 (Phase-2),data/64Ising_T2.269_hsBignet_i2_stride4h64_b16,64,2.269185314213022,19800,3,8,blockRG,moment_std,2.6576743125915527
L=64 i2_stride4h64_b16 (Phase-2),data/64Ising_T2.269_hsBignet_i2_stride4h64_b16,64,2.269185314213022,19800,3,8,blockRG,moment_var,7.063232421875
L=64 i2_stride4h64_b16 (Phase-2),data/64Ising_T2.269_hsBignet_i2_stride4h64_b16,64,2.269185314213022,19800,3,8,blockRG,moment_kurtosis,-1.6921270765079353
L=64 i2_stride4h64_b16 (Phase-2),data/64Ising_T2.269_hsBignet_i2_stride4h64_b16,64,2.269185314213022,19800,3,8,blockRG,moment_skew,0.011755510912779044
L=64 i2_stride4h64_b16 (Phase-2),data/64Ising_T2.269_hsBignet_i2_stride4h64_b16,64,2.269185314213022,19800,4,4,blockRG,moment_mean,-0.016895698383450508
L=64 i2_stride4h64_b16 (Phase-2),data/64Ising_T2.269_hsBignet_i2_stride4h64_b16,64,2.269185314213022,19800,4,4,blockRG,moment_std,2.472313165664673
L=64 i2_stride4h64_b16 (Phase-2),data/64Ising_T2.269_hsBignet_i2_stride4h64_b16,64,2.269185314213022,19800,4,4,blockRG,moment_var,6.112332344055176
L=64 i2_stride4h64_b16 (Phase-2),data/64Ising_T2.269_hsBignet_i2_stride4h64_b16,64,2.269185314213022,19800,4,4,blockRG,moment_kurtosis,-1.7318575697353762
L=64 i2_stride4h64_b16 (Phase-2),data/64Ising_T2.269_hsBignet_i2_stride4h64_b16,64,2.269185314213022,19800,4,4,blockRG,moment_skew,0.010836778896408076
L=64 i2_stride4h64_b16 (Phase-2),data/64Ising_T2.269_hsBignet_i2_stride4h64_b16,64,2.269185314213022,19800,5,2,blockRG,moment_mean,-0.016895702108740807
L=64 i2_stride4h64_b16 (Phase-2),data/64Ising_T2.269_hsBignet_i2_stride4h64_b16,64,2.269185314213022,19800,5,2,blockRG,moment_std,2.331963539123535
L=64 i2_stride4h64_b16 (Phase-2),data/64Ising_T2.269_hsBignet_i2_stride4h64_b16,64,2.269185314213022,19800,5,2,blockRG,moment_var,5.438053607940674
L=64 i2_stride4h64_b16 (Phase-2),data/64Ising_T2.269_hsBignet_i2_stride4h64_b16,64,2.269185314213022,19800,5,2,blockRG,moment_kurtosis,-1.7846850833554164
L=64 i2_stride4h64_b16 (Phase-2),data/64Ising_T2.269_hsBignet_i2_stride4h64_b16,64,2.269185314213022,19800,5,2,blockRG,moment_skew,0.01059472630841828
L=64 i2_stride4h64_b16 (Phase-2),data/64Ising_T2.269_hsBignet_i2_stride4h64_b16,64,2.269185314213022,19800,6,1,blockRG,moment_mean,-0.01689569465816021
L=64 i2_stride4h64_b16 (Phase-2),data/64Ising_T2.269_hsBignet_i2_stride4h64_b16,64,2.269185314213022,19800,6,1,blockRG,moment_std,2.267432689666748
L=64 i2_stride4h64_b16 (Phase-2),data/64Ising_T2.269_hsBignet_i2_stride4h64_b16,64,2.269185314213022,19800,6,1,blockRG,moment_var,5.141251087188721
L=64 i2_stride4h64_b16 (Phase-2),data/64Ising_T2.269_hsBignet_i2_stride4h64_b16,64,2.269185314213022,19800,6,1,blockRG,moment_kurtosis,-1.846679190382867
L=64 i2_stride4h64_b16 (Phase-2),data/64Ising_T2.269_hsBignet_i2_stride4h64_b16,64,2.269185314213022,19800,6,1,blockRG,moment_skew,0.006558048042675441
L=64 i2_stride4h64_b16 (Phase-2),data/64Ising_T2.269_hsBignet_i2_stride4h64_b16,64,2.269185314213022,19800,0,64,cross,v5_ks,0.003970000000000001
L=64 i2_stride4h64_b16 (Phase-2),data/64Ising_T2.269_hsBignet_i2_stride4h64_b16,64,2.269185314213022,19800,0,64,cross,v5_w1,0.009729056270474028
L=64 i2_stride4h64_b16 (Phase-2),data/64Ising_T2.269_hsBignet_i2_stride4h64_b16,64,2.269185314213022,19800,0,64,cross,v5_rms_g,0.0
L=64 i2_stride4h64_b16 (Phase-2),data/64Ising_T2.269_hsBignet_i2_stride4h64_b16,64,2.269185314213022,19800,1,32,cross,v5_ks,0.08904500000000004
L=64 i2_stride4h64_b16 (Phase-2),data/64Ising_T2.269_hsBignet_i2_stride4h64_b16,64,2.269185314213022,19800,1,32,cross,v5_w1,0.16693422376296618
L=64 i2_stride4h64_b16 (Phase-2),data/64Ising_T2.269_hsBignet_i2_stride4h64_b16,64,2.269185314213022,19800,1,32,cross,v5_rms_g,0.12104133516550064
L=64 i2_stride4h64_b16 (Phase-2),data/64Ising_T2.269_hsBignet_i2_stride4h64_b16,64,2.269185314213022,19800,2,16,cross,v5_ks,0.09338500000000005
L=64 i2_stride4h64_b16 (Phase-2),data/64Ising_T2.269_hsBignet_i2_stride4h64_b16,64,2.269185314213022,19800,2,16,cross,v5_w1,0.1728658489773996
L=64 i2_stride4h64_b16 (Phase-2),data/64Ising_T2.269_hsBignet_i2_stride4h64_b16,64,2.269185314213022,19800,2,16,cross,v5_rms_g,0.1115136593580246
L=64 i2_stride4h64_b16 (Phase-2),data/64Ising_T2.269_hsBignet_i2_stride4h64_b16,64,2.269185314213022,19800,3,8,cross,v5_ks,0.10048437500000001
L=64 i2_stride4h64_b16 (Phase-2),data/64Ising_T2.269_hsBignet_i2_stride4h64_b16,64,2.269185314213022,19800,3,8,cross,v5_w1,0.19286729158366434
L=64 i2_stride4h64_b16 (Phase-2),data/64Ising_T2.269_hsBignet_i2_stride4h64_b16,64,2.269185314213022,19800,3,8,cross,v5_rms_g,0.11421001702547073
L=64 i2_stride4h64_b16 (Phase-2),data/64Ising_T2.269_hsBignet_i2_stride4h64_b16,64,2.269185314213022,19800,4,4,cross,v5_ks,0.1018437499999999
L=64 i2_stride4h64_b16 (Phase-2),data/64Ising_T2.269_hsBignet_i2_stride4h64_b16,64,2.269185314213022,19800,4,4,cross,v5_w1,0.1862301427558246
L=64 i2_stride4h64_b16 (Phase-2),data/64Ising_T2.269_hsBignet_i2_stride4h64_b16,64,2.269185314213022,19800,4,4,cross,v5_rms_g,0.11956562846899033
L=64 i2_stride4h64_b16 (Phase-2),data/64Ising_T2.269_hsBignet_i2_stride4h64_b16,64,2.269185314213022,19800,5,2,cross,v5_ks,0.145
L=64 i2_stride4h64_b16 (Phase-2),data/64Ising_T2.269_hsBignet_i2_stride4h64_b16,64,2.269185314213022,19800,5,2,cross,v5_w1,0.2749246073613581
L=64 i2_stride4h64_b16 (Phase-2),data/64Ising_T2.269_hsBignet_i2_stride4h64_b16,64,2.269185314213022,19800,5,2,cross,v5_rms_g,nan
L=64 i2_stride4h64_b16 (Phase-2),data/64Ising_T2.269_hsBignet_i2_stride4h64_b16,64,2.269185314213022,19800,6,1,cross,v5_ks,0.178
L=64 i2_stride4h64_b16 (Phase-2),data/64Ising_T2.269_hsBignet_i2_stride4h64_b16,64,2.269185314213022,19800,6,1,cross,v5_w1,0.3227238437539781
L=64 i2_stride4h64_b16 (Phase-2),data/64Ising_T2.269_hsBignet_i2_stride4h64_b16,64,2.269185314213022,19800,6,1,cross,v5_rms_g,nan
L=64 baseline_nr2_b16 (P2.x C64),data/64Ising_T2.269_hsBignet_baseline_nr2_b16,64,2.269185314213022,19800,0,64,mera_subsampled,moment_mean,-0.01689569093286991
L=64 baseline_nr2_b16 (P2.x C64),data/64Ising_T2.269_hsBignet_baseline_nr2_b16,64,2.269185314213022,19800,0,64,mera_subsampled,moment_std,3.5013132095336914
L=64 baseline_nr2_b16 (P2.x C64),data/64Ising_T2.269_hsBignet_baseline_nr2_b16,64,2.269185314213022,19800,0,64,mera_subsampled,moment_var,12.259194374084473
L=64 baseline_nr2_b16 (P2.x C64),data/64Ising_T2.269_hsBignet_baseline_nr2_b16,64,2.269185314213022,19800,0,64,mera_subsampled,moment_kurtosis,-1.3322957467744365
L=64 baseline_nr2_b16 (P2.x C64),data/64Ising_T2.269_hsBignet_baseline_nr2_b16,64,2.269185314213022,19800,0,64,mera_subsampled,moment_skew,0.007592712038213583
L=64 baseline_nr2_b16 (P2.x C64),data/64Ising_T2.269_hsBignet_baseline_nr2_b16,64,2.269185314213022,19800,1,32,mera_subsampled,moment_mean,-2.10239577293396
L=64 baseline_nr2_b16 (P2.x C64),data/64Ising_T2.269_hsBignet_baseline_nr2_b16,64,2.269185314213022,19800,1,32,mera_subsampled,moment_std,13.663003921508789
L=64 baseline_nr2_b16 (P2.x C64),data/64Ising_T2.269_hsBignet_baseline_nr2_b16,64,2.269185314213022,19800,1,32,mera_subsampled,moment_var,186.67767333984375
L=64 baseline_nr2_b16 (P2.x C64),data/64Ising_T2.269_hsBignet_baseline_nr2_b16,64,2.269185314213022,19800,1,32,mera_subsampled,moment_kurtosis,-1.0955302721760434
L=64 baseline_nr2_b16 (P2.x C64),data/64Ising_T2.269_hsBignet_baseline_nr2_b16,64,2.269185314213022,19800,1,32,mera_subsampled,moment_skew,-0.06802945670945608
L=64 baseline_nr2_b16 (P2.x C64),data/64Ising_T2.269_hsBignet_baseline_nr2_b16,64,2.269185314213022,19800,2,16,mera_subsampled,moment_mean,15.862081527709961
L=64 baseline_nr2_b16 (P2.x C64),data/64Ising_T2.269_hsBignet_baseline_nr2_b16,64,2.269185314213022,19800,2,16,mera_subsampled,moment_std,19.263137817382812
L=64 baseline_nr2_b16 (P2.x C64),data/64Ising_T2.269_hsBignet_baseline_nr2_b16,64,2.269185314213022,19800,2,16,mera_subsampled,moment_var,371.0685119628906
L=64 baseline_nr2_b16 (P2.x C64),data/64Ising_T2.269_hsBignet_baseline_nr2_b16,64,2.269185314213022,19800,2,16,mera_subsampled,moment_kurtosis,-1.068940812697304
L=64 baseline_nr2_b16 (P2.x C64),data/64Ising_T2.269_hsBignet_baseline_nr2_b16,64,2.269185314213022,19800,2,16,mera_subsampled,moment_skew,0.22670230731427787
L=64 baseline_nr2_b16 (P2.x C64),data/64Ising_T2.269_hsBignet_baseline_nr2_b16,64,2.269185314213022,19800,3,8,mera_subsampled,moment_mean,9.152129173278809
L=64 baseline_nr2_b16 (P2.x C64),data/64Ising_T2.269_hsBignet_baseline_nr2_b16,64,2.269185314213022,19800,3,8,mera_subsampled,moment_std,14.822182655334473
L=64 baseline_nr2_b16 (P2.x C64),data/64Ising_T2.269_hsBignet_baseline_nr2_b16,64,2.269185314213022,19800,3,8,mera_subsampled,moment_var,219.6970977783203
L=64 baseline_nr2_b16 (P2.x C64),data/64Ising_T2.269_hsBignet_baseline_nr2_b16,64,2.269185314213022,19800,3,8,mera_subsampled,moment_kurtosis,-0.7594055069643666
L=64 baseline_nr2_b16 (P2.x C64),data/64Ising_T2.269_hsBignet_baseline_nr2_b16,64,2.269185314213022,19800,3,8,mera_subsampled,moment_skew,0.023747616362354507
L=64 baseline_nr2_b16 (P2.x C64),data/64Ising_T2.269_hsBignet_baseline_nr2_b16,64,2.269185314213022,19800,4,4,mera_subsampled,moment_mean,0.10017681121826172
L=64 baseline_nr2_b16 (P2.x C64),data/64Ising_T2.269_hsBignet_baseline_nr2_b16,64,2.269185314213022,19800,4,4,mera_subsampled,moment_std,8.951316833496094
L=64 baseline_nr2_b16 (P2.x C64),data/64Ising_T2.269_hsBignet_baseline_nr2_b16,64,2.269185314213022,19800,4,4,mera_subsampled,moment_var,80.1260757446289
L=64 baseline_nr2_b16 (P2.x C64),data/64Ising_T2.269_hsBignet_baseline_nr2_b16,64,2.269185314213022,19800,4,4,mera_subsampled,moment_kurtosis,0.2288990020097268
L=64 baseline_nr2_b16 (P2.x C64),data/64Ising_T2.269_hsBignet_baseline_nr2_b16,64,2.269185314213022,19800,4,4,mera_subsampled,moment_skew,0.03652468590003936
L=64 baseline_nr2_b16 (P2.x C64),data/64Ising_T2.269_hsBignet_baseline_nr2_b16,64,2.269185314213022,19800,5,2,mera_subsampled,moment_mean,-0.19353467226028442
L=64 baseline_nr2_b16 (P2.x C64),data/64Ising_T2.269_hsBignet_baseline_nr2_b16,64,2.269185314213022,19800,5,2,mera_subsampled,moment_std,7.524338722229004
L=64 baseline_nr2_b16 (P2.x C64),data/64Ising_T2.269_hsBignet_baseline_nr2_b16,64,2.269185314213022,19800,5,2,mera_subsampled,moment_var,56.61567306518555
L=64 baseline_nr2_b16 (P2.x C64),data/64Ising_T2.269_hsBignet_baseline_nr2_b16,64,2.269185314213022,19800,5,2,mera_subsampled,moment_kurtosis,0.27782440342356685
L=64 baseline_nr2_b16 (P2.x C64),data/64Ising_T2.269_hsBignet_baseline_nr2_b16,64,2.269185314213022,19800,5,2,mera_subsampled,moment_skew,0.026717871128720063
L=64 baseline_nr2_b16 (P2.x C64),data/64Ising_T2.269_hsBignet_baseline_nr2_b16,64,2.269185314213022,19800,6,1,mera_subsampled,moment_mean,0.19973748922348022
L=64 baseline_nr2_b16 (P2.x C64),data/64Ising_T2.269_hsBignet_baseline_nr2_b16,64,2.269185314213022,19800,6,1,mera_subsampled,moment_std,3.041203022003174
L=64 baseline_nr2_b16 (P2.x C64),data/64Ising_T2.269_hsBignet_baseline_nr2_b16,64,2.269185314213022,19800,6,1,mera_subsampled,moment_var,9.248915672302246
L=64 baseline_nr2_b16 (P2.x C64),data/64Ising_T2.269_hsBignet_baseline_nr2_b16,64,2.269185314213022,19800,6,1,mera_subsampled,moment_kurtosis,0.0850257641807568
L=64 baseline_nr2_b16 (P2.x C64),data/64Ising_T2.269_hsBignet_baseline_nr2_b16,64,2.269185314213022,19800,6,1,mera_subsampled,moment_skew,0.10666745368326815
L=64 baseline_nr2_b16 (P2.x C64),data/64Ising_T2.269_hsBignet_baseline_nr2_b16,64,2.269185314213022,19800,0,64,blockRG,moment_mean,-0.01689569093286991
L=64 baseline_nr2_b16 (P2.x C64),data/64Ising_T2.269_hsBignet_baseline_nr2_b16,64,2.269185314213022,19800,0,64,blockRG,moment_std,3.5013132095336914
L=64 baseline_nr2_b16 (P2.x C64),data/64Ising_T2.269_hsBignet_baseline_nr2_b16,64,2.269185314213022,19800,0,64,blockRG,moment_var,12.259194374084473
L=64 baseline_nr2_b16 (P2.x C64),data/64Ising_T2.269_hsBignet_baseline_nr2_b16,64,2.269185314213022,19800,0,64,blockRG,moment_kurtosis,-1.3322957467744365
L=64 baseline_nr2_b16 (P2.x C64),data/64Ising_T2.269_hsBignet_baseline_nr2_b16,64,2.269185314213022,19800,0,64,blockRG,moment_skew,0.007592712038213583
L=64 baseline_nr2_b16 (P2.x C64),data/64Ising_T2.269_hsBignet_baseline_nr2_b16,64,2.269185314213022,19800,1,32,blockRG,moment_mean,-0.01689569465816021
L=64 baseline_nr2_b16 (P2.x C64),data/64Ising_T2.269_hsBignet_baseline_nr2_b16,64,2.269185314213022,19800,1,32,blockRG,moment_std,3.1695361137390137
L=64 baseline_nr2_b16 (P2.x C64),data/64Ising_T2.269_hsBignet_baseline_nr2_b16,64,2.269185314213022,19800,1,32,blockRG,moment_var,10.045958518981934
L=64 baseline_nr2_b16 (P2.x C64),data/64Ising_T2.269_hsBignet_baseline_nr2_b16,64,2.269185314213022,19800,1,32,blockRG,moment_kurtosis,-1.5261650073356092
L=64 baseline_nr2_b16 (P2.x C64),data/64Ising_T2.269_hsBignet_baseline_nr2_b16,64,2.269185314213022,19800,1,32,blockRG,moment_skew,0.008613123990872324
L=64 baseline_nr2_b16 (P2.x C64),data/64Ising_T2.269_hsBignet_baseline_nr2_b16,64,2.269185314213022,19800,2,16,blockRG,moment_mean,-0.016895700246095657
L=64 baseline_nr2_b16 (P2.x C64),data/64Ising_T2.269_hsBignet_baseline_nr2_b16,64,2.269185314213022,19800,2,16,blockRG,moment_std,2.8879222869873047
L=64 baseline_nr2_b16 (P2.x C64),data/64Ising_T2.269_hsBignet_baseline_nr2_b16,64,2.269185314213022,19800,2,16,blockRG,moment_var,8.340094566345215
L=64 baseline_nr2_b16 (P2.x C64),data/64Ising_T2.269_hsBignet_baseline_nr2_b16,64,2.269185314213022,19800,2,16,blockRG,moment_kurtosis,-1.641517030003369
L=64 baseline_nr2_b16 (P2.x C64),data/64Ising_T2.269_hsBignet_baseline_nr2_b16,64,2.269185314213022,19800,2,16,blockRG,moment_skew,0.009944519520017259
L=64 baseline_nr2_b16 (P2.x C64),data/64Ising_T2.269_hsBignet_baseline_nr2_b16,64,2.269185314213022,19800,3,8,blockRG,moment_mean,-0.016895702108740807
L=64 baseline_nr2_b16 (P2.x C64),data/64Ising_T2.269_hsBignet_baseline_nr2_b16,64,2.269185314213022,19800,3,8,blockRG,moment_std,2.6576743125915527
L=64 baseline_nr2_b16 (P2.x C64),data/64Ising_T2.269_hsBignet_baseline_nr2_b16,64,2.269185314213022,19800,3,8,blockRG,moment_var,7.063232421875
L=64 baseline_nr2_b16 (P2.x C64),data/64Ising_T2.269_hsBignet_baseline_nr2_b16,64,2.269185314213022,19800,3,8,blockRG,moment_kurtosis,-1.6921270765079353
L=64 baseline_nr2_b16 (P2.x C64),data/64Ising_T2.269_hsBignet_baseline_nr2_b16,64,2.269185314213022,19800,3,8,blockRG,moment_skew,0.011755510912779044
L=64 baseline_nr2_b16 (P2.x C64),data/64Ising_T2.269_hsBignet_baseline_nr2_b16,64,2.269185314213022,19800,4,4,blockRG,moment_mean,-0.016895698383450508
L=64 baseline_nr2_b16 (P2.x C64),data/64Ising_T2.269_hsBignet_baseline_nr2_b16,64,2.269185314213022,19800,4,4,blockRG,moment_std,2.472313165664673
L=64 baseline_nr2_b16 (P2.x C64),data/64Ising_T2.269_hsBignet_baseline_nr2_b16,64,2.269185314213022,19800,4,4,blockRG,moment_var,6.112332344055176
L=64 baseline_nr2_b16 (P2.x C64),data/64Ising_T2.269_hsBignet_baseline_nr2_b16,64,2.269185314213022,19800,4,4,blockRG,moment_kurtosis,-1.7318575697353762
L=64 baseline_nr2_b16 (P2.x C64),data/64Ising_T2.269_hsBignet_baseline_nr2_b16,64,2.269185314213022,19800,4,4,blockRG,moment_skew,0.010836778896408076
L=64 baseline_nr2_b16 (P2.x C64),data/64Ising_T2.269_hsBignet_baseline_nr2_b16,64,2.269185314213022,19800,5,2,blockRG,moment_mean,-0.016895702108740807
L=64 baseline_nr2_b16 (P2.x C64),data/64Ising_T2.269_hsBignet_baseline_nr2_b16,64,2.269185314213022,19800,5,2,blockRG,moment_std,2.331963539123535
L=64 baseline_nr2_b16 (P2.x C64),data/64Ising_T2.269_hsBignet_baseline_nr2_b16,64,2.269185314213022,19800,5,2,blockRG,moment_var,5.438053607940674
L=64 baseline_nr2_b16 (P2.x C64),data/64Ising_T2.269_hsBignet_baseline_nr2_b16,64,2.269185314213022,19800,5,2,blockRG,moment_kurtosis,-1.7846850833554164
L=64 baseline_nr2_b16 (P2.x C64),data/64Ising_T2.269_hsBignet_baseline_nr2_b16,64,2.269185314213022,19800,5,2,blockRG,moment_skew,0.01059472630841828
L=64 baseline_nr2_b16 (P2.x C64),data/64Ising_T2.269_hsBignet_baseline_nr2_b16,64,2.269185314213022,19800,6,1,blockRG,moment_mean,-0.01689569465816021
L=64 baseline_nr2_b16 (P2.x C64),data/64Ising_T2.269_hsBignet_baseline_nr2_b16,64,2.269185314213022,19800,6,1,blockRG,moment_std,2.267432689666748
L=64 baseline_nr2_b16 (P2.x C64),data/64Ising_T2.269_hsBignet_baseline_nr2_b16,64,2.269185314213022,19800,6,1,blockRG,moment_var,5.141251087188721
L=64 baseline_nr2_b16 (P2.x C64),data/64Ising_T2.269_hsBignet_baseline_nr2_b16,64,2.269185314213022,19800,6,1,blockRG,moment_kurtosis,-1.846679190382867
L=64 baseline_nr2_b16 (P2.x C64),data/64Ising_T2.269_hsBignet_baseline_nr2_b16,64,2.269185314213022,19800,6,1,blockRG,moment_skew,0.006558048042675441
L=64 baseline_nr2_b16 (P2.x C64),data/64Ising_T2.269_hsBignet_baseline_nr2_b16,64,2.269185314213022,19800,0,64,cross,v5_ks,0.003970000000000001
L=64 baseline_nr2_b16 (P2.x C64),data/64Ising_T2.269_hsBignet_baseline_nr2_b16,64,2.269185314213022,19800,0,64,cross,v5_w1,0.009729056270474028
L=64 baseline_nr2_b16 (P2.x C64),data/64Ising_T2.269_hsBignet_baseline_nr2_b16,64,2.269185314213022,19800,0,64,cross,v5_rms_g,0.0
L=64 baseline_nr2_b16 (P2.x C64),data/64Ising_T2.269_hsBignet_baseline_nr2_b16,64,2.269185314213022,19800,1,32,cross,v5_ks,0.06255500000000003
L=64 baseline_nr2_b16 (P2.x C64),data/64Ising_T2.269_hsBignet_baseline_nr2_b16,64,2.269185314213022,19800,1,32,cross,v5_w1,0.11471298107149196
L=64 baseline_nr2_b16 (P2.x C64),data/64Ising_T2.269_hsBignet_baseline_nr2_b16,64,2.269185314213022,19800,1,32,cross,v5_rms_g,0.1084652841091156
L=64 baseline_nr2_b16 (P2.x C64),data/64Ising_T2.269_hsBignet_baseline_nr2_b16,64,2.269185314213022,19800,2,16,cross,v5_ks,0.080515
L=64 baseline_nr2_b16 (P2.x C64),data/64Ising_T2.269_hsBignet_baseline_nr2_b16,64,2.269185314213022,19800,2,16,cross,v5_w1,0.1582581173749757
L=64 baseline_nr2_b16 (P2.x C64),data/64Ising_T2.269_hsBignet_baseline_nr2_b16,64,2.269185314213022,19800,2,16,cross,v5_rms_g,0.061919812113046646
L=64 baseline_nr2_b16 (P2.x C64),data/64Ising_T2.269_hsBignet_baseline_nr2_b16,64,2.269185314213022,19800,3,8,cross,v5_ks,0.11035937500000004
L=64 baseline_nr2_b16 (P2.x C64),data/64Ising_T2.269_hsBignet_baseline_nr2_b16,64,2.269185314213022,19800,3,8,cross,v5_w1,0.2213788946213839
L=64 baseline_nr2_b16 (P2.x C64),data/64Ising_T2.269_hsBignet_baseline_nr2_b16,64,2.269185314213022,19800,3,8,cross,v5_rms_g,0.19680163264274597
L=64 baseline_nr2_b16 (P2.x C64),data/64Ising_T2.269_hsBignet_baseline_nr2_b16,64,2.269185314213022,19800,4,4,cross,v5_ks,0.16390625000000003
L=64 baseline_nr2_b16 (P2.x C64),data/64Ising_T2.269_hsBignet_baseline_nr2_b16,64,2.269185314213022,19800,4,4,cross,v5_w1,0.3411508062948527
L=64 baseline_nr2_b16 (P2.x C64),data/64Ising_T2.269_hsBignet_baseline_nr2_b16,64,2.269185314213022,19800,4,4,cross,v5_rms_g,0.6225290894508362
L=64 baseline_nr2_b16 (P2.x C64),data/64Ising_T2.269_hsBignet_baseline_nr2_b16,64,2.269185314213022,19800,5,2,cross,v5_ks,0.1815
L=64 baseline_nr2_b16 (P2.x C64),data/64Ising_T2.269_hsBignet_baseline_nr2_b16,64,2.269185314213022,19800,5,2,cross,v5_w1,0.3637601775424264
L=64 baseline_nr2_b16 (P2.x C64),data/64Ising_T2.269_hsBignet_baseline_nr2_b16,64,2.269185314213022,19800,5,2,cross,v5_rms_g,nan
L=64 baseline_nr2_b16 (P2.x C64),data/64Ising_T2.269_hsBignet_baseline_nr2_b16,64,2.269185314213022,19800,6,1,cross,v5_ks,0.205
L=64 baseline_nr2_b16 (P2.x C64),data/64Ising_T2.269_hsBignet_baseline_nr2_b16,64,2.269185314213022,19800,6,1,cross,v5_w1,0.3908899663786142
L=64 baseline_nr2_b16 (P2.x C64),data/64Ising_T2.269_hsBignet_baseline_nr2_b16,64,2.269185314213022,19800,6,1,cross,v5_rms_g,nan
L=64 i2_stride8h32_nr2_b16 (P2.x D64 ★),data/64Ising_T2.269_hsBignet_i2_stride8h32_nr2_b16,64,2.269185314213022,19800,0,64,mera_subsampled,moment_mean,-0.01689569093286991
L=64 i2_stride8h32_nr2_b16 (P2.x D64 ★),data/64Ising_T2.269_hsBignet_i2_stride8h32_nr2_b16,64,2.269185314213022,19800,0,64,mera_subsampled,moment_std,3.5013132095336914
L=64 i2_stride8h32_nr2_b16 (P2.x D64 ★),data/64Ising_T2.269_hsBignet_i2_stride8h32_nr2_b16,64,2.269185314213022,19800,0,64,mera_subsampled,moment_var,12.259194374084473
L=64 i2_stride8h32_nr2_b16 (P2.x D64 ★),data/64Ising_T2.269_hsBignet_i2_stride8h32_nr2_b16,64,2.269185314213022,19800,0,64,mera_subsampled,moment_kurtosis,-1.3322957467744365
L=64 i2_stride8h32_nr2_b16 (P2.x D64 ★),data/64Ising_T2.269_hsBignet_i2_stride8h32_nr2_b16,64,2.269185314213022,19800,0,64,mera_subsampled,moment_skew,0.007592712038213583
L=64 i2_stride8h32_nr2_b16 (P2.x D64 ★),data/64Ising_T2.269_hsBignet_i2_stride8h32_nr2_b16,64,2.269185314213022,19800,1,32,mera_subsampled,moment_mean,-0.22927431762218475
L=64 i2_stride8h32_nr2_b16 (P2.x D64 ★),data/64Ising_T2.269_hsBignet_i2_stride8h32_nr2_b16,64,2.269185314213022,19800,1,32,mera_subsampled,moment_std,15.129341125488281
L=64 i2_stride8h32_nr2_b16 (P2.x D64 ★),data/64Ising_T2.269_hsBignet_i2_stride8h32_nr2_b16,64,2.269185314213022,19800,1,32,mera_subsampled,moment_var,228.89697265625
L=64 i2_stride8h32_nr2_b16 (P2.x D64 ★),data/64Ising_T2.269_hsBignet_i2_stride8h32_nr2_b16,64,2.269185314213022,19800,1,32,mera_subsampled,moment_kurtosis,-0.8099881858159552
L=64 i2_stride8h32_nr2_b16 (P2.x D64 ★),data/64Ising_T2.269_hsBignet_i2_stride8h32_nr2_b16,64,2.269185314213022,19800,1,32,mera_subsampled,moment_skew,0.09184571416063343
L=64 i2_stride8h32_nr2_b16 (P2.x D64 ★),data/64Ising_T2.269_hsBignet_i2_stride8h32_nr2_b16,64,2.269185314213022,19800,2,16,mera_subsampled,moment_mean,5.289729595184326
L=64 i2_stride8h32_nr2_b16 (P2.x D64 ★),data/64Ising_T2.269_hsBignet_i2_stride8h32_nr2_b16,64,2.269185314213022,19800,2,16,mera_subsampled,moment_std,12.450157165527344
L=64 i2_stride8h32_nr2_b16 (P2.x D64 ★),data/64Ising_T2.269_hsBignet_i2_stride8h32_nr2_b16,64,2.269185314213022,19800,2,16,mera_subsampled,moment_var,155.0064239501953
L=64 i2_stride8h32_nr2_b16 (P2.x D64 ★),data/64Ising_T2.269_hsBignet_i2_stride8h32_nr2_b16,64,2.269185314213022,19800,2,16,mera_subsampled,moment_kurtosis,0.13107500816305206
L=64 i2_stride8h32_nr2_b16 (P2.x D64 ★),data/64Ising_T2.269_hsBignet_i2_stride8h32_nr2_b16,64,2.269185314213022,19800,2,16,mera_subsampled,moment_skew,0.1467044637395605
L=64 i2_stride8h32_nr2_b16 (P2.x D64 ★),data/64Ising_T2.269_hsBignet_i2_stride8h32_nr2_b16,64,2.269185314213022,19800,3,8,mera_subsampled,moment_mean,2.6198370456695557
L=64 i2_stride8h32_nr2_b16 (P2.x D64 ★),data/64Ising_T2.269_hsBignet_i2_stride8h32_nr2_b16,64,2.269185314213022,19800,3,8,mera_subsampled,moment_std,5.0682830810546875
L=64 i2_stride8h32_nr2_b16 (P2.x D64 ★),data/64Ising_T2.269_hsBignet_i2_stride8h32_nr2_b16,64,2.269185314213022,19800,3,8,mera_subsampled,moment_var,25.68749237060547
L=64 i2_stride8h32_nr2_b16 (P2.x D64 ★),data/64Ising_T2.269_hsBignet_i2_stride8h32_nr2_b16,64,2.269185314213022,19800,3,8,mera_subsampled,moment_kurtosis,0.3395516104957914
L=64 i2_stride8h32_nr2_b16 (P2.x D64 ★),data/64Ising_T2.269_hsBignet_i2_stride8h32_nr2_b16,64,2.269185314213022,19800,3,8,mera_subsampled,moment_skew,0.30524875656839784
L=64 i2_stride8h32_nr2_b16 (P2.x D64 ★),data/64Ising_T2.269_hsBignet_i2_stride8h32_nr2_b16,64,2.269185314213022,19800,4,4,mera_subsampled,moment_mean,2.1006999015808105
L=64 i2_stride8h32_nr2_b16 (P2.x D64 ★),data/64Ising_T2.269_hsBignet_i2_stride8h32_nr2_b16,64,2.269185314213022,19800,4,4,mera_subsampled,moment_std,5.0038743019104
L=64 i2_stride8h32_nr2_b16 (P2.x D64 ★),data/64Ising_T2.269_hsBignet_i2_stride8h32_nr2_b16,64,2.269185314213022,19800,4,4,mera_subsampled,moment_var,25.03875732421875
L=64 i2_stride8h32_nr2_b16 (P2.x D64 ★),data/64Ising_T2.269_hsBignet_i2_stride8h32_nr2_b16,64,2.269185314213022,19800,4,4,mera_subsampled,moment_kurtosis,0.31541036383908905
L=64 i2_stride8h32_nr2_b16 (P2.x D64 ★),data/64Ising_T2.269_hsBignet_i2_stride8h32_nr2_b16,64,2.269185314213022,19800,4,4,mera_subsampled,moment_skew,0.28125421522952054
L=64 i2_stride8h32_nr2_b16 (P2.x D64 ★),data/64Ising_T2.269_hsBignet_i2_stride8h32_nr2_b16,64,2.269185314213022,19800,5,2,mera_subsampled,moment_mean,1.99686598777771
L=64 i2_stride8h32_nr2_b16 (P2.x D64 ★),data/64Ising_T2.269_hsBignet_i2_stride8h32_nr2_b16,64,2.269185314213022,19800,5,2,mera_subsampled,moment_std,4.953310966491699
L=64 i2_stride8h32_nr2_b16 (P2.x D64 ★),data/64Ising_T2.269_hsBignet_i2_stride8h32_nr2_b16,64,2.269185314213022,19800,5,2,mera_subsampled,moment_var,24.535287857055664
L=64 i2_stride8h32_nr2_b16 (P2.x D64 ★),data/64Ising_T2.269_hsBignet_i2_stride8h32_nr2_b16,64,2.269185314213022,19800,5,2,mera_subsampled,moment_kurtosis,0.40153032930025034
L=64 i2_stride8h32_nr2_b16 (P2.x D64 ★),data/64Ising_T2.269_hsBignet_i2_stride8h32_nr2_b16,64,2.269185314213022,19800,5,2,mera_subsampled,moment_skew,0.32575149839797746
L=64 i2_stride8h32_nr2_b16 (P2.x D64 ★),data/64Ising_T2.269_hsBignet_i2_stride8h32_nr2_b16,64,2.269185314213022,19800,6,1,mera_subsampled,moment_mean,2.1141164302825928
L=64 i2_stride8h32_nr2_b16 (P2.x D64 ★),data/64Ising_T2.269_hsBignet_i2_stride8h32_nr2_b16,64,2.269185314213022,19800,6,1,mera_subsampled,moment_std,5.09977912902832
L=64 i2_stride8h32_nr2_b16 (P2.x D64 ★),data/64Ising_T2.269_hsBignet_i2_stride8h32_nr2_b16,64,2.269185314213022,19800,6,1,mera_subsampled,moment_var,26.007749557495117
L=64 i2_stride8h32_nr2_b16 (P2.x D64 ★),data/64Ising_T2.269_hsBignet_i2_stride8h32_nr2_b16,64,2.269185314213022,19800,6,1,mera_subsampled,moment_kurtosis,0.15965132747155497
L=64 i2_stride8h32_nr2_b16 (P2.x D64 ★),data/64Ising_T2.269_hsBignet_i2_stride8h32_nr2_b16,64,2.269185314213022,19800,6,1,mera_subsampled,moment_skew,0.29265186999672915
L=64 i2_stride8h32_nr2_b16 (P2.x D64 ★),data/64Ising_T2.269_hsBignet_i2_stride8h32_nr2_b16,64,2.269185314213022,19800,0,64,blockRG,moment_mean,-0.01689569093286991
L=64 i2_stride8h32_nr2_b16 (P2.x D64 ★),data/64Ising_T2.269_hsBignet_i2_stride8h32_nr2_b16,64,2.269185314213022,19800,0,64,blockRG,moment_std,3.5013132095336914
L=64 i2_stride8h32_nr2_b16 (P2.x D64 ★),data/64Ising_T2.269_hsBignet_i2_stride8h32_nr2_b16,64,2.269185314213022,19800,0,64,blockRG,moment_var,12.259194374084473
L=64 i2_stride8h32_nr2_b16 (P2.x D64 ★),data/64Ising_T2.269_hsBignet_i2_stride8h32_nr2_b16,64,2.269185314213022,19800,0,64,blockRG,moment_kurtosis,-1.3322957467744365
L=64 i2_stride8h32_nr2_b16 (P2.x D64 ★),data/64Ising_T2.269_hsBignet_i2_stride8h32_nr2_b16,64,2.269185314213022,19800,0,64,blockRG,moment_skew,0.007592712038213583
L=64 i2_stride8h32_nr2_b16 (P2.x D64 ★),data/64Ising_T2.269_hsBignet_i2_stride8h32_nr2_b16,64,2.269185314213022,19800,1,32,blockRG,moment_mean,-0.01689569465816021
L=64 i2_stride8h32_nr2_b16 (P2.x D64 ★),data/64Ising_T2.269_hsBignet_i2_stride8h32_nr2_b16,64,2.269185314213022,19800,1,32,blockRG,moment_std,3.1695361137390137
L=64 i2_stride8h32_nr2_b16 (P2.x D64 ★),data/64Ising_T2.269_hsBignet_i2_stride8h32_nr2_b16,64,2.269185314213022,19800,1,32,blockRG,moment_var,10.045958518981934
L=64 i2_stride8h32_nr2_b16 (P2.x D64 ★),data/64Ising_T2.269_hsBignet_i2_stride8h32_nr2_b16,64,2.269185314213022,19800,1,32,blockRG,moment_kurtosis,-1.5261650073356092
L=64 i2_stride8h32_nr2_b16 (P2.x D64 ★),data/64Ising_T2.269_hsBignet_i2_stride8h32_nr2_b16,64,2.269185314213022,19800,1,32,blockRG,moment_skew,0.008613123990872324
L=64 i2_stride8h32_nr2_b16 (P2.x D64 ★),data/64Ising_T2.269_hsBignet_i2_stride8h32_nr2_b16,64,2.269185314213022,19800,2,16,blockRG,moment_mean,-0.016895700246095657
L=64 i2_stride8h32_nr2_b16 (P2.x D64 ★),data/64Ising_T2.269_hsBignet_i2_stride8h32_nr2_b16,64,2.269185314213022,19800,2,16,blockRG,moment_std,2.8879222869873047
L=64 i2_stride8h32_nr2_b16 (P2.x D64 ★),data/64Ising_T2.269_hsBignet_i2_stride8h32_nr2_b16,64,2.269185314213022,19800,2,16,blockRG,moment_var,8.340094566345215
L=64 i2_stride8h32_nr2_b16 (P2.x D64 ★),data/64Ising_T2.269_hsBignet_i2_stride8h32_nr2_b16,64,2.269185314213022,19800,2,16,blockRG,moment_kurtosis,-1.641517030003369
L=64 i2_stride8h32_nr2_b16 (P2.x D64 ★),data/64Ising_T2.269_hsBignet_i2_stride8h32_nr2_b16,64,2.269185314213022,19800,2,16,blockRG,moment_skew,0.009944519520017259
L=64 i2_stride8h32_nr2_b16 (P2.x D64 ★),data/64Ising_T2.269_hsBignet_i2_stride8h32_nr2_b16,64,2.269185314213022,19800,3,8,blockRG,moment_mean,-0.016895702108740807
L=64 i2_stride8h32_nr2_b16 (P2.x D64 ★),data/64Ising_T2.269_hsBignet_i2_stride8h32_nr2_b16,64,2.269185314213022,19800,3,8,blockRG,moment_std,2.6576743125915527
L=64 i2_stride8h32_nr2_b16 (P2.x D64 ★),data/64Ising_T2.269_hsBignet_i2_stride8h32_nr2_b16,64,2.269185314213022,19800,3,8,blockRG,moment_var,7.063232421875
L=64 i2_stride8h32_nr2_b16 (P2.x D64 ★),data/64Ising_T2.269_hsBignet_i2_stride8h32_nr2_b16,64,2.269185314213022,19800,3,8,blockRG,moment_kurtosis,-1.6921270765079353
L=64 i2_stride8h32_nr2_b16 (P2.x D64 ★),data/64Ising_T2.269_hsBignet_i2_stride8h32_nr2_b16,64,2.269185314213022,19800,3,8,blockRG,moment_skew,0.011755510912779044
L=64 i2_stride8h32_nr2_b16 (P2.x D64 ★),data/64Ising_T2.269_hsBignet_i2_stride8h32_nr2_b16,64,2.269185314213022,19800,4,4,blockRG,moment_mean,-0.016895698383450508
L=64 i2_stride8h32_nr2_b16 (P2.x D64 ★),data/64Ising_T2.269_hsBignet_i2_stride8h32_nr2_b16,64,2.269185314213022,19800,4,4,blockRG,moment_std,2.472313165664673
L=64 i2_stride8h32_nr2_b16 (P2.x D64 ★),data/64Ising_T2.269_hsBignet_i2_stride8h32_nr2_b16,64,2.269185314213022,19800,4,4,blockRG,moment_var,6.112332344055176
L=64 i2_stride8h32_nr2_b16 (P2.x D64 ★),data/64Ising_T2.269_hsBignet_i2_stride8h32_nr2_b16,64,2.269185314213022,19800,4,4,blockRG,moment_kurtosis,-1.7318575697353762
L=64 i2_stride8h32_nr2_b16 (P2.x D64 ★),data/64Ising_T2.269_hsBignet_i2_stride8h32_nr2_b16,64,2.269185314213022,19800,4,4,blockRG,moment_skew,0.010836778896408076
L=64 i2_stride8h32_nr2_b16 (P2.x D64 ★),data/64Ising_T2.269_hsBignet_i2_stride8h32_nr2_b16,64,2.269185314213022,19800,5,2,blockRG,moment_mean,-0.016895702108740807
L=64 i2_stride8h32_nr2_b16 (P2.x D64 ★),data/64Ising_T2.269_hsBignet_i2_stride8h32_nr2_b16,64,2.269185314213022,19800,5,2,blockRG,moment_std,2.331963539123535
L=64 i2_stride8h32_nr2_b16 (P2.x D64 ★),data/64Ising_T2.269_hsBignet_i2_stride8h32_nr2_b16,64,2.269185314213022,19800,5,2,blockRG,moment_var,5.438053607940674
L=64 i2_stride8h32_nr2_b16 (P2.x D64 ★),data/64Ising_T2.269_hsBignet_i2_stride8h32_nr2_b16,64,2.269185314213022,19800,5,2,blockRG,moment_kurtosis,-1.7846850833554164
L=64 i2_stride8h32_nr2_b16 (P2.x D64 ★),data/64Ising_T2.269_hsBignet_i2_stride8h32_nr2_b16,64,2.269185314213022,19800,5,2,blockRG,moment_skew,0.01059472630841828
L=64 i2_stride8h32_nr2_b16 (P2.x D64 ★),data/64Ising_T2.269_hsBignet_i2_stride8h32_nr2_b16,64,2.269185314213022,19800,6,1,blockRG,moment_mean,-0.01689569465816021
L=64 i2_stride8h32_nr2_b16 (P2.x D64 ★),data/64Ising_T2.269_hsBignet_i2_stride8h32_nr2_b16,64,2.269185314213022,19800,6,1,blockRG,moment_std,2.267432689666748
L=64 i2_stride8h32_nr2_b16 (P2.x D64 ★),data/64Ising_T2.269_hsBignet_i2_stride8h32_nr2_b16,64,2.269185314213022,19800,6,1,blockRG,moment_var,5.141251087188721
L=64 i2_stride8h32_nr2_b16 (P2.x D64 ★),data/64Ising_T2.269_hsBignet_i2_stride8h32_nr2_b16,64,2.269185314213022,19800,6,1,blockRG,moment_kurtosis,-1.846679190382867
L=64 i2_stride8h32_nr2_b16 (P2.x D64 ★),data/64Ising_T2.269_hsBignet_i2_stride8h32_nr2_b16,64,2.269185314213022,19800,6,1,blockRG,moment_skew,0.006558048042675441
L=64 i2_stride8h32_nr2_b16 (P2.x D64 ★),data/64Ising_T2.269_hsBignet_i2_stride8h32_nr2_b16,64,2.269185314213022,19800,0,64,cross,v5_ks,0.003970000000000001
L=64 i2_stride8h32_nr2_b16 (P2.x D64 ★),data/64Ising_T2.269_hsBignet_i2_stride8h32_nr2_b16,64,2.269185314213022,19800,0,64,cross,v5_w1,0.009729056270474028
L=64 i2_stride8h32_nr2_b16 (P2.x D64 ★),data/64Ising_T2.269_hsBignet_i2_stride8h32_nr2_b16,64,2.269185314213022,19800,0,64,cross,v5_rms_g,0.0
L=64 i2_stride8h32_nr2_b16 (P2.x D64 ★),data/64Ising_T2.269_hsBignet_i2_stride8h32_nr2_b16,64,2.269185314213022,19800,1,32,cross,v5_ks,0.08655499999999999
L=64 i2_stride8h32_nr2_b16 (P2.x D64 ★),data/64Ising_T2.269_hsBignet_i2_stride8h32_nr2_b16,64,2.269185314213022,19800,1,32,cross,v5_w1,0.15077071292554176
L=64 i2_stride8h32_nr2_b16 (P2.x D64 ★),data/64Ising_T2.269_hsBignet_i2_stride8h32_nr2_b16,64,2.269185314213022,19800,1,32,cross,v5_rms_g,0.12668544054031372
L=64 i2_stride8h32_nr2_b16 (P2.x D64 ★),data/64Ising_T2.269_hsBignet_i2_stride8h32_nr2_b16,64,2.269185314213022,19800,2,16,cross,v5_ks,0.14326000000000005
L=64 i2_stride8h32_nr2_b16 (P2.x D64 ★),data/64Ising_T2.269_hsBignet_i2_stride8h32_nr2_b16,64,2.269185314213022,19800,2,16,cross,v5_w1,0.2973337677866148
L=64 i2_stride8h32_nr2_b16 (P2.x D64 ★),data/64Ising_T2.269_hsBignet_i2_stride8h32_nr2_b16,64,2.269185314213022,19800,2,16,cross,v5_rms_g,0.43056991696357727
L=64 i2_stride8h32_nr2_b16 (P2.x D64 ★),data/64Ising_T2.269_hsBignet_i2_stride8h32_nr2_b16,64,2.269185314213022,19800,3,8,cross,v5_ks,0.1578281250000001
L=64 i2_stride8h32_nr2_b16 (P2.x D64 ★),data/64Ising_T2.269_hsBignet_i2_stride8h32_nr2_b16,64,2.269185314213022,19800,3,8,cross,v5_w1,0.32503192381683155
L=64 i2_stride8h32_nr2_b16 (P2.x D64 ★),data/64Ising_T2.269_hsBignet_i2_stride8h32_nr2_b16,64,2.269185314213022,19800,3,8,cross,v5_rms_g,0.409885436296463
L=64 i2_stride8h32_nr2_b16 (P2.x D64 ★),data/64Ising_T2.269_hsBignet_i2_stride8h32_nr2_b16,64,2.269185314213022,19800,4,4,cross,v5_ks,0.16803125000000008
L=64 i2_stride8h32_nr2_b16 (P2.x D64 ★),data/64Ising_T2.269_hsBignet_i2_stride8h32_nr2_b16,64,2.269185314213022,19800,4,4,cross,v5_w1,0.3462153468361686
L=64 i2_stride8h32_nr2_b16 (P2.x D64 ★),data/64Ising_T2.269_hsBignet_i2_stride8h32_nr2_b16,64,2.269185314213022,19800,4,4,cross,v5_rms_g,0.5131378173828125
L=64 i2_stride8h32_nr2_b16 (P2.x D64 ★),data/64Ising_T2.269_hsBignet_i2_stride8h32_nr2_b16,64,2.269185314213022,19800,5,2,cross,v5_ks,0.190375
L=64 i2_stride8h32_nr2_b16 (P2.x D64 ★),data/64Ising_T2.269_hsBignet_i2_stride8h32_nr2_b16,64,2.269185314213022,19800,5,2,cross,v5_w1,0.3748297897991279
L=64 i2_stride8h32_nr2_b16 (P2.x D64 ★),data/64Ising_T2.269_hsBignet_i2_stride8h32_nr2_b16,64,2.269185314213022,19800,5,2,cross,v5_rms_g,nan
L=64 i2_stride8h32_nr2_b16 (P2.x D64 ★),data/64Ising_T2.269_hsBignet_i2_stride8h32_nr2_b16,64,2.269185314213022,19800,6,1,cross,v5_ks,0.206
L=64 i2_stride8h32_nr2_b16 (P2.x D64 ★),data/64Ising_T2.269_hsBignet_i2_stride8h32_nr2_b16,64,2.269185314213022,19800,6,1,cross,v5_w1,0.39026424830278844
L=64 i2_stride8h32_nr2_b16 (P2.x D64 ★),data/64Ising_T2.269_hsBignet_i2_stride8h32_nr2_b16,64,2.269185314213022,19800,6,1,cross,v5_rms_g,nan
L=64 fixdil+VP-1e-3 nr=1 (champion ★),data/64Ising_T2.269_hsBignet_hcg_perscale_fixdil_vp1e-3_nr1_b16,64,2.269185314213022,14500,0,64,mera_subsampled,moment_mean,-0.01689569093286991
L=64 fixdil+VP-1e-3 nr=1 (champion ★),data/64Ising_T2.269_hsBignet_hcg_perscale_fixdil_vp1e-3_nr1_b16,64,2.269185314213022,14500,0,64,mera_subsampled,moment_std,3.5013132095336914
L=64 fixdil+VP-1e-3 nr=1 (champion ★),data/64Ising_T2.269_hsBignet_hcg_perscale_fixdil_vp1e-3_nr1_b16,64,2.269185314213022,14500,0,64,mera_subsampled,moment_var,12.259194374084473
L=64 fixdil+VP-1e-3 nr=1 (champion ★),data/64Ising_T2.269_hsBignet_hcg_perscale_fixdil_vp1e-3_nr1_b16,64,2.269185314213022,14500,0,64,mera_subsampled,moment_kurtosis,-1.3322957467744365
L=64 fixdil+VP-1e-3 nr=1 (champion ★),data/64Ising_T2.269_hsBignet_hcg_perscale_fixdil_vp1e-3_nr1_b16,64,2.269185314213022,14500,0,64,mera_subsampled,moment_skew,0.007592712038213583
L=64 fixdil+VP-1e-3 nr=1 (champion ★),data/64Ising_T2.269_hsBignet_hcg_perscale_fixdil_vp1e-3_nr1_b16,64,2.269185314213022,14500,1,32,mera_subsampled,moment_mean,1.1161916255950928
L=64 fixdil+VP-1e-3 nr=1 (champion ★),data/64Ising_T2.269_hsBignet_hcg_perscale_fixdil_vp1e-3_nr1_b16,64,2.269185314213022,14500,1,32,mera_subsampled,moment_std,3.4896271228790283
L=64 fixdil+VP-1e-3 nr=1 (champion ★),data/64Ising_T2.269_hsBignet_hcg_perscale_fixdil_vp1e-3_nr1_b16,64,2.269185314213022,14500,1,32,mera_subsampled,moment_var,12.177496910095215
L=64 fixdil+VP-1e-3 nr=1 (champion ★),data/64Ising_T2.269_hsBignet_hcg_perscale_fixdil_vp1e-3_nr1_b16,64,2.269185314213022,14500,1,32,mera_subsampled,moment_kurtosis,0.5466627689499868
L=64 fixdil+VP-1e-3 nr=1 (champion ★),data/64Ising_T2.269_hsBignet_hcg_perscale_fixdil_vp1e-3_nr1_b16,64,2.269185314213022,14500,1,32,mera_subsampled,moment_skew,-0.27557209621966716
L=64 fixdil+VP-1e-3 nr=1 (champion ★),data/64Ising_T2.269_hsBignet_hcg_perscale_fixdil_vp1e-3_nr1_b16,64,2.269185314213022,14500,2,16,mera_subsampled,moment_mean,1.6799627542495728
L=64 fixdil+VP-1e-3 nr=1 (champion ★),data/64Ising_T2.269_hsBignet_hcg_perscale_fixdil_vp1e-3_nr1_b16,64,2.269185314213022,14500,2,16,mera_subsampled,moment_std,3.2357358932495117
L=64 fixdil+VP-1e-3 nr=1 (champion ★),data/64Ising_T2.269_hsBignet_hcg_perscale_fixdil_vp1e-3_nr1_b16,64,2.269185314213022,14500,2,16,mera_subsampled,moment_var,10.469986915588379
L=64 fixdil+VP-1e-3 nr=1 (champion ★),data/64Ising_T2.269_hsBignet_hcg_perscale_fixdil_vp1e-3_nr1_b16,64,2.269185314213022,14500,2,16,mera_subsampled,moment_kurtosis,1.0310227720769962
L=64 fixdil+VP-1e-3 nr=1 (champion ★),data/64Ising_T2.269_hsBignet_hcg_perscale_fixdil_vp1e-3_nr1_b16,64,2.269185314213022,14500,2,16,mera_subsampled,moment_skew,0.13429377589997898
L=64 fixdil+VP-1e-3 nr=1 (champion ★),data/64Ising_T2.269_hsBignet_hcg_perscale_fixdil_vp1e-3_nr1_b16,64,2.269185314213022,14500,3,8,mera_subsampled,moment_mean,2.196906328201294
L=64 fixdil+VP-1e-3 nr=1 (champion ★),data/64Ising_T2.269_hsBignet_hcg_perscale_fixdil_vp1e-3_nr1_b16,64,2.269185314213022,14500,3,8,mera_subsampled,moment_std,2.943035125732422
L=64 fixdil+VP-1e-3 nr=1 (champion ★),data/64Ising_T2.269_hsBignet_hcg_perscale_fixdil_vp1e-3_nr1_b16,64,2.269185314213022,14500,3,8,mera_subsampled,moment_var,8.661456108093262
L=64 fixdil+VP-1e-3 nr=1 (champion ★),data/64Ising_T2.269_hsBignet_hcg_perscale_fixdil_vp1e-3_nr1_b16,64,2.269185314213022,14500,3,8,mera_subsampled,moment_kurtosis,1.0950362092320551
L=64 fixdil+VP-1e-3 nr=1 (champion ★),data/64Ising_T2.269_hsBignet_hcg_perscale_fixdil_vp1e-3_nr1_b16,64,2.269185314213022,14500,3,8,mera_subsampled,moment_skew,0.13578756035905817
L=64 fixdil+VP-1e-3 nr=1 (champion ★),data/64Ising_T2.269_hsBignet_hcg_perscale_fixdil_vp1e-3_nr1_b16,64,2.269185314213022,14500,4,4,mera_subsampled,moment_mean,2.295380115509033
L=64 fixdil+VP-1e-3 nr=1 (champion ★),data/64Ising_T2.269_hsBignet_hcg_perscale_fixdil_vp1e-3_nr1_b16,64,2.269185314213022,14500,4,4,mera_subsampled,moment_std,2.7446606159210205
L=64 fixdil+VP-1e-3 nr=1 (champion ★),data/64Ising_T2.269_hsBignet_hcg_perscale_fixdil_vp1e-3_nr1_b16,64,2.269185314213022,14500,4,4,mera_subsampled,moment_var,7.533161640167236
L=64 fixdil+VP-1e-3 nr=1 (champion ★),data/64Ising_T2.269_hsBignet_hcg_perscale_fixdil_vp1e-3_nr1_b16,64,2.269185314213022,14500,4,4,mera_subsampled,moment_kurtosis,0.8825426781532832
L=64 fixdil+VP-1e-3 nr=1 (champion ★),data/64Ising_T2.269_hsBignet_hcg_perscale_fixdil_vp1e-3_nr1_b16,64,2.269185314213022,14500,4,4,mera_subsampled,moment_skew,0.14436945053673492
L=64 fixdil+VP-1e-3 nr=1 (champion ★),data/64Ising_T2.269_hsBignet_hcg_perscale_fixdil_vp1e-3_nr1_b16,64,2.269185314213022,14500,5,2,mera_subsampled,moment_mean,1.8828085660934448
L=64 fixdil+VP-1e-3 nr=1 (champion ★),data/64Ising_T2.269_hsBignet_hcg_perscale_fixdil_vp1e-3_nr1_b16,64,2.269185314213022,14500,5,2,mera_subsampled,moment_std,2.122706651687622
L=64 fixdil+VP-1e-3 nr=1 (champion ★),data/64Ising_T2.269_hsBignet_hcg_perscale_fixdil_vp1e-3_nr1_b16,64,2.269185314213022,14500,5,2,mera_subsampled,moment_var,4.50588321685791
L=64 fixdil+VP-1e-3 nr=1 (champion ★),data/64Ising_T2.269_hsBignet_hcg_perscale_fixdil_vp1e-3_nr1_b16,64,2.269185314213022,14500,5,2,mera_subsampled,moment_kurtosis,0.7994092355294353
L=64 fixdil+VP-1e-3 nr=1 (champion ★),data/64Ising_T2.269_hsBignet_hcg_perscale_fixdil_vp1e-3_nr1_b16,64,2.269185314213022,14500,5,2,mera_subsampled,moment_skew,0.1947576003078026
L=64 fixdil+VP-1e-3 nr=1 (champion ★),data/64Ising_T2.269_hsBignet_hcg_perscale_fixdil_vp1e-3_nr1_b16,64,2.269185314213022,14500,6,1,mera_subsampled,moment_mean,1.4500956535339355
L=64 fixdil+VP-1e-3 nr=1 (champion ★),data/64Ising_T2.269_hsBignet_hcg_perscale_fixdil_vp1e-3_nr1_b16,64,2.269185314213022,14500,6,1,mera_subsampled,moment_std,1.473139762878418
L=64 fixdil+VP-1e-3 nr=1 (champion ★),data/64Ising_T2.269_hsBignet_hcg_perscale_fixdil_vp1e-3_nr1_b16,64,2.269185314213022,14500,6,1,mera_subsampled,moment_var,2.1701407432556152
L=64 fixdil+VP-1e-3 nr=1 (champion ★),data/64Ising_T2.269_hsBignet_hcg_perscale_fixdil_vp1e-3_nr1_b16,64,2.269185314213022,14500,6,1,mera_subsampled,moment_kurtosis,0.49468678263234134
L=64 fixdil+VP-1e-3 nr=1 (champion ★),data/64Ising_T2.269_hsBignet_hcg_perscale_fixdil_vp1e-3_nr1_b16,64,2.269185314213022,14500,6,1,mera_subsampled,moment_skew,0.18654285899853462
L=64 fixdil+VP-1e-3 nr=1 (champion ★),data/64Ising_T2.269_hsBignet_hcg_perscale_fixdil_vp1e-3_nr1_b16,64,2.269185314213022,14500,0,64,blockRG,moment_mean,-0.01689569093286991
L=64 fixdil+VP-1e-3 nr=1 (champion ★),data/64Ising_T2.269_hsBignet_hcg_perscale_fixdil_vp1e-3_nr1_b16,64,2.269185314213022,14500,0,64,blockRG,moment_std,3.5013132095336914
L=64 fixdil+VP-1e-3 nr=1 (champion ★),data/64Ising_T2.269_hsBignet_hcg_perscale_fixdil_vp1e-3_nr1_b16,64,2.269185314213022,14500,0,64,blockRG,moment_var,12.259194374084473
L=64 fixdil+VP-1e-3 nr=1 (champion ★),data/64Ising_T2.269_hsBignet_hcg_perscale_fixdil_vp1e-3_nr1_b16,64,2.269185314213022,14500,0,64,blockRG,moment_kurtosis,-1.3322957467744365
L=64 fixdil+VP-1e-3 nr=1 (champion ★),data/64Ising_T2.269_hsBignet_hcg_perscale_fixdil_vp1e-3_nr1_b16,64,2.269185314213022,14500,0,64,blockRG,moment_skew,0.007592712038213583
L=64 fixdil+VP-1e-3 nr=1 (champion ★),data/64Ising_T2.269_hsBignet_hcg_perscale_fixdil_vp1e-3_nr1_b16,64,2.269185314213022,14500,1,32,blockRG,moment_mean,-0.01689569465816021
L=64 fixdil+VP-1e-3 nr=1 (champion ★),data/64Ising_T2.269_hsBignet_hcg_perscale_fixdil_vp1e-3_nr1_b16,64,2.269185314213022,14500,1,32,blockRG,moment_std,3.1695361137390137
L=64 fixdil+VP-1e-3 nr=1 (champion ★),data/64Ising_T2.269_hsBignet_hcg_perscale_fixdil_vp1e-3_nr1_b16,64,2.269185314213022,14500,1,32,blockRG,moment_var,10.045958518981934
L=64 fixdil+VP-1e-3 nr=1 (champion ★),data/64Ising_T2.269_hsBignet_hcg_perscale_fixdil_vp1e-3_nr1_b16,64,2.269185314213022,14500,1,32,blockRG,moment_kurtosis,-1.5261650073356092
L=64 fixdil+VP-1e-3 nr=1 (champion ★),data/64Ising_T2.269_hsBignet_hcg_perscale_fixdil_vp1e-3_nr1_b16,64,2.269185314213022,14500,1,32,blockRG,moment_skew,0.008613123990872324
L=64 fixdil+VP-1e-3 nr=1 (champion ★),data/64Ising_T2.269_hsBignet_hcg_perscale_fixdil_vp1e-3_nr1_b16,64,2.269185314213022,14500,2,16,blockRG,moment_mean,-0.016895700246095657
L=64 fixdil+VP-1e-3 nr=1 (champion ★),data/64Ising_T2.269_hsBignet_hcg_perscale_fixdil_vp1e-3_nr1_b16,64,2.269185314213022,14500,2,16,blockRG,moment_std,2.8879222869873047
L=64 fixdil+VP-1e-3 nr=1 (champion ★),data/64Ising_T2.269_hsBignet_hcg_perscale_fixdil_vp1e-3_nr1_b16,64,2.269185314213022,14500,2,16,blockRG,moment_var,8.340094566345215
L=64 fixdil+VP-1e-3 nr=1 (champion ★),data/64Ising_T2.269_hsBignet_hcg_perscale_fixdil_vp1e-3_nr1_b16,64,2.269185314213022,14500,2,16,blockRG,moment_kurtosis,-1.641517030003369
L=64 fixdil+VP-1e-3 nr=1 (champion ★),data/64Ising_T2.269_hsBignet_hcg_perscale_fixdil_vp1e-3_nr1_b16,64,2.269185314213022,14500,2,16,blockRG,moment_skew,0.009944519520017259
L=64 fixdil+VP-1e-3 nr=1 (champion ★),data/64Ising_T2.269_hsBignet_hcg_perscale_fixdil_vp1e-3_nr1_b16,64,2.269185314213022,14500,3,8,blockRG,moment_mean,-0.016895702108740807
L=64 fixdil+VP-1e-3 nr=1 (champion ★),data/64Ising_T2.269_hsBignet_hcg_perscale_fixdil_vp1e-3_nr1_b16,64,2.269185314213022,14500,3,8,blockRG,moment_std,2.6576743125915527
L=64 fixdil+VP-1e-3 nr=1 (champion ★),data/64Ising_T2.269_hsBignet_hcg_perscale_fixdil_vp1e-3_nr1_b16,64,2.269185314213022,14500,3,8,blockRG,moment_var,7.063232421875
L=64 fixdil+VP-1e-3 nr=1 (champion ★),data/64Ising_T2.269_hsBignet_hcg_perscale_fixdil_vp1e-3_nr1_b16,64,2.269185314213022,14500,3,8,blockRG,moment_kurtosis,-1.6921270765079353
L=64 fixdil+VP-1e-3 nr=1 (champion ★),data/64Ising_T2.269_hsBignet_hcg_perscale_fixdil_vp1e-3_nr1_b16,64,2.269185314213022,14500,3,8,blockRG,moment_skew,0.011755510912779044
L=64 fixdil+VP-1e-3 nr=1 (champion ★),data/64Ising_T2.269_hsBignet_hcg_perscale_fixdil_vp1e-3_nr1_b16,64,2.269185314213022,14500,4,4,blockRG,moment_mean,-0.016895698383450508
L=64 fixdil+VP-1e-3 nr=1 (champion ★),data/64Ising_T2.269_hsBignet_hcg_perscale_fixdil_vp1e-3_nr1_b16,64,2.269185314213022,14500,4,4,blockRG,moment_std,2.472313165664673
L=64 fixdil+VP-1e-3 nr=1 (champion ★),data/64Ising_T2.269_hsBignet_hcg_perscale_fixdil_vp1e-3_nr1_b16,64,2.269185314213022,14500,4,4,blockRG,moment_var,6.112332344055176
L=64 fixdil+VP-1e-3 nr=1 (champion ★),data/64Ising_T2.269_hsBignet_hcg_perscale_fixdil_vp1e-3_nr1_b16,64,2.269185314213022,14500,4,4,blockRG,moment_kurtosis,-1.7318575697353762
L=64 fixdil+VP-1e-3 nr=1 (champion ★),data/64Ising_T2.269_hsBignet_hcg_perscale_fixdil_vp1e-3_nr1_b16,64,2.269185314213022,14500,4,4,blockRG,moment_skew,0.010836778896408076
L=64 fixdil+VP-1e-3 nr=1 (champion ★),data/64Ising_T2.269_hsBignet_hcg_perscale_fixdil_vp1e-3_nr1_b16,64,2.269185314213022,14500,5,2,blockRG,moment_mean,-0.016895702108740807
L=64 fixdil+VP-1e-3 nr=1 (champion ★),data/64Ising_T2.269_hsBignet_hcg_perscale_fixdil_vp1e-3_nr1_b16,64,2.269185314213022,14500,5,2,blockRG,moment_std,2.331963539123535
L=64 fixdil+VP-1e-3 nr=1 (champion ★),data/64Ising_T2.269_hsBignet_hcg_perscale_fixdil_vp1e-3_nr1_b16,64,2.269185314213022,14500,5,2,blockRG,moment_var,5.438053607940674
L=64 fixdil+VP-1e-3 nr=1 (champion ★),data/64Ising_T2.269_hsBignet_hcg_perscale_fixdil_vp1e-3_nr1_b16,64,2.269185314213022,14500,5,2,blockRG,moment_kurtosis,-1.7846850833554164
L=64 fixdil+VP-1e-3 nr=1 (champion ★),data/64Ising_T2.269_hsBignet_hcg_perscale_fixdil_vp1e-3_nr1_b16,64,2.269185314213022,14500,5,2,blockRG,moment_skew,0.01059472630841828
L=64 fixdil+VP-1e-3 nr=1 (champion ★),data/64Ising_T2.269_hsBignet_hcg_perscale_fixdil_vp1e-3_nr1_b16,64,2.269185314213022,14500,6,1,blockRG,moment_mean,-0.01689569465816021
L=64 fixdil+VP-1e-3 nr=1 (champion ★),data/64Ising_T2.269_hsBignet_hcg_perscale_fixdil_vp1e-3_nr1_b16,64,2.269185314213022,14500,6,1,blockRG,moment_std,2.267432689666748
L=64 fixdil+VP-1e-3 nr=1 (champion ★),data/64Ising_T2.269_hsBignet_hcg_perscale_fixdil_vp1e-3_nr1_b16,64,2.269185314213022,14500,6,1,blockRG,moment_var,5.141251087188721
L=64 fixdil+VP-1e-3 nr=1 (champion ★),data/64Ising_T2.269_hsBignet_hcg_perscale_fixdil_vp1e-3_nr1_b16,64,2.269185314213022,14500,6,1,blockRG,moment_kurtosis,-1.846679190382867
L=64 fixdil+VP-1e-3 nr=1 (champion ★),data/64Ising_T2.269_hsBignet_hcg_perscale_fixdil_vp1e-3_nr1_b16,64,2.269185314213022,14500,6,1,blockRG,moment_skew,0.006558048042675441
L=64 fixdil+VP-1e-3 nr=1 (champion ★),data/64Ising_T2.269_hsBignet_hcg_perscale_fixdil_vp1e-3_nr1_b16,64,2.269185314213022,14500,0,64,cross,v5_ks,0.003970000000000001
L=64 fixdil+VP-1e-3 nr=1 (champion ★),data/64Ising_T2.269_hsBignet_hcg_perscale_fixdil_vp1e-3_nr1_b16,64,2.269185314213022,14500,0,64,cross,v5_w1,0.009729056270474028
L=64 fixdil+VP-1e-3 nr=1 (champion ★),data/64Ising_T2.269_hsBignet_hcg_perscale_fixdil_vp1e-3_nr1_b16,64,2.269185314213022,14500,0,64,cross,v5_rms_g,0.0
L=64 fixdil+VP-1e-3 nr=1 (champion ★),data/64Ising_T2.269_hsBignet_hcg_perscale_fixdil_vp1e-3_nr1_b16,64,2.269185314213022,14500,1,32,cross,v5_ks,0.14407
L=64 fixdil+VP-1e-3 nr=1 (champion ★),data/64Ising_T2.269_hsBignet_hcg_perscale_fixdil_vp1e-3_nr1_b16,64,2.269185314213022,14500,1,32,cross,v5_w1,0.28205429671699017
L=64 fixdil+VP-1e-3 nr=1 (champion ★),data/64Ising_T2.269_hsBignet_hcg_perscale_fixdil_vp1e-3_nr1_b16,64,2.269185314213022,14500,1,32,cross,v5_rms_g,0.4632525146007538
L=64 fixdil+VP-1e-3 nr=1 (champion ★),data/64Ising_T2.269_hsBignet_hcg_perscale_fixdil_vp1e-3_nr1_b16,64,2.269185314213022,14500,2,16,cross,v5_ks,0.173955
L=64 fixdil+VP-1e-3 nr=1 (champion ★),data/64Ising_T2.269_hsBignet_hcg_perscale_fixdil_vp1e-3_nr1_b16,64,2.269185314213022,14500,2,16,cross,v5_w1,0.35405360858479906
L=64 fixdil+VP-1e-3 nr=1 (champion ★),data/64Ising_T2.269_hsBignet_hcg_perscale_fixdil_vp1e-3_nr1_b16,64,2.269185314213022,14500,2,16,cross,v5_rms_g,0.41684243083000183
L=64 fixdil+VP-1e-3 nr=1 (champion ★),data/64Ising_T2.269_hsBignet_hcg_perscale_fixdil_vp1e-3_nr1_b16,64,2.269185314213022,14500,3,8,cross,v5_ks,0.18410156249999998
L=64 fixdil+VP-1e-3 nr=1 (champion ★),data/64Ising_T2.269_hsBignet_hcg_perscale_fixdil_vp1e-3_nr1_b16,64,2.269185314213022,14500,3,8,cross,v5_w1,0.37435195508737107
L=64 fixdil+VP-1e-3 nr=1 (champion ★),data/64Ising_T2.269_hsBignet_hcg_perscale_fixdil_vp1e-3_nr1_b16,64,2.269185314213022,14500,3,8,cross,v5_rms_g,0.3513299226760864
L=64 fixdil+VP-1e-3 nr=1 (champion ★),data/64Ising_T2.269_hsBignet_hcg_perscale_fixdil_vp1e-3_nr1_b16,64,2.269185314213022,14500,4,4,cross,v5_ks,0.1915
L=64 fixdil+VP-1e-3 nr=1 (champion ★),data/64Ising_T2.269_hsBignet_hcg_perscale_fixdil_vp1e-3_nr1_b16,64,2.269185314213022,14500,4,4,cross,v5_w1,0.3892786408685723
L=64 fixdil+VP-1e-3 nr=1 (champion ★),data/64Ising_T2.269_hsBignet_hcg_perscale_fixdil_vp1e-3_nr1_b16,64,2.269185314213022,14500,4,4,cross,v5_rms_g,0.3513042628765106
L=64 fixdil+VP-1e-3 nr=1 (champion ★),data/64Ising_T2.269_hsBignet_hcg_perscale_fixdil_vp1e-3_nr1_b16,64,2.269185314213022,14500,5,2,cross,v5_ks,0.204625
L=64 fixdil+VP-1e-3 nr=1 (champion ★),data/64Ising_T2.269_hsBignet_hcg_perscale_fixdil_vp1e-3_nr1_b16,64,2.269185314213022,14500,5,2,cross,v5_w1,0.4083089105445561
L=64 fixdil+VP-1e-3 nr=1 (champion ★),data/64Ising_T2.269_hsBignet_hcg_perscale_fixdil_vp1e-3_nr1_b16,64,2.269185314213022,14500,5,2,cross,v5_rms_g,nan
L=64 fixdil+VP-1e-3 nr=1 (champion ★),data/64Ising_T2.269_hsBignet_hcg_perscale_fixdil_vp1e-3_nr1_b16,64,2.269185314213022,14500,6,1,cross,v5_ks,0.2235
L=64 fixdil+VP-1e-3 nr=1 (champion ★),data/64Ising_T2.269_hsBignet_hcg_perscale_fixdil_vp1e-3_nr1_b16,64,2.269185314213022,14500,6,1,cross,v5_w1,0.4329940677502745
L=64 fixdil+VP-1e-3 nr=1 (champion ★),data/64Ising_T2.269_hsBignet_hcg_perscale_fixdil_vp1e-3_nr1_b16,64,2.269185314213022,14500,6,1,cross,v5_rms_g,nan
